<?xml version="1.0"?>
<osm version="0.6" upload="false" generator="lanelet2">
  <node id="9610" visible="true" version="1" lat="49.9999325446" lon="9" />
  <node id="9611" visible="true" version="1" lat="49.9999325446" lon="9.00000697669" />
  <node id="9612" visible="true" version="1" lat="49.9999325446" lon="9.00001395339" />
  <node id="9613" visible="true" version="1" lat="49.9999325446" lon="9.00002093008" />
  <node id="9614" visible="true" version="1" lat="49.99993254459" lon="9.00002790678" />
  <node id="9615" visible="true" version="1" lat="49.99993254459" lon="9.00003488347" />
  <node id="9616" visible="true" version="1" lat="49.99993254459" lon="9.00004186017" />
  <node id="9617" visible="true" version="1" lat="49.99993254459" lon="9.00004883686" />
  <node id="9618" visible="true" version="1" lat="49.99993254458" lon="9.00005581356" />
  <node id="9619" visible="true" version="1" lat="49.99993254458" lon="9.00006279025" />
  <node id="9620" visible="true" version="1" lat="49.99993254458" lon="9.00006976695" />
  <node id="9621" visible="true" version="1" lat="49.99993254457" lon="9.00007674364" />
  <node id="9622" visible="true" version="1" lat="49.99993254457" lon="9.00008372034" />
  <node id="9623" visible="true" version="1" lat="49.99993254456" lon="9.00009069703" />
  <node id="9624" visible="true" version="1" lat="49.99993254456" lon="9.00009767372" />
  <node id="9625" visible="true" version="1" lat="49.99993254455" lon="9.00010465042" />
  <node id="9626" visible="true" version="1" lat="49.99993254454" lon="9.00011162711" />
  <node id="9627" visible="true" version="1" lat="49.99993254454" lon="9.00011860381" />
  <node id="9628" visible="true" version="1" lat="49.99993254453" lon="9.0001255805" />
  <node id="9629" visible="true" version="1" lat="49.99993254452" lon="9.0001325572" />
  <node id="9630" visible="true" version="1" lat="49.99993254451" lon="9.00013953389" />
  <node id="9631" visible="true" version="1" lat="49.99993254451" lon="9.00014651059" />
  <node id="9632" visible="true" version="1" lat="49.9999325445" lon="9.00015348728" />
  <node id="9633" visible="true" version="1" lat="49.99993254449" lon="9.00016046398" />
  <node id="9634" visible="true" version="1" lat="49.99993254448" lon="9.00016744067" />
  <node id="9635" visible="true" version="1" lat="49.99993254447" lon="9.00017441737" />
  <node id="9636" visible="true" version="1" lat="49.99993254446" lon="9.00018139406" />
  <node id="9637" visible="true" version="1" lat="49.99993254444" lon="9.00018837076" />
  <node id="9638" visible="true" version="1" lat="49.99993254443" lon="9.00019534745" />
  <node id="9639" visible="true" version="1" lat="49.99993254442" lon="9.00020232414" />
  <node id="9640" visible="true" version="1" lat="49.99993254441" lon="9.00020930084" />
  <node id="9641" visible="true" version="1" lat="49.9999325444" lon="9.00021627753" />
  <node id="9642" visible="true" version="1" lat="49.99993254438" lon="9.00022325423" />
  <node id="9643" visible="true" version="1" lat="49.99993254437" lon="9.00023023092" />
  <node id="9644" visible="true" version="1" lat="49.99993254436" lon="9.00023720762" />
  <node id="9645" visible="true" version="1" lat="49.99993254434" lon="9.00024418431" />
  <node id="9646" visible="true" version="1" lat="49.99993254433" lon="9.00025116101" />
  <node id="9647" visible="true" version="1" lat="49.99993254431" lon="9.0002581377" />
  <node id="9648" visible="true" version="1" lat="49.99993254429" lon="9.0002651144" />
  <node id="9649" visible="true" version="1" lat="49.99993254428" lon="9.00027209109" />
  <node id="9650" visible="true" version="1" lat="49.99993254426" lon="9.00027906779" />
  <node id="9651" visible="true" version="1" lat="49.99993254425" lon="9.00028604448" />
  <node id="9652" visible="true" version="1" lat="49.99993254423" lon="9.00029302117" />
  <node id="9653" visible="true" version="1" lat="49.99993254421" lon="9.00029999787" />
  <node id="9654" visible="true" version="1" lat="49.99993254419" lon="9.00030697456" />
  <node id="9655" visible="true" version="1" lat="49.99993254417" lon="9.00031395126" />
  <node id="9656" visible="true" version="1" lat="49.99993254415" lon="9.00032092795" />
  <node id="9657" visible="true" version="1" lat="49.99993254413" lon="9.00032790465" />
  <node id="9658" visible="true" version="1" lat="49.99993254411" lon="9.00033488134" />
  <node id="9659" visible="true" version="1" lat="49.99993254409" lon="9.00034185804" />
  <node id="9660" visible="true" version="1" lat="49.99993254407" lon="9.00034883473" />
  <node id="9661" visible="true" version="1" lat="49.99993254405" lon="9.00035581143" />
  <node id="9662" visible="true" version="1" lat="49.99993254403" lon="9.00036278812" />
  <node id="9663" visible="true" version="1" lat="49.99993254401" lon="9.00036976482" />
  <node id="9664" visible="true" version="1" lat="49.99993254399" lon="9.00037674151" />
  <node id="9665" visible="true" version="1" lat="49.99993254396" lon="9.00038371821" />
  <node id="9666" visible="true" version="1" lat="49.99993254394" lon="9.0003906949" />
  <node id="9667" visible="true" version="1" lat="49.99993254392" lon="9.00039767159" />
  <node id="9668" visible="true" version="1" lat="49.99993254389" lon="9.00040464829" />
  <node id="9669" visible="true" version="1" lat="49.99993254387" lon="9.00041162498" />
  <node id="9670" visible="true" version="1" lat="49.99993254384" lon="9.00041860168" />
  <node id="9671" visible="true" version="1" lat="49.99993254382" lon="9.00042557837" />
  <node id="9672" visible="true" version="1" lat="49.99993254379" lon="9.00043255507" />
  <node id="9673" visible="true" version="1" lat="49.99993254377" lon="9.00043953176" />
  <node id="9674" visible="true" version="1" lat="49.99993254374" lon="9.00044650846" />
  <node id="9675" visible="true" version="1" lat="49.99993254371" lon="9.00045348515" />
  <node id="9676" visible="true" version="1" lat="49.99993254368" lon="9.00046046185" />
  <node id="9677" visible="true" version="1" lat="49.99993254366" lon="9.00046743854" />
  <node id="9678" visible="true" version="1" lat="49.99993254363" lon="9.00047441524" />
  <node id="9679" visible="true" version="1" lat="49.9999325436" lon="9.00048139193" />
  <node id="9680" visible="true" version="1" lat="49.99993254357" lon="9.00048836862" />
  <node id="9681" visible="true" version="1" lat="49.99993254354" lon="9.00049534532" />
  <node id="9682" visible="true" version="1" lat="49.99993254351" lon="9.00050232201" />
  <node id="9683" visible="true" version="1" lat="49.99993254348" lon="9.00050929871" />
  <node id="9684" visible="true" version="1" lat="49.99993254345" lon="9.0005162754" />
  <node id="9685" visible="true" version="1" lat="49.99993254342" lon="9.0005232521" />
  <node id="9686" visible="true" version="1" lat="49.99993254339" lon="9.00053022879" />
  <node id="9687" visible="true" version="1" lat="49.99993254335" lon="9.00053720549" />
  <node id="9688" visible="true" version="1" lat="49.99993254332" lon="9.00054418218" />
  <node id="9689" visible="true" version="1" lat="49.99993254329" lon="9.00055115888" />
  <node id="9690" visible="true" version="1" lat="49.99993254326" lon="9.00055813557" />
  <node id="9691" visible="true" version="1" lat="49.99993254322" lon="9.00056511227" />
  <node id="9692" visible="true" version="1" lat="49.99993254319" lon="9.00057208896" />
  <node id="9693" visible="true" version="1" lat="49.99993254315" lon="9.00057906566" />
  <node id="9694" visible="true" version="1" lat="49.99993254312" lon="9.00058604235" />
  <node id="9695" visible="true" version="1" lat="49.99993254308" lon="9.00059301904" />
  <node id="9696" visible="true" version="1" lat="49.99993254305" lon="9.00059999574" />
  <node id="9697" visible="true" version="1" lat="49.99993254301" lon="9.00060697243" />
  <node id="9698" visible="true" version="1" lat="49.99993254297" lon="9.00061394913" />
  <node id="9699" visible="true" version="1" lat="49.99993254294" lon="9.00062092582" />
  <node id="9700" visible="true" version="1" lat="49.9999325429" lon="9.00062790252" />
  <node id="9701" visible="true" version="1" lat="49.99993254286" lon="9.00063487921" />
  <node id="9702" visible="true" version="1" lat="49.99993254282" lon="9.00064185591" />
  <node id="9703" visible="true" version="1" lat="49.99993254278" lon="9.0006488326" />
  <node id="9704" visible="true" version="1" lat="49.99993254274" lon="9.0006558093" />
  <node id="9705" visible="true" version="1" lat="49.9999325427" lon="9.00066278599" />
  <node id="9706" visible="true" version="1" lat="49.99993254266" lon="9.00066976269" />
  <node id="9707" visible="true" version="1" lat="49.99993254262" lon="9.00067673938" />
  <node id="9708" visible="true" version="1" lat="49.99993254258" lon="9.00068371607" />
  <node id="9709" visible="true" version="1" lat="49.99993254254" lon="9.00069069277" />
  <node id="9710" visible="true" version="1" lat="49.9999325425" lon="9.00069766946" />
  <node id="9711" visible="true" version="1" lat="49.99993254246" lon="9.00070464616" />
  <node id="9712" visible="true" version="1" lat="49.99993254242" lon="9.00071162285" />
  <node id="9713" visible="true" version="1" lat="49.99993254237" lon="9.00071859955" />
  <node id="9714" visible="true" version="1" lat="49.99993254233" lon="9.00072557624" />
  <node id="9715" visible="true" version="1" lat="49.99993254229" lon="9.00073255294" />
  <node id="9716" visible="true" version="1" lat="49.99993254224" lon="9.00073952963" />
  <node id="9717" visible="true" version="1" lat="49.9999325422" lon="9.00074650633" />
  <node id="9718" visible="true" version="1" lat="49.99993254215" lon="9.00075348302" />
  <node id="9719" visible="true" version="1" lat="49.99993254211" lon="9.00076045972" />
  <node id="9720" visible="true" version="1" lat="49.99993254206" lon="9.00076743641" />
  <node id="9721" visible="true" version="1" lat="49.99993254201" lon="9.00077441311" />
  <node id="9722" visible="true" version="1" lat="49.99993254197" lon="9.0007813898" />
  <node id="9723" visible="true" version="1" lat="49.99993254192" lon="9.00078836649" />
  <node id="9724" visible="true" version="1" lat="49.99993254187" lon="9.00079534319" />
  <node id="9725" visible="true" version="1" lat="49.99993254182" lon="9.00080231988" />
  <node id="9726" visible="true" version="1" lat="49.99993254178" lon="9.00080929658" />
  <node id="9727" visible="true" version="1" lat="49.99993254173" lon="9.00081627327" />
  <node id="9728" visible="true" version="1" lat="49.99993254168" lon="9.00082324997" />
  <node id="9729" visible="true" version="1" lat="49.99993254163" lon="9.00083022666" />
  <node id="9730" visible="true" version="1" lat="49.99993254158" lon="9.00083720336" />
  <node id="9731" visible="true" version="1" lat="49.99993254153" lon="9.00084418005" />
  <node id="9732" visible="true" version="1" lat="49.99993254148" lon="9.00085115675" />
  <node id="9733" visible="true" version="1" lat="49.99993254142" lon="9.00085813344" />
  <node id="9734" visible="true" version="1" lat="49.99993254137" lon="9.00086511014" />
  <node id="9735" visible="true" version="1" lat="49.99993254132" lon="9.00087208683" />
  <node id="9736" visible="true" version="1" lat="49.99993254127" lon="9.00087906352" />
  <node id="9737" visible="true" version="1" lat="49.99993254121" lon="9.00088604022" />
  <node id="9738" visible="true" version="1" lat="49.99993254116" lon="9.00089301691" />
  <node id="9739" visible="true" version="1" lat="49.99993254111" lon="9.00089999361" />
  <node id="9740" visible="true" version="1" lat="49.99993254105" lon="9.0009069703" />
  <node id="9741" visible="true" version="1" lat="49.999932541" lon="9.000913947" />
  <node id="9742" visible="true" version="1" lat="49.99993254094" lon="9.00092092369" />
  <node id="9743" visible="true" version="1" lat="49.99993254089" lon="9.00092790039" />
  <node id="9744" visible="true" version="1" lat="49.99993254083" lon="9.00093487708" />
  <node id="9745" visible="true" version="1" lat="49.99993254078" lon="9.00094185378" />
  <node id="9746" visible="true" version="1" lat="49.99993254072" lon="9.00094883047" />
  <node id="9747" visible="true" version="1" lat="49.99993254066" lon="9.00095580717" />
  <node id="9748" visible="true" version="1" lat="49.9999325406" lon="9.00096278386" />
  <node id="9749" visible="true" version="1" lat="49.99993254055" lon="9.00096976056" />
  <node id="9750" visible="true" version="1" lat="49.99993254049" lon="9.00097673725" />
  <node id="9751" visible="true" version="1" lat="49.99993254043" lon="9.00098371394" />
  <node id="9752" visible="true" version="1" lat="49.99993254037" lon="9.00099069064" />
  <node id="9753" visible="true" version="1" lat="49.99993254031" lon="9.00099766733" />
  <node id="9754" visible="true" version="1" lat="49.99993254025" lon="9.00100464403" />
  <node id="9755" visible="true" version="1" lat="49.99993254019" lon="9.00101162072" />
  <node id="9756" visible="true" version="1" lat="49.99993254013" lon="9.00101859742" />
  <node id="9757" visible="true" version="1" lat="49.99993254007" lon="9.00102557411" />
  <node id="9758" visible="true" version="1" lat="49.99993254" lon="9.00103255081" />
  <node id="9759" visible="true" version="1" lat="49.99993253994" lon="9.0010395275" />
  <node id="9760" visible="true" version="1" lat="49.99993253988" lon="9.0010465042" />
  <node id="9761" visible="true" version="1" lat="49.99993253982" lon="9.00105348089" />
  <node id="9762" visible="true" version="1" lat="49.99993253975" lon="9.00106045759" />
  <node id="9763" visible="true" version="1" lat="49.99993253969" lon="9.00106743428" />
  <node id="9764" visible="true" version="1" lat="49.99993253962" lon="9.00107441097" />
  <node id="9765" visible="true" version="1" lat="49.99993253956" lon="9.00108138767" />
  <node id="9766" visible="true" version="1" lat="49.99993253949" lon="9.00108836436" />
  <node id="9767" visible="true" version="1" lat="49.99993253943" lon="9.00109534106" />
  <node id="9768" visible="true" version="1" lat="49.99993253936" lon="9.00110231775" />
  <node id="9769" visible="true" version="1" lat="49.9999325393" lon="9.00110929445" />
  <node id="9770" visible="true" version="1" lat="49.99993253923" lon="9.00111627114" />
  <node id="9771" visible="true" version="1" lat="49.99993253916" lon="9.00112324784" />
  <node id="9772" visible="true" version="1" lat="49.99993253909" lon="9.00113022453" />
  <node id="9773" visible="true" version="1" lat="49.99993253903" lon="9.00113720123" />
  <node id="9774" visible="true" version="1" lat="49.99993253896" lon="9.00114417792" />
  <node id="9775" visible="true" version="1" lat="49.99993253889" lon="9.00115115462" />
  <node id="9776" visible="true" version="1" lat="49.99993253882" lon="9.00115813131" />
  <node id="9777" visible="true" version="1" lat="49.99993253875" lon="9.00116510801" />
  <node id="9778" visible="true" version="1" lat="49.99993253868" lon="9.0011720847" />
  <node id="9779" visible="true" version="1" lat="49.99993253861" lon="9.00117906139" />
  <node id="9780" visible="true" version="1" lat="49.99993253854" lon="9.00118603809" />
  <node id="9781" visible="true" version="1" lat="49.99993253846" lon="9.00119301478" />
  <node id="9782" visible="true" version="1" lat="49.99993253839" lon="9.00119999148" />
  <node id="9783" visible="true" version="1" lat="49.99993253832" lon="9.00120696817" />
  <node id="9784" visible="true" version="1" lat="49.99993253825" lon="9.00121394487" />
  <node id="9785" visible="true" version="1" lat="49.99993253817" lon="9.00122092156" />
  <node id="9786" visible="true" version="1" lat="49.9999325381" lon="9.00122789826" />
  <node id="9787" visible="true" version="1" lat="49.99993253803" lon="9.00123487495" />
  <node id="9788" visible="true" version="1" lat="49.99993253795" lon="9.00124185165" />
  <node id="9789" visible="true" version="1" lat="49.99993253788" lon="9.00124882834" />
  <node id="9790" visible="true" version="1" lat="49.9999325378" lon="9.00125580504" />
  <node id="9791" visible="true" version="1" lat="49.99993253773" lon="9.00126278173" />
  <node id="9792" visible="true" version="1" lat="49.99993253765" lon="9.00126975842" />
  <node id="9793" visible="true" version="1" lat="49.99993253757" lon="9.00127673512" />
  <node id="9794" visible="true" version="1" lat="49.9999325375" lon="9.00128371181" />
  <node id="9795" visible="true" version="1" lat="49.99993253742" lon="9.00129068851" />
  <node id="9796" visible="true" version="1" lat="49.99993253734" lon="9.0012976652" />
  <node id="9797" visible="true" version="1" lat="49.99993253726" lon="9.0013046419" />
  <node id="9798" visible="true" version="1" lat="49.99993253718" lon="9.00131161859" />
  <node id="9799" visible="true" version="1" lat="49.99993253711" lon="9.00131859529" />
  <node id="9800" visible="true" version="1" lat="49.99993253703" lon="9.00132557198" />
  <node id="9801" visible="true" version="1" lat="49.99993253695" lon="9.00133254868" />
  <node id="9802" visible="true" version="1" lat="49.99993253687" lon="9.00133952537" />
  <node id="9803" visible="true" version="1" lat="49.99993253679" lon="9.00134650207" />
  <node id="9804" visible="true" version="1" lat="49.9999325367" lon="9.00135347876" />
  <node id="9805" visible="true" version="1" lat="49.99993253662" lon="9.00136045546" />
  <node id="9806" visible="true" version="1" lat="49.99993253654" lon="9.00136743215" />
  <node id="9807" visible="true" version="1" lat="49.99993253646" lon="9.00137440884" />
  <node id="9808" visible="true" version="1" lat="49.99993253638" lon="9.00138138554" />
  <node id="9809" visible="true" version="1" lat="49.99993253629" lon="9.00138836223" />
  <node id="9810" visible="true" version="1" lat="49.99993253621" lon="9.00139533893" />
  <node id="9811" visible="true" version="1" lat="49.99993253621" lon="9.00139533893" />
  <node id="9812" visible="true" version="1" lat="49.99993253641" lon="9.00140257718" />
  <node id="9813" visible="true" version="1" lat="49.99993253748" lon="9.00140981544" />
  <node id="9814" visible="true" version="1" lat="49.99993253987" lon="9.00141705369" />
  <node id="9815" visible="true" version="1" lat="49.99993254403" lon="9.00142429194" />
  <node id="9816" visible="true" version="1" lat="49.99993255041" lon="9.00143153019" />
  <node id="9817" visible="true" version="1" lat="49.99993255946" lon="9.00143876843" />
  <node id="9818" visible="true" version="1" lat="49.99993257162" lon="9.00144600666" />
  <node id="9819" visible="true" version="1" lat="49.99993258736" lon="9.00145324488" />
  <node id="9820" visible="true" version="1" lat="49.99993260712" lon="9.00146048307" />
  <node id="9821" visible="true" version="1" lat="49.99993263134" lon="9.00146772122" />
  <node id="9822" visible="true" version="1" lat="49.99993266049" lon="9.00147495934" />
  <node id="9823" visible="true" version="1" lat="49.999932695" lon="9.00148219739" />
  <node id="9824" visible="true" version="1" lat="49.99993273533" lon="9.00148943538" />
  <node id="9825" visible="true" version="1" lat="49.99993278192" lon="9.00149667327" />
  <node id="9826" visible="true" version="1" lat="49.99993283523" lon="9.00150391105" />
  <node id="9827" visible="true" version="1" lat="49.99993289571" lon="9.0015111487" />
  <node id="9828" visible="true" version="1" lat="49.9999329638" lon="9.00151838618" />
  <node id="9829" visible="true" version="1" lat="49.99993303996" lon="9.00152562347" />
  <node id="9830" visible="true" version="1" lat="49.99993312463" lon="9.00153286053" />
  <node id="9831" visible="true" version="1" lat="49.99993321827" lon="9.00154009733" />
  <node id="9832" visible="true" version="1" lat="49.99993332132" lon="9.00154733382" />
  <node id="9833" visible="true" version="1" lat="49.99993343423" lon="9.00155456995" />
  <node id="9834" visible="true" version="1" lat="49.99993355745" lon="9.00156180568" />
  <node id="9835" visible="true" version="1" lat="49.99993369144" lon="9.00156904095" />
  <node id="9836" visible="true" version="1" lat="49.99993383663" lon="9.0015762757" />
  <node id="9837" visible="true" version="1" lat="49.99993399348" lon="9.00158350986" />
  <node id="9838" visible="true" version="1" lat="49.99993416243" lon="9.00159074336" />
  <node id="9839" visible="true" version="1" lat="49.99993434394" lon="9.00159797614" />
  <node id="9840" visible="true" version="1" lat="49.99993453845" lon="9.0016052081" />
  <node id="9841" visible="true" version="1" lat="49.99993474642" lon="9.00161243916" />
  <node id="9842" visible="true" version="1" lat="49.99993496827" lon="9.00161966922" />
  <node id="9843" visible="true" version="1" lat="49.99993520448" lon="9.00162689819" />
  <node id="9844" visible="true" version="1" lat="49.99993545547" lon="9.00163412596" />
  <node id="9845" visible="true" version="1" lat="49.9999357217" lon="9.00164135242" />
  <node id="9846" visible="true" version="1" lat="49.99993600362" lon="9.00164857745" />
  <node id="9847" visible="true" version="1" lat="49.99993630166" lon="9.00165580091" />
  <node id="9848" visible="true" version="1" lat="49.99993661628" lon="9.00166302269" />
  <node id="9849" visible="true" version="1" lat="49.99993694792" lon="9.00167024263" />
  <node id="9850" visible="true" version="1" lat="49.99993729702" lon="9.00167746059" />
  <node id="9851" visible="true" version="1" lat="49.99993766403" lon="9.00168467642" />
  <node id="9852" visible="true" version="1" lat="49.99993804939" lon="9.00169188994" />
  <node id="9853" visible="true" version="1" lat="49.99993845354" lon="9.00169910098" />
  <node id="9854" visible="true" version="1" lat="49.99993887692" lon="9.00170630937" />
  <node id="9855" visible="true" version="1" lat="49.99993931997" lon="9.00171351491" />
  <node id="9856" visible="true" version="1" lat="49.99993978314" lon="9.0017207174" />
  <node id="9857" visible="true" version="1" lat="49.99994026685" lon="9.00172791665" />
  <node id="9858" visible="true" version="1" lat="49.99994077156" lon="9.00173511242" />
  <node id="9859" visible="true" version="1" lat="49.99994129769" lon="9.0017423045" />
  <node id="9860" visible="true" version="1" lat="49.99994184568" lon="9.00174949265" />
  <node id="9861" visible="true" version="1" lat="49.99994241596" lon="9.00175667662" />
  <node id="9862" visible="true" version="1" lat="49.99994241596" lon="9.00175667662" />
  <node id="9863" visible="true" version="1" lat="49.99994303056" lon="9.00176411571" />
  <node id="9864" visible="true" version="1" lat="49.99994366912" lon="9.00177154993" />
  <node id="9865" visible="true" version="1" lat="49.99994433163" lon="9.00177897911" />
  <node id="9866" visible="true" version="1" lat="49.99994501807" lon="9.00178640306" />
  <node id="9867" visible="true" version="1" lat="49.99994572843" lon="9.00179382159" />
  <node id="9868" visible="true" version="1" lat="49.99994646269" lon="9.00180123452" />
  <node id="9869" visible="true" version="1" lat="49.99994722084" lon="9.00180864166" />
  <node id="9870" visible="true" version="1" lat="49.99994800284" lon="9.00181604282" />
  <node id="9871" visible="true" version="1" lat="49.99994880869" lon="9.00182343783" />
  <node id="9872" visible="true" version="1" lat="49.99994963836" lon="9.00183082649" />
  <node id="9873" visible="true" version="1" lat="49.99995049183" lon="9.00183820863" />
  <node id="9874" visible="true" version="1" lat="49.99995136909" lon="9.00184558405" />
  <node id="9875" visible="true" version="1" lat="49.9999522701" lon="9.00185295258" />
  <node id="9876" visible="true" version="1" lat="49.99995319485" lon="9.00186031403" />
  <node id="9877" visible="true" version="1" lat="49.99995414331" lon="9.00186766821" />
  <node id="9878" visible="true" version="1" lat="49.99995511546" lon="9.00187501494" />
  <node id="9879" visible="true" version="1" lat="49.99995611127" lon="9.00188235404" />
  <node id="9880" visible="true" version="1" lat="49.99995713073" lon="9.00188968533" />
  <node id="9881" visible="true" version="1" lat="49.9999581738" lon="9.00189700861" />
  <node id="9882" visible="true" version="1" lat="49.99995924046" lon="9.00190432371" />
  <node id="9883" visible="true" version="1" lat="49.99996033068" lon="9.00191163045" />
  <node id="9884" visible="true" version="1" lat="49.99996144443" lon="9.00191892864" />
  <node id="9885" visible="true" version="1" lat="49.99996258169" lon="9.0019262181" />
  <node id="9886" visible="true" version="1" lat="49.99996374243" lon="9.00193349865" />
  <node id="9887" visible="true" version="1" lat="49.99996492662" lon="9.0019407701" />
  <node id="9888" visible="true" version="1" lat="49.99996613423" lon="9.00194803228" />
  <node id="9889" visible="true" version="1" lat="49.99996736523" lon="9.00195528499" />
  <node id="9890" visible="true" version="1" lat="49.99996861959" lon="9.00196252807" />
  <node id="9891" visible="true" version="1" lat="49.99996989727" lon="9.00196976133" />
  <node id="9892" visible="true" version="1" lat="49.99997119825" lon="9.00197698459" />
  <node id="9893" visible="true" version="1" lat="49.9999725225" lon="9.00198419767" />
  <node id="9894" visible="true" version="1" lat="49.99997386997" lon="9.00199140038" />
  <node id="9895" visible="true" version="1" lat="49.99997524064" lon="9.00199859255" />
  <node id="9896" visible="true" version="1" lat="49.99997663447" lon="9.002005774" />
  <node id="9897" visible="true" version="1" lat="49.99997805143" lon="9.00201294455" />
  <node id="9898" visible="true" version="1" lat="49.99997949148" lon="9.00202010402" />
  <node id="9899" visible="true" version="1" lat="49.99998095458" lon="9.00202725223" />
  <node id="9900" visible="true" version="1" lat="49.99998244071" lon="9.002034389" />
  <node id="9901" visible="true" version="1" lat="49.99998394982" lon="9.00204151416" />
  <node id="9902" visible="true" version="1" lat="49.99998548187" lon="9.00204862752" />
  <node id="9903" visible="true" version="1" lat="49.99998703682" lon="9.00205572891" />
  <node id="9904" visible="true" version="1" lat="49.99998861465" lon="9.00206281814" />
  <node id="9905" visible="true" version="1" lat="49.9999902153" lon="9.00206989505" />
  <node id="9906" visible="true" version="1" lat="49.99999183874" lon="9.00207695946" />
  <node id="9907" visible="true" version="1" lat="49.99999348492" lon="9.00208401118" />
  <node id="9908" visible="true" version="1" lat="49.99999515382" lon="9.00209105005" />
  <node id="9909" visible="true" version="1" lat="49.99999684537" lon="9.00209807589" />
  <node id="9910" visible="true" version="1" lat="49.99999855955" lon="9.00210508851" />
  <node id="9911" visible="true" version="1" lat="50.0000002963" lon="9.00211208776" />
  <node id="9912" visible="true" version="1" lat="50.0000020556" lon="9.00211907344" />
  <node id="9913" visible="true" version="1" lat="50.00000383738" lon="9.00212604539" />
  <node id="9914" visible="true" version="1" lat="50.00000564161" lon="9.00213300343" />
  <node id="9915" visible="true" version="1" lat="50.00000746824" lon="9.00213994739" />
  <node id="9916" visible="true" version="1" lat="50.00000931723" lon="9.00214687709" />
  <node id="9917" visible="true" version="1" lat="50.00001118853" lon="9.00215379237" />
  <node id="9918" visible="true" version="1" lat="50.00001308209" lon="9.00216069304" />
  <node id="9919" visible="true" version="1" lat="50.00001499787" lon="9.00216757894" />
  <node id="9920" visible="true" version="1" lat="50.00001693582" lon="9.0021744499" />
  <node id="9921" visible="true" version="1" lat="50.00001889588" lon="9.00218130573" />
  <node id="9922" visible="true" version="1" lat="50.00002087802" lon="9.00218814628" />
  <node id="9923" visible="true" version="1" lat="50.00002288218" lon="9.00219497137" />
  <node id="9924" visible="true" version="1" lat="50.00002490831" lon="9.00220178082" />
  <node id="9925" visible="true" version="1" lat="50.00002695635" lon="9.00220857448" />
  <node id="9926" visible="true" version="1" lat="50.00002902627" lon="9.00221535216" />
  <node id="9927" visible="true" version="1" lat="50.00003111801" lon="9.0022221137" />
  <node id="9928" visible="true" version="1" lat="50.00003323151" lon="9.00222885894" />
  <node id="9929" visible="true" version="1" lat="50.00003536672" lon="9.00223558769" />
  <node id="9930" visible="true" version="1" lat="50.00003752359" lon="9.0022422998" />
  <node id="9931" visible="true" version="1" lat="50.00003970207" lon="9.00224899509" />
  <node id="9932" visible="true" version="1" lat="50.00004190209" lon="9.00225567341" />
  <node id="9933" visible="true" version="1" lat="50.00004412361" lon="9.00226233457" />
  <node id="9934" visible="true" version="1" lat="50.00004636658" lon="9.00226897842" />
  <node id="9935" visible="true" version="1" lat="50.00004863092" lon="9.00227560479" />
  <node id="9936" visible="true" version="1" lat="50.00005091659" lon="9.00228221351" />
  <node id="9937" visible="true" version="1" lat="50.00005322354" lon="9.00228880442" />
  <node id="9938" visible="true" version="1" lat="50.00005555169" lon="9.00229537736" />
  <node id="9939" visible="true" version="1" lat="50.000057901" lon="9.00230193215" />
  <node id="9940" visible="true" version="1" lat="50.00006027141" lon="9.00230846863" />
  <node id="9941" visible="true" version="1" lat="50.00006266285" lon="9.00231498665" />
  <node id="9942" visible="true" version="1" lat="50.00006507527" lon="9.00232148604" />
  <node id="9943" visible="true" version="1" lat="50.0000675086" lon="9.00232796664" />
  <node id="9944" visible="true" version="1" lat="50.00006996279" lon="9.00233442827" />
  <node id="9945" visible="true" version="1" lat="50.00007243777" lon="9.0023408708" />
  <node id="9946" visible="true" version="1" lat="50.00007493349" lon="9.00234729404" />
  <node id="9947" visible="true" version="1" lat="50.00007744987" lon="9.00235369784" />
  <node id="9948" visible="true" version="1" lat="50.00007998687" lon="9.00236008205" />
  <node id="9949" visible="true" version="1" lat="50.0000825444" lon="9.00236644649" />
  <node id="9950" visible="true" version="1" lat="50.00008512242" lon="9.00237279102" />
  <node id="9951" visible="true" version="1" lat="50.00008772085" lon="9.00237911547" />
  <node id="9952" visible="true" version="1" lat="50.00009033963" lon="9.00238541969" />
  <node id="9953" visible="true" version="1" lat="50.00009297869" lon="9.00239170352" />
  <node id="9954" visible="true" version="1" lat="50.00009563797" lon="9.0023979668" />
  <node id="9955" visible="true" version="1" lat="50.00009831741" lon="9.00240420937" />
  <node id="9956" visible="true" version="1" lat="50.00010101693" lon="9.00241043108" />
  <node id="9957" visible="true" version="1" lat="50.00010373647" lon="9.00241663177" />
  <node id="9958" visible="true" version="1" lat="50.00010647595" lon="9.00242281129" />
  <node id="9959" visible="true" version="1" lat="50.00010923532" lon="9.00242896948" />
  <node id="9960" visible="true" version="1" lat="50.0001120145" lon="9.00243510619" />
  <node id="9961" visible="true" version="1" lat="50.00011481343" lon="9.00244122127" />
  <node id="9962" visible="true" version="1" lat="50.00011763203" lon="9.00244731456" />
  <node id="9963" visible="true" version="1" lat="50.00012047022" lon="9.00245338592" />
  <node id="9964" visible="true" version="1" lat="50.00012332795" lon="9.00245943518" />
  <node id="9965" visible="true" version="1" lat="50.00012620515" lon="9.0024654622" />
  <node id="9966" visible="true" version="1" lat="50.00012910172" lon="9.00247146682" />
  <node id="9967" visible="true" version="1" lat="50.00013201762" lon="9.0024774489" />
  <node id="9968" visible="true" version="1" lat="50.00013495275" lon="9.00248340829" />
  <node id="9969" visible="true" version="1" lat="50.00013790706" lon="9.00248934484" />
  <node id="9970" visible="true" version="1" lat="50.00014088046" lon="9.0024952584" />
  <node id="9971" visible="true" version="1" lat="50.00014387288" lon="9.00250114882" />
  <node id="9972" visible="true" version="1" lat="50.00014688425" lon="9.00250701596" />
  <node id="9973" visible="true" version="1" lat="50.00014991449" lon="9.00251285966" />
  <node id="9974" visible="true" version="1" lat="50.00015296353" lon="9.00251867979" />
  <node id="9975" visible="true" version="1" lat="50.00015603128" lon="9.00252447619" />
  <node id="9976" visible="true" version="1" lat="50.00015911768" lon="9.00253024872" />
  <node id="9977" visible="true" version="1" lat="50.00016222264" lon="9.00253599724" />
  <node id="9978" visible="true" version="1" lat="50.00016534609" lon="9.00254172161" />
  <node id="9979" visible="true" version="1" lat="50.00016848795" lon="9.00254742167" />
  <node id="9980" visible="true" version="1" lat="50.00017164814" lon="9.0025530973" />
  <node id="9981" visible="true" version="1" lat="50.00017482658" lon="9.00255874834" />
  <node id="9982" visible="true" version="1" lat="50.00017802319" lon="9.00256437465" />
  <node id="9983" visible="true" version="1" lat="50.0001812379" lon="9.0025699761" />
  <node id="9984" visible="true" version="1" lat="50.00018447062" lon="9.00257555254" />
  <node id="9985" visible="true" version="1" lat="50.00018772127" lon="9.00258110384" />
  <node id="9986" visible="true" version="1" lat="50.00019098977" lon="9.00258662985" />
  <node id="9987" visible="true" version="1" lat="50.00019427604" lon="9.00259213044" />
  <node id="9988" visible="true" version="1" lat="50.00019758" lon="9.00259760548" />
  <node id="9989" visible="true" version="1" lat="50.00020090156" lon="9.00260305481" />
  <node id="9990" visible="true" version="1" lat="50.00020424064" lon="9.00260847831" />
  <node id="9991" visible="true" version="1" lat="50.00020759715" lon="9.00261387585" />
  <node id="9992" visible="true" version="1" lat="50.00021097102" lon="9.00261924728" />
  <node id="9993" visible="true" version="1" lat="50.00021436216" lon="9.00262459247" />
  <node id="9994" visible="true" version="1" lat="50.00021777049" lon="9.00262991129" />
  <node id="9995" visible="true" version="1" lat="50.00022119591" lon="9.00263520361" />
  <node id="9996" visible="true" version="1" lat="50.00022463834" lon="9.00264046929" />
  <node id="9997" visible="true" version="1" lat="50.00022809771" lon="9.00264570821" />
  <node id="9998" visible="true" version="1" lat="50.00023157391" lon="9.00265092022" />
  <node id="9999" visible="true" version="1" lat="50.00023506687" lon="9.00265610521" />
  <node id="10000" visible="true" version="1" lat="50.00023857649" lon="9.00266126303" />
  <node id="10001" visible="true" version="1" lat="50.0002421027" lon="9.00266639357" />
  <node id="10002" visible="true" version="1" lat="50.00024564539" lon="9.00267149669" />
  <node id="10003" visible="true" version="1" lat="50.00024920449" lon="9.00267657227" />
  <node id="10004" visible="true" version="1" lat="50.0002527799" lon="9.00268162018" />
  <node id="10005" visible="true" version="1" lat="50.00025637153" lon="9.00268664029" />
  <node id="10006" visible="true" version="1" lat="50.0002599793" lon="9.00269163247" />
  <node id="10007" visible="true" version="1" lat="50.00026360311" lon="9.00269659661" />
  <node id="10008" visible="true" version="1" lat="50.00026724287" lon="9.00270153258" />
  <node id="10009" visible="true" version="1" lat="50.0002708985" lon="9.00270644026" />
  <node id="10010" visible="true" version="1" lat="50.00027456989" lon="9.00271131952" />
  <node id="10011" visible="true" version="1" lat="50.00027825697" lon="9.00271617023" />
  <node id="10012" visible="true" version="1" lat="50.00028195963" lon="9.00272099229" />
  <node id="10013" visible="true" version="1" lat="50.00028567779" lon="9.00272578557" />
  <node id="10014" visible="true" version="1" lat="50.00028941135" lon="9.00273054994" />
  <node id="10015" visible="true" version="1" lat="50.00029316022" lon="9.0027352853" />
  <node id="10016" visible="true" version="1" lat="50.0002969243" lon="9.00273999151" />
  <node id="10017" visible="true" version="1" lat="50.0003007035" lon="9.00274466847" />
  <node id="10018" visible="true" version="1" lat="50.00030449772" lon="9.00274931606" />
  <node id="10019" visible="true" version="1" lat="50.00030830688" lon="9.00275393416" />
  <node id="10020" visible="true" version="1" lat="50.00031213088" lon="9.00275852265" />
  <node id="10021" visible="true" version="1" lat="50.00031596961" lon="9.00276308142" />
  <node id="10022" visible="true" version="1" lat="50.00031982299" lon="9.00276761036" />
  <node id="10023" visible="true" version="1" lat="50.00032369091" lon="9.00277210936" />
  <node id="10024" visible="true" version="1" lat="50.00032757329" lon="9.00277657829" />
  <node id="10025" visible="true" version="1" lat="50.00033147002" lon="9.00278101705" />
  <node id="10026" visible="true" version="1" lat="50.00033538101" lon="9.00278542553" />
  <node id="10027" visible="true" version="1" lat="50.00033930615" lon="9.00278980362" />
  <node id="10028" visible="true" version="1" lat="50.00034324536" lon="9.00279415121" />
  <node id="10029" visible="true" version="1" lat="50.00034719853" lon="9.00279846819" />
  <node id="10030" visible="true" version="1" lat="50.00035116556" lon="9.00280275445" />
  <node id="10031" visible="true" version="1" lat="50.00035514636" lon="9.00280700988" />
  <node id="10032" visible="true" version="1" lat="50.00035914082" lon="9.00281123438" />
  <node id="10033" visible="true" version="1" lat="50.00036314884" lon="9.00281542785" />
  <node id="10034" visible="true" version="1" lat="50.00036717033" lon="9.00281959017" />
  <node id="10035" visible="true" version="1" lat="50.00037120519" lon="9.00282372125" />
  <node id="10036" visible="true" version="1" lat="50.00037525331" lon="9.00282782097" />
  <node id="10037" visible="true" version="1" lat="50.00037931459" lon="9.00283188925" />
  <node id="10038" visible="true" version="1" lat="50.00038338893" lon="9.00283592597" />
  <node id="10039" visible="true" version="1" lat="50.00038747623" lon="9.00283993104" />
  <node id="10040" visible="true" version="1" lat="50.00039157638" lon="9.00284390435" />
  <node id="10041" visible="true" version="1" lat="50.00039568929" lon="9.00284784581" />
  <node id="10042" visible="true" version="1" lat="50.00039981485" lon="9.00285175531" />
  <node id="10043" visible="true" version="1" lat="50.00040395296" lon="9.00285563277" />
  <node id="10044" visible="true" version="1" lat="50.00040810351" lon="9.00285947807" />
  <node id="10045" visible="true" version="1" lat="50.00041226641" lon="9.00286329114" />
  <node id="10046" visible="true" version="1" lat="50.00041644154" lon="9.00286707186" />
  <node id="10047" visible="true" version="1" lat="50.0004206288" lon="9.00287082015" />
  <node id="10048" visible="true" version="1" lat="50.00042482809" lon="9.00287453592" />
  <node id="10049" visible="true" version="1" lat="50.00042903931" lon="9.00287821906" />
  <node id="10050" visible="true" version="1" lat="50.00043326234" lon="9.0028818695" />
  <node id="10051" visible="true" version="1" lat="50.00043749708" lon="9.00288548713" />
  <node id="10052" visible="true" version="1" lat="50.00044174343" lon="9.00288907186" />
  <node id="10053" visible="true" version="1" lat="50.00044600128" lon="9.00289262361" />
  <node id="10054" visible="true" version="1" lat="50.00045027052" lon="9.0028961423" />
  <node id="10055" visible="true" version="1" lat="50.00045455105" lon="9.00289962782" />
  <node id="10056" visible="true" version="1" lat="50.00045884276" lon="9.00290308009" />
  <node id="10057" visible="true" version="1" lat="50.00046314554" lon="9.00290649903" />
  <node id="10058" visible="true" version="1" lat="50.00046745929" lon="9.00290988455" />
  <node id="10059" visible="true" version="1" lat="50.00047178389" lon="9.00291323656" />
  <node id="10060" visible="true" version="1" lat="50.00047611924" lon="9.00291655499" />
  <node id="10061" visible="true" version="1" lat="50.00048046524" lon="9.00291983975" />
  <node id="10062" visible="true" version="1" lat="50.00048482176" lon="9.00292309076" />
  <node id="10063" visible="true" version="1" lat="50.00048918871" lon="9.00292630793" />
  <node id="10064" visible="true" version="1" lat="50.00049356597" lon="9.00292949119" />
  <node id="10065" visible="true" version="1" lat="50.00049795343" lon="9.00293264045" />
  <node id="10066" visible="true" version="1" lat="50.00050235099" lon="9.00293575564" />
  <node id="10067" visible="true" version="1" lat="50.00050675854" lon="9.00293883668" />
  <node id="10068" visible="true" version="1" lat="50.00051117596" lon="9.0029418835" />
  <node id="10069" visible="true" version="1" lat="50.00051560314" lon="9.002944896" />
  <node id="10070" visible="true" version="1" lat="50.00052003998" lon="9.00294787414" />
  <node id="10071" visible="true" version="1" lat="50.00052448635" lon="9.00295081781" />
  <node id="10072" visible="true" version="1" lat="50.00052894217" lon="9.00295372696" />
  <node id="10073" visible="true" version="1" lat="50.0005334073" lon="9.00295660151" />
  <node id="10074" visible="true" version="1" lat="50.00053788163" lon="9.00295944139" />
  <node id="10075" visible="true" version="1" lat="50.00054236507" lon="9.00296224652" />
  <node id="10076" visible="true" version="1" lat="50.00054685749" lon="9.00296501685" />
  <node id="10077" visible="true" version="1" lat="50.00055135878" lon="9.00296775229" />
  <node id="10078" visible="true" version="1" lat="50.00055586883" lon="9.00297045278" />
  <node id="10079" visible="true" version="1" lat="50.00056038753" lon="9.00297311825" />
  <node id="10080" visible="true" version="1" lat="50.00056491476" lon="9.00297574863" />
  <node id="10081" visible="true" version="1" lat="50.00056945041" lon="9.00297834387" />
  <node id="10082" visible="true" version="1" lat="50.00057399437" lon="9.00298090389" />
  <node id="10083" visible="true" version="1" lat="50.00057854653" lon="9.00298342863" />
  <node id="10084" visible="true" version="1" lat="50.00058310676" lon="9.00298591803" />
  <node id="10085" visible="true" version="1" lat="50.00058767496" lon="9.00298837203" />
  <node id="10086" visible="true" version="1" lat="50.00059225101" lon="9.00299079055" />
  <node id="10087" visible="true" version="1" lat="50.0005968348" lon="9.00299317356" />
  <node id="10088" visible="true" version="1" lat="50.00060142621" lon="9.00299552097" />
  <node id="10089" visible="true" version="1" lat="50.00060602513" lon="9.00299783274" />
  <node id="10090" visible="true" version="1" lat="50.00061063144" lon="9.00300010881" />
  <node id="10091" visible="true" version="1" lat="50.00061524503" lon="9.00300234912" />
  <node id="10092" visible="true" version="1" lat="50.00061986578" lon="9.00300455361" />
  <node id="10093" visible="true" version="1" lat="50.00062449358" lon="9.00300672223" />
  <node id="10094" visible="true" version="1" lat="50.00062912831" lon="9.00300885493" />
  <node id="10095" visible="true" version="1" lat="50.00063376985" lon="9.00301095165" />
  <node id="10096" visible="true" version="1" lat="50.0006384181" lon="9.00301301234" />
  <node id="10097" visible="true" version="1" lat="50.00064307293" lon="9.00301503694" />
  <node id="10098" visible="true" version="1" lat="50.00064773422" lon="9.00301702542" />
  <node id="10099" visible="true" version="1" lat="50.00065240186" lon="9.00301897771" />
  <node id="10100" visible="true" version="1" lat="50.00065707574" lon="9.00302089376" />
  <node id="10101" visible="true" version="1" lat="50.00066175574" lon="9.00302277354" />
  <node id="10102" visible="true" version="1" lat="50.00066644173" lon="9.003024617" />
  <node id="10103" visible="true" version="1" lat="50.00067113361" lon="9.00302642408" />
  <node id="10104" visible="true" version="1" lat="50.00067583125" lon="9.00302819474" />
  <node id="10105" visible="true" version="1" lat="50.00068053454" lon="9.00302992894" />
  <node id="10106" visible="true" version="1" lat="50.00068524336" lon="9.00303162664" />
  <node id="10107" visible="true" version="1" lat="50.00068995759" lon="9.00303328779" />
  <node id="10108" visible="true" version="1" lat="50.00069467712" lon="9.00303491235" />
  <node id="10109" visible="true" version="1" lat="50.00069940182" lon="9.00303650028" />
  <node id="10110" visible="true" version="1" lat="50.00070413159" lon="9.00303805154" />
  <node id="10111" visible="true" version="1" lat="50.00070886629" lon="9.00303956609" />
  <node id="10112" visible="true" version="1" lat="50.00071360581" lon="9.0030410439" />
  <node id="10113" visible="true" version="1" lat="50.00071835004" lon="9.00304248492" />
  <node id="10114" visible="true" version="1" lat="50.00072309886" lon="9.00304388912" />
  <node id="10115" visible="true" version="1" lat="50.00072785213" lon="9.00304525647" />
  <node id="10116" visible="true" version="1" lat="50.00073260976" lon="9.00304658693" />
  <node id="10117" visible="true" version="1" lat="50.00073737162" lon="9.00304788047" />
  <node id="10118" visible="true" version="1" lat="50.00074213758" lon="9.00304913706" />
  <node id="10119" visible="true" version="1" lat="50.00074690753" lon="9.00305035666" />
  <node id="10120" visible="true" version="1" lat="50.00075168136" lon="9.00305153924" />
  <node id="10121" visible="true" version="1" lat="50.00075645894" lon="9.00305268478" />
  <node id="10122" visible="true" version="1" lat="50.00076124014" lon="9.00305379324" />
  <node id="10123" visible="true" version="1" lat="50.00076602487" lon="9.0030548646" />
  <node id="10124" visible="true" version="1" lat="50.00077081298" lon="9.00305589883" />
  <node id="10125" visible="true" version="1" lat="50.00077560437" lon="9.00305689591" />
  <node id="10126" visible="true" version="1" lat="50.00078039891" lon="9.00305785581" />
  <node id="10127" visible="true" version="1" lat="50.00078519648" lon="9.0030587785" />
  <node id="10128" visible="true" version="1" lat="50.00078999697" lon="9.00305966397" />
  <node id="10129" visible="true" version="1" lat="50.00079480025" lon="9.00306051219" />
  <node id="10130" visible="true" version="1" lat="50.00079960621" lon="9.00306132314" />
  <node id="10131" visible="true" version="1" lat="50.00080441472" lon="9.0030620968" />
  <node id="10132" visible="true" version="1" lat="50.00080922566" lon="9.00306283314" />
  <node id="10133" visible="true" version="1" lat="50.00081403892" lon="9.00306353217" />
  <node id="10134" visible="true" version="1" lat="50.00081885437" lon="9.00306419384" />
  <node id="10135" visible="true" version="1" lat="50.00082367189" lon="9.00306481815" />
  <node id="10136" visible="true" version="1" lat="50.00082849136" lon="9.00306540509" />
  <node id="10137" visible="true" version="1" lat="50.00083331266" lon="9.00306595463" />
  <node id="10138" visible="true" version="1" lat="50.00083813568" lon="9.00306646677" />
  <node id="10139" visible="true" version="1" lat="50.00084296028" lon="9.00306694149" />
  <node id="10140" visible="true" version="1" lat="50.00084778636" lon="9.00306737877" />
  <node id="10141" visible="true" version="1" lat="50.00085261378" lon="9.00306777862" />
  <node id="10142" visible="true" version="1" lat="50.00085744243" lon="9.00306814101" />
  <node id="10143" visible="true" version="1" lat="50.00086227219" lon="9.00306846594" />
  <node id="10144" visible="true" version="1" lat="50.00086710294" lon="9.0030687534" />
  <node id="10145" visible="true" version="1" lat="50.00087193455" lon="9.00306900339" />
  <node id="10146" visible="true" version="1" lat="50.0008767669" lon="9.0030692159" />
  <node id="10147" visible="true" version="1" lat="50.00088159989" lon="9.00306939091" />
  <node id="10148" visible="true" version="1" lat="50.00088643337" lon="9.00306952844" />
  <node id="10149" visible="true" version="1" lat="50.00089126724" lon="9.00306962846" />
  <node id="10150" visible="true" version="1" lat="50.00089610137" lon="9.00306969099" />
  <node id="10151" visible="true" version="1" lat="50.00090093564" lon="9.00306971603" />
  <node id="10152" visible="true" version="1" lat="50.00090576993" lon="9.00306970356" />
  <node id="10153" visible="true" version="1" lat="50.00091060412" lon="9.00306965359" />
  <node id="10154" visible="true" version="1" lat="50.00091543809" lon="9.00306956612" />
  <node id="10155" visible="true" version="1" lat="50.00092027172" lon="9.00306944115" />
  <node id="10156" visible="true" version="1" lat="50.00092510488" lon="9.00306927869" />
  <node id="10157" visible="true" version="1" lat="50.00092993746" lon="9.00306907874" />
  <node id="10158" visible="true" version="1" lat="50.00093476934" lon="9.00306884131" />
  <node id="10159" visible="true" version="1" lat="50.00093960039" lon="9.0030685664" />
  <node id="10160" visible="true" version="1" lat="50.00094443049" lon="9.00306825401" />
  <node id="10161" visible="true" version="1" lat="50.00094925952" lon="9.00306790417" />
  <node id="10162" visible="true" version="1" lat="50.00095408737" lon="9.00306751686" />
  <node id="10163" visible="true" version="1" lat="50.00095891391" lon="9.00306709212" />
  <node id="10164" visible="true" version="1" lat="50.00096373902" lon="9.00306662993" />
  <node id="10165" visible="true" version="1" lat="50.00096856258" lon="9.00306613033" />
  <node id="10166" visible="true" version="1" lat="50.00097338447" lon="9.00306559331" />
  <node id="10167" visible="true" version="1" lat="50.00097820457" lon="9.00306501889" />
  <node id="10168" visible="true" version="1" lat="50.00098302276" lon="9.0030644071" />
  <node id="10169" visible="true" version="1" lat="50.00098783891" lon="9.00306375793" />
  <node id="10170" visible="true" version="1" lat="50.00099265292" lon="9.00306307141" />
  <node id="10171" visible="true" version="1" lat="50.00099746465" lon="9.00306234756" />
  <node id="10172" visible="true" version="1" lat="50.00100227399" lon="9.00306158639" />
  <node id="10173" visible="true" version="1" lat="50.00100708081" lon="9.00306078793" />
  <node id="10174" visible="true" version="1" lat="50.001011885" lon="9.00305995218" />
  <node id="10175" visible="true" version="1" lat="50.00101668644" lon="9.00305907918" />
  <node id="10176" visible="true" version="1" lat="50.001021485" lon="9.00305816895" />
  <node id="10177" visible="true" version="1" lat="50.00102628057" lon="9.0030572215" />
  <node id="10178" visible="true" version="1" lat="50.00103107303" lon="9.00305623687" />
  <node id="10179" visible="true" version="1" lat="50.00103586225" lon="9.00305521507" />
  <node id="10180" visible="true" version="1" lat="50.00104064812" lon="9.00305415613" />
  <node id="10181" visible="true" version="1" lat="50.00104543052" lon="9.00305306008" />
  <node id="10182" visible="true" version="1" lat="50.00105020933" lon="9.00305192695" />
  <node id="10183" visible="true" version="1" lat="50.00105498442" lon="9.00305075676" />
  <node id="10184" visible="true" version="1" lat="50.00105975569" lon="9.00304954955" />
  <node id="10185" visible="true" version="1" lat="50.001064523" lon="9.00304830533" />
  <node id="10186" visible="true" version="1" lat="50.00106928624" lon="9.00304702416" />
  <node id="10187" visible="true" version="1" lat="50.0010740453" lon="9.00304570605" />
  <node id="10188" visible="true" version="1" lat="50.00107880004" lon="9.00304435103" />
  <node id="10189" visible="true" version="1" lat="50.00108355037" lon="9.00304295916" />
  <node id="10190" visible="true" version="1" lat="50.00108829614" lon="9.00304153045" />
  <node id="10191" visible="true" version="1" lat="50.00109303725" lon="9.00304006494" />
  <node id="10192" visible="true" version="1" lat="50.00109777358" lon="9.00303856267" />
  <node id="10193" visible="true" version="1" lat="50.00110250501" lon="9.00303702368" />
  <node id="10194" visible="true" version="1" lat="50.00110723142" lon="9.00303544801" />
  <node id="10195" visible="true" version="1" lat="50.0011119527" lon="9.0030338357" />
  <node id="10196" visible="true" version="1" lat="50.00111666871" lon="9.00303218678" />
  <node id="10197" visible="true" version="1" lat="50.00112137936" lon="9.00303050129" />
  <node id="10198" visible="true" version="1" lat="50.00112608451" lon="9.00302877929" />
  <node id="10199" visible="true" version="1" lat="50.00113078406" lon="9.00302702081" />
  <node id="10200" visible="true" version="1" lat="50.00113547788" lon="9.0030252259" />
  <node id="10201" visible="true" version="1" lat="50.00114016585" lon="9.0030233946" />
  <node id="10202" visible="true" version="1" lat="50.00114484787" lon="9.00302152695" />
  <node id="10203" visible="true" version="1" lat="50.00114952381" lon="9.00301962301" />
  <node id="10204" visible="true" version="1" lat="50.00115419355" lon="9.00301768282" />
  <node id="10205" visible="true" version="1" lat="50.00115885698" lon="9.00301570643" />
  <node id="10206" visible="true" version="1" lat="50.00116351399" lon="9.00301369389" />
  <node id="10207" visible="true" version="1" lat="50.00116816445" lon="9.00301164524" />
  <node id="10208" visible="true" version="1" lat="50.00117280825" lon="9.00300956055" />
  <node id="10209" visible="true" version="1" lat="50.00117744527" lon="9.00300743987" />
  <node id="10210" visible="true" version="1" lat="50.0011820754" lon="9.00300528323" />
  <node id="10211" visible="true" version="1" lat="50.00118669852" lon="9.00300309071" />
  <node id="10212" visible="true" version="1" lat="50.00119131452" lon="9.00300086235" />
  <node id="10213" visible="true" version="1" lat="50.00119592328" lon="9.00299859822" />
  <node id="10214" visible="true" version="1" lat="50.00120052468" lon="9.00299629836" />
  <node id="10215" visible="true" version="1" lat="50.00120511862" lon="9.00299396283" />
  <node id="10216" visible="true" version="1" lat="50.00120970497" lon="9.0029915917" />
  <node id="10217" visible="true" version="1" lat="50.00121428362" lon="9.00298918502" />
  <node id="10218" visible="true" version="1" lat="50.00121885446" lon="9.00298674285" />
  <node id="10219" visible="true" version="1" lat="50.00122341737" lon="9.00298426525" />
  <node id="10220" visible="true" version="1" lat="50.00122797223" lon="9.00298175229" />
  <node id="10221" visible="true" version="1" lat="50.00123251895" lon="9.00297920403" />
  <node id="10222" visible="true" version="1" lat="50.00123705739" lon="9.00297662053" />
  <node id="10223" visible="true" version="1" lat="50.00124158745" lon="9.00297400185" />
  <node id="10224" visible="true" version="1" lat="50.00124610901" lon="9.00297134807" />
  <node id="10225" visible="true" version="1" lat="50.00125062197" lon="9.00296865924" />
  <node id="10226" visible="true" version="1" lat="50.0012551262" lon="9.00296593544" />
  <node id="10227" visible="true" version="1" lat="50.0012596216" lon="9.00296317674" />
  <node id="10228" visible="true" version="1" lat="50.00126410805" lon="9.00296038319" />
  <node id="10229" visible="true" version="1" lat="50.00126858544" lon="9.00295755488" />
  <node id="10230" visible="true" version="1" lat="50.00127305366" lon="9.00295469187" />
  <node id="10231" visible="true" version="1" lat="50.0012775126" lon="9.00295179424" />
  <node id="10232" visible="true" version="1" lat="50.00128196215" lon="9.00294886205" />
  <node id="10233" visible="true" version="1" lat="50.00128640218" lon="9.00294589538" />
  <node id="10234" visible="true" version="1" lat="50.00129083261" lon="9.00294289431" />
  <node id="10235" visible="true" version="1" lat="50.0012952533" lon="9.0029398589" />
  <node id="10236" visible="true" version="1" lat="50.00129966416" lon="9.00293678924" />
  <node id="10237" visible="true" version="1" lat="50.00130406507" lon="9.00293368541" />
  <node id="10238" visible="true" version="1" lat="50.00130845592" lon="9.00293054747" />
  <node id="10239" visible="true" version="1" lat="50.0013128366" lon="9.00292737551" />
  <node id="10240" visible="true" version="1" lat="50.001317207" lon="9.00292416961" />
  <node id="10241" visible="true" version="1" lat="50.00132156702" lon="9.00292092984" />
  <node id="10242" visible="true" version="1" lat="50.00132591655" lon="9.00291765629" />
  <node id="10243" visible="true" version="1" lat="50.00133025546" lon="9.00291434905" />
  <node id="10244" visible="true" version="1" lat="50.00133458367" lon="9.00291100818" />
  <node id="10245" visible="true" version="1" lat="50.00133890105" lon="9.00290763379" />
  <node id="10246" visible="true" version="1" lat="50.00134320751" lon="9.00290422594" />
  <node id="10247" visible="true" version="1" lat="50.00134750293" lon="9.00290078473" />
  <node id="10248" visible="true" version="1" lat="50.0013517872" lon="9.00289731024" />
  <node id="10249" visible="true" version="1" lat="50.00135606023" lon="9.00289380256" />
  <node id="10250" visible="true" version="1" lat="50.00136032189" lon="9.00289026178" />
  <node id="10251" visible="true" version="1" lat="50.00136457209" lon="9.00288668798" />
  <node id="10252" visible="true" version="1" lat="50.00136881072" lon="9.00288308126" />
  <node id="10253" visible="true" version="1" lat="50.00137303768" lon="9.0028794417" />
  <node id="10254" visible="true" version="1" lat="50.00137725285" lon="9.00287576939" />
  <node id="10255" visible="true" version="1" lat="50.00138145613" lon="9.00287206444" />
  <node id="10256" visible="true" version="1" lat="50.00138564742" lon="9.00286832692" />
  <node id="10257" visible="true" version="1" lat="50.00138982661" lon="9.00286455694" />
  <node id="10258" visible="true" version="1" lat="50.0013939936" lon="9.00286075458" />
  <node id="10259" visible="true" version="1" lat="50.00139814829" lon="9.00285691995" />
  <node id="10260" visible="true" version="1" lat="50.00140229056" lon="9.00285305313" />
  <node id="10261" visible="true" version="1" lat="50.00140642032" lon="9.00284915423" />
  <node id="10262" visible="true" version="1" lat="50.00141053746" lon="9.00284522335" />
  <node id="10263" visible="true" version="1" lat="50.00141464189" lon="9.00284126057" />
  <node id="10264" visible="true" version="1" lat="50.00141873349" lon="9.002837266" />
  <node id="10265" visible="true" version="1" lat="50.00142281216" lon="9.00283323975" />
  <node id="10266" visible="true" version="1" lat="50.00142687781" lon="9.0028291819" />
  <node id="10267" visible="true" version="1" lat="50.00143093033" lon="9.00282509257" />
  <node id="10268" visible="true" version="1" lat="50.00143496962" lon="9.00282097185" />
  <node id="10269" visible="true" version="1" lat="50.00143899558" lon="9.00281681985" />
  <node id="10270" visible="true" version="1" lat="50.00144300811" lon="9.00281263666" />
  <node id="10271" visible="true" version="1" lat="50.00144700711" lon="9.00280842241" />
  <node id="10272" visible="true" version="1" lat="50.00145099247" lon="9.00280417718" />
  <node id="10273" visible="true" version="1" lat="50.0014549641" lon="9.00279990109" />
  <node id="10274" visible="true" version="1" lat="50.00145892191" lon="9.00279559425" />
  <node id="10275" visible="true" version="1" lat="50.00146286578" lon="9.00279125676" />
  <node id="10276" visible="true" version="1" lat="50.00146679562" lon="9.00278688873" />
  <node id="10277" visible="true" version="1" lat="50.00147071134" lon="9.00278249026" />
  <node id="10278" visible="true" version="1" lat="50.00147461283" lon="9.00277806148" />
  <node id="10279" visible="true" version="1" lat="50.00147850001" lon="9.00277360248" />
  <node id="10280" visible="true" version="1" lat="50.00148237276" lon="9.00276911339" />
  <node id="10281" visible="true" version="1" lat="50.00148623099" lon="9.00276459431" />
  <node id="10282" visible="true" version="1" lat="50.00149007462" lon="9.00276004536" />
  <node id="10283" visible="true" version="1" lat="50.00149390353" lon="9.00275546665" />
  <node id="10284" visible="true" version="1" lat="50.00149771765" lon="9.00275085829" />
  <node id="10285" visible="true" version="1" lat="50.00150151686" lon="9.0027462204" />
  <node id="10286" visible="true" version="1" lat="50.00150530108" lon="9.0027415531" />
  <node id="10287" visible="true" version="1" lat="50.0015090702" lon="9.0027368565" />
  <node id="10288" visible="true" version="1" lat="50.00151282415" lon="9.00273213072" />
  <node id="10289" visible="true" version="1" lat="50.00151656282" lon="9.00272737588" />
  <node id="10290" visible="true" version="1" lat="50.00152028611" lon="9.00272259209" />
  <node id="10291" visible="true" version="1" lat="50.00152399395" lon="9.00271777948" />
  <node id="10292" visible="true" version="1" lat="50.00152768622" lon="9.00271293817" />
  <node id="10293" visible="true" version="1" lat="50.00153136285" lon="9.00270806828" />
  <node id="10294" visible="true" version="1" lat="50.00153502374" lon="9.00270316993" />
  <node id="10295" visible="true" version="1" lat="50.00153866879" lon="9.00269824323" />
  <node id="10296" visible="true" version="1" lat="50.00154229793" lon="9.00269328833" />
  <node id="10297" visible="true" version="1" lat="50.00154591104" lon="9.00268830533" />
  <node id="10298" visible="true" version="1" lat="50.00154950806" lon="9.00268329437" />
  <node id="10299" visible="true" version="1" lat="50.00155308888" lon="9.00267825556" />
  <node id="10300" visible="true" version="1" lat="50.00155665341" lon="9.00267318905" />
  <node id="10301" visible="true" version="1" lat="50.00156020157" lon="9.00266809494" />
  <node id="10302" visible="true" version="1" lat="50.00156373327" lon="9.00266297337" />
  <node id="10303" visible="true" version="1" lat="50.00156724842" lon="9.00265782447" />
  <node id="10304" visible="true" version="1" lat="50.00157074693" lon="9.00265264836" />
  <node id="10305" visible="true" version="1" lat="50.00157422872" lon="9.00264744518" />
  <node id="10306" visible="true" version="1" lat="50.0015776937" lon="9.00264221506" />
  <node id="10307" visible="true" version="1" lat="50.00158114177" lon="9.00263695812" />
  <node id="10308" visible="true" version="1" lat="50.00158457286" lon="9.00263167449" />
  <node id="10309" visible="true" version="1" lat="50.00158798688" lon="9.00262636432" />
  <node id="10310" visible="true" version="1" lat="50.00159138374" lon="9.00262102773" />
  <node id="10311" visible="true" version="1" lat="50.00159476337" lon="9.00261566486" />
  <node id="10312" visible="true" version="1" lat="50.00159812566" lon="9.00261027583" />
  <node id="10313" visible="true" version="1" lat="50.00160147055" lon="9.00260486079" />
  <node id="10314" visible="true" version="1" lat="50.00160479794" lon="9.00259941987" />
  <node id="10315" visible="true" version="1" lat="50.00160810775" lon="9.00259395321" />
  <node id="10316" visible="true" version="1" lat="50.00161139991" lon="9.00258846093" />
  <node id="10317" visible="true" version="1" lat="50.00161467433" lon="9.00258294319" />
  <node id="10318" visible="true" version="1" lat="50.00161793092" lon="9.00257740012" />
  <node id="10319" visible="true" version="1" lat="50.0016211696" lon="9.00257183185" />
  <node id="10320" visible="true" version="1" lat="50.0016243903" lon="9.00256623852" />
  <node id="10321" visible="true" version="1" lat="50.00162759294" lon="9.00256062029" />
  <node id="10322" visible="true" version="1" lat="50.00163077742" lon="9.00255497728" />
  <node id="10323" visible="true" version="1" lat="50.00163394368" lon="9.00254930963" />
  <node id="10324" visible="true" version="1" lat="50.00163709164" lon="9.0025436175" />
  <node id="10325" visible="true" version="1" lat="50.00164022121" lon="9.00253790101" />
  <node id="10326" visible="true" version="1" lat="50.00164333232" lon="9.00253216032" />
  <node id="10327" visible="true" version="1" lat="50.00164642489" lon="9.00252639557" />
  <node id="10328" visible="true" version="1" lat="50.00164949884" lon="9.00252060689" />
  <node id="10329" visible="true" version="1" lat="50.0016525541" lon="9.00251479445" />
  <node id="10330" visible="true" version="1" lat="50.00165559058" lon="9.00250895837" />
  <node id="10331" visible="true" version="1" lat="50.00165860823" lon="9.00250309881" />
  <node id="10332" visible="true" version="1" lat="50.00166160694" lon="9.00249721592" />
  <node id="10333" visible="true" version="1" lat="50.00166458666" lon="9.00249130984" />
  <node id="10334" visible="true" version="1" lat="50.00166754731" lon="9.00248538072" />
  <node id="10335" visible="true" version="1" lat="50.00167048882" lon="9.0024794287" />
  <node id="10336" visible="true" version="1" lat="50.0016734111" lon="9.00247345394" />
  <node id="10337" visible="true" version="1" lat="50.0016763141" lon="9.00246745658" />
  <node id="10338" visible="true" version="1" lat="50.00167919773" lon="9.00246143678" />
  <node id="10339" visible="true" version="1" lat="50.00168206192" lon="9.00245539468" />
  <node id="10340" visible="true" version="1" lat="50.0016849066" lon="9.00244933045" />
  <node id="10341" visible="true" version="1" lat="50.00168773171" lon="9.00244324421" />
  <node id="10342" visible="true" version="1" lat="50.00169053716" lon="9.00243713614" />
  <node id="10343" visible="true" version="1" lat="50.00169332289" lon="9.00243100639" />
  <node id="10344" visible="true" version="1" lat="50.00169608884" lon="9.00242485509" />
  <node id="10345" visible="true" version="1" lat="50.00169883492" lon="9.00241868242" />
  <node id="10346" visible="true" version="1" lat="50.00170156108" lon="9.00241248853" />
  <node id="10347" visible="true" version="1" lat="50.00170426724" lon="9.00240627356" />
  <node id="10348" visible="true" version="1" lat="50.00170695334" lon="9.00240003767" />
  <node id="10349" visible="true" version="1" lat="50.00170961931" lon="9.00239378103" />
  <node id="10350" visible="true" version="1" lat="50.00171226508" lon="9.00238750379" />
  <node id="10351" visible="true" version="1" lat="50.00171489058" lon="9.00238120609" />
  <node id="10352" visible="true" version="1" lat="50.00171749576" lon="9.00237488811" />
  <node id="10353" visible="true" version="1" lat="50.00172008054" lon="9.00236855" />
  <node id="10354" visible="true" version="1" lat="50.00172264487" lon="9.00236219192" />
  <node id="10355" visible="true" version="1" lat="50.00172518867" lon="9.00235581402" />
  <node id="10356" visible="true" version="1" lat="50.00172771188" lon="9.00234941647" />
  <node id="10357" visible="true" version="1" lat="50.00173021445" lon="9.00234299942" />
  <node id="10358" visible="true" version="1" lat="50.0017326963" lon="9.00233656305" />
  <node id="10359" visible="true" version="1" lat="50.00173515738" lon="9.00233010749" />
  <node id="10360" visible="true" version="1" lat="50.00173759762" lon="9.00232363293" />
  <node id="10361" visible="true" version="1" lat="50.00174001697" lon="9.00231713952" />
  <node id="10362" visible="true" version="1" lat="50.00174241536" lon="9.00231062742" />
  <node id="10363" visible="true" version="1" lat="50.00174479273" lon="9.0023040968" />
  <node id="10364" visible="true" version="1" lat="50.00174714902" lon="9.00229754782" />
  <node id="10365" visible="true" version="1" lat="50.00174948418" lon="9.00229098063" />
  <node id="10366" visible="true" version="1" lat="50.00175179815" lon="9.00228439542" />
  <node id="10367" visible="true" version="1" lat="50.00175409086" lon="9.00227779234" />
  <node id="10368" visible="true" version="1" lat="50.00175636226" lon="9.00227117155" />
  <node id="10369" visible="true" version="1" lat="50.0017586123" lon="9.00226453323" />
  <node id="10370" visible="true" version="1" lat="50.00176084092" lon="9.00225787753" />
  <node id="10371" visible="true" version="1" lat="50.00176304806" lon="9.00225120463" />
  <node id="10372" visible="true" version="1" lat="50.00176523366" lon="9.00224451469" />
  <node id="10373" visible="true" version="1" lat="50.00176739768" lon="9.00223780788" />
  <node id="10374" visible="true" version="1" lat="50.00176954005" lon="9.00223108437" />
  <node id="10375" visible="true" version="1" lat="50.00177166073" lon="9.00222434432" />
  <node id="10376" visible="true" version="1" lat="50.00177375966" lon="9.0022175879" />
  <node id="10377" visible="true" version="1" lat="50.00177583679" lon="9.00221081529" />
  <node id="10378" visible="true" version="1" lat="50.00177789207" lon="9.00220402665" />
  <node id="10379" visible="true" version="1" lat="50.00177992545" lon="9.00219722214" />
  <node id="10380" visible="true" version="1" lat="50.00178193686" lon="9.00219040195" />
  <node id="10381" visible="true" version="1" lat="50.00178392628" lon="9.00218356624" />
  <node id="10382" visible="true" version="1" lat="50.00178589364" lon="9.00217671518" />
  <node id="10383" visible="true" version="1" lat="50.00178783889" lon="9.00216984895" />
  <node id="10384" visible="true" version="1" lat="50.00178976199" lon="9.00216296771" />
  <node id="10385" visible="true" version="1" lat="50.00179166289" lon="9.00215607164" />
  <node id="10386" visible="true" version="1" lat="50.00179354154" lon="9.00214916091" />
  <node id="10387" visible="true" version="1" lat="50.0017953979" lon="9.00214223569" />
  <node id="10388" visible="true" version="1" lat="50.00179723191" lon="9.00213529616" />
  <node id="10389" visible="true" version="1" lat="50.00179904354" lon="9.00212834248" />
  <node id="10390" visible="true" version="1" lat="50.00180083273" lon="9.00212137484" />
  <node id="10391" visible="true" version="1" lat="50.00180259945" lon="9.00211439341" />
  <node id="10392" visible="true" version="1" lat="50.00180434364" lon="9.00210739836" />
  <node id="10393" visible="true" version="1" lat="50.00180606527" lon="9.00210038987" />
  <node id="10394" visible="true" version="1" lat="50.00180776429" lon="9.0020933681" />
  <node id="10395" visible="true" version="1" lat="50.00180944066" lon="9.00208633325" />
  <node id="10396" visible="true" version="1" lat="50.00181109433" lon="9.00207928548" />
  <node id="10397" visible="true" version="1" lat="50.00181272527" lon="9.00207222496" />
  <node id="10398" visible="true" version="1" lat="50.00181433344" lon="9.00206515189" />
  <node id="10399" visible="true" version="1" lat="50.00181591879" lon="9.00205806643" />
  <node id="10400" visible="true" version="1" lat="50.00181748128" lon="9.00205096875" />
  <node id="10401" visible="true" version="1" lat="50.00181902088" lon="9.00204385905" />
  <node id="10402" visible="true" version="1" lat="50.00182053755" lon="9.00203673749" />
  <node id="10403" visible="true" version="1" lat="50.00182203125" lon="9.00202960425" />
  <node id="10404" visible="true" version="1" lat="50.00182350194" lon="9.00202245952" />
  <node id="10405" visible="true" version="1" lat="50.00182494959" lon="9.00201530346" />
  <node id="10406" visible="true" version="1" lat="50.00182637416" lon="9.00200813627" />
  <node id="10407" visible="true" version="1" lat="50.00182777561" lon="9.00200095811" />
  <node id="10408" visible="true" version="1" lat="50.0018291539" lon="9.00199376917" />
  <node id="10409" visible="true" version="1" lat="50.00183050902" lon="9.00198656963" />
  <node id="10410" visible="true" version="1" lat="50.00183184091" lon="9.00197935966" />
  <node id="10411" visible="true" version="1" lat="50.00183314955" lon="9.00197213946" />
  <node id="10412" visible="true" version="1" lat="50.0018344349" lon="9.00196490919" />
  <node id="10413" visible="true" version="1" lat="50.00183569694" lon="9.00195766904" />
  <node id="10414" visible="true" version="1" lat="50.00183693562" lon="9.00195041919" />
  <node id="10415" visible="true" version="1" lat="50.00183815093" lon="9.00194315983" />
  <node id="10416" visible="true" version="1" lat="50.00183934282" lon="9.00193589112" />
  <node id="10417" visible="true" version="1" lat="50.00184051128" lon="9.00192861326" />
  <node id="10418" visible="true" version="1" lat="50.00184165626" lon="9.00192132643" />
  <node id="10419" visible="true" version="1" lat="50.00184277775" lon="9.00191403081" />
  <node id="10420" visible="true" version="1" lat="50.00184387571" lon="9.00190672657" />
  <node id="10421" visible="true" version="1" lat="50.00184495012" lon="9.00189941392" />
  <node id="10422" visible="true" version="1" lat="50.00184600094" lon="9.00189209301" />
  <node id="10423" visible="true" version="1" lat="50.00184702816" lon="9.00188476405" />
  <node id="10424" visible="true" version="1" lat="50.00184803175" lon="9.00187742721" />
  <node id="10425" visible="true" version="1" lat="50.00184901167" lon="9.00187008268" />
  <node id="10426" visible="true" version="1" lat="50.00184996792" lon="9.00186273063" />
  <node id="10427" visible="true" version="1" lat="50.00185090046" lon="9.00185537126" />
  <node id="10428" visible="true" version="1" lat="50.00185180927" lon="9.00184800475" />
  <node id="10429" visible="true" version="1" lat="50.00185269433" lon="9.00184063128" />
  <node id="10430" visible="true" version="1" lat="50.00185355561" lon="9.00183325104" />
  <node id="10431" visible="true" version="1" lat="50.0018543931" lon="9.0018258642" />
  <node id="10432" visible="true" version="1" lat="50.00185520677" lon="9.00181847096" />
  <node id="10433" visible="true" version="1" lat="50.0018559966" lon="9.00181107151" />
  <node id="10434" visible="true" version="1" lat="50.00185676258" lon="9.00180366601" />
  <node id="10435" visible="true" version="1" lat="50.00185750468" lon="9.00179625467" />
  <node id="10436" visible="true" version="1" lat="50.00185822288" lon="9.00178883767" />
  <node id="10437" visible="true" version="1" lat="50.00185891717" lon="9.00178141518" />
  <node id="10438" visible="true" version="1" lat="50.00185958754" lon="9.0017739874" />
  <node id="10439" visible="true" version="1" lat="50.00186023395" lon="9.00176655452" />
  <node id="10440" visible="true" version="1" lat="50.00186085641" lon="9.00175911671" />
  <node id="10441" visible="true" version="1" lat="50.00186145488" lon="9.00175167417" />
  <node id="10442" visible="true" version="1" lat="50.00186202936" lon="9.00174422707" />
  <node id="10443" visible="true" version="1" lat="50.00186257984" lon="9.00173677562" />
  <node id="10444" visible="true" version="1" lat="50.00186310629" lon="9.00172931998" />
  <node id="10445" visible="true" version="1" lat="50.00186360871" lon="9.00172186036" />
  <node id="10446" visible="true" version="1" lat="50.00186408708" lon="9.00171439693" />
  <node id="10447" visible="true" version="1" lat="50.00186454139" lon="9.00170692989" />
  <node id="10448" visible="true" version="1" lat="50.00186497163" lon="9.00169945941" />
  <node id="10449" visible="true" version="1" lat="50.00186537779" lon="9.00169198569" />
  <node id="10450" visible="true" version="1" lat="50.00186575986" lon="9.00168450891" />
  <node id="10451" visible="true" version="1" lat="50.00186611782" lon="9.00167702926" />
  <node id="10452" visible="true" version="1" lat="50.00186645168" lon="9.00166954692" />
  <node id="10453" visible="true" version="1" lat="50.00186676142" lon="9.00166206209" />
  <node id="10454" visible="true" version="1" lat="50.00186704703" lon="9.00165457496" />
  <node id="10455" visible="true" version="1" lat="50.00186730851" lon="9.0016470857" />
  <node id="10456" visible="true" version="1" lat="50.00186754585" lon="9.0016395945" />
  <node id="10457" visible="true" version="1" lat="50.00186775904" lon="9.00163210156" />
  <node id="10458" visible="true" version="1" lat="50.00186794808" lon="9.00162460705" />
  <node id="10459" visible="true" version="1" lat="50.00186811297" lon="9.00161711118" />
  <node id="10460" visible="true" version="1" lat="50.0018682537" lon="9.00160961412" />
  <node id="10461" visible="true" version="1" lat="50.00186837026" lon="9.00160211606" />
  <node id="10462" visible="true" version="1" lat="50.00186846266" lon="9.00159461719" />
  <node id="10464" visible="true" version="1" lat="49.99994940845" lon="9" />
  <node id="10465" visible="true" version="1" lat="49.99994940845" lon="9.0000069767" />
  <node id="10466" visible="true" version="1" lat="49.99994940845" lon="9.00001395339" />
  <node id="10467" visible="true" version="1" lat="49.99994940845" lon="9.00002093009" />
  <node id="10468" visible="true" version="1" lat="49.99994940845" lon="9.00002790679" />
  <node id="10469" visible="true" version="1" lat="49.99994940844" lon="9.00003488349" />
  <node id="10470" visible="true" version="1" lat="49.99994940844" lon="9.00004186018" />
  <node id="10471" visible="true" version="1" lat="49.99994940844" lon="9.00004883688" />
  <node id="10472" visible="true" version="1" lat="49.99994940844" lon="9.00005581358" />
  <node id="10473" visible="true" version="1" lat="49.99994940843" lon="9.00006279027" />
  <node id="10474" visible="true" version="1" lat="49.99994940843" lon="9.00006976697" />
  <node id="10475" visible="true" version="1" lat="49.99994940842" lon="9.00007674367" />
  <node id="10476" visible="true" version="1" lat="49.99994940842" lon="9.00008372036" />
  <node id="10477" visible="true" version="1" lat="49.99994940841" lon="9.00009069706" />
  <node id="10478" visible="true" version="1" lat="49.99994940841" lon="9.00009767376" />
  <node id="10479" visible="true" version="1" lat="49.9999494084" lon="9.00010465046" />
  <node id="10480" visible="true" version="1" lat="49.99994940839" lon="9.00011162715" />
  <node id="10481" visible="true" version="1" lat="49.99994940839" lon="9.00011860385" />
  <node id="10482" visible="true" version="1" lat="49.99994940838" lon="9.00012558055" />
  <node id="10483" visible="true" version="1" lat="49.99994940837" lon="9.00013255724" />
  <node id="10484" visible="true" version="1" lat="49.99994940836" lon="9.00013953394" />
  <node id="10485" visible="true" version="1" lat="49.99994940836" lon="9.00014651064" />
  <node id="10486" visible="true" version="1" lat="49.99994940835" lon="9.00015348734" />
  <node id="10487" visible="true" version="1" lat="49.99994940834" lon="9.00016046403" />
  <node id="10488" visible="true" version="1" lat="49.99994940833" lon="9.00016744073" />
  <node id="10489" visible="true" version="1" lat="49.99994940832" lon="9.00017441743" />
  <node id="10490" visible="true" version="1" lat="49.99994940831" lon="9.00018139412" />
  <node id="10491" visible="true" version="1" lat="49.9999494083" lon="9.00018837082" />
  <node id="10492" visible="true" version="1" lat="49.99994940828" lon="9.00019534752" />
  <node id="10493" visible="true" version="1" lat="49.99994940827" lon="9.00020232422" />
  <node id="10494" visible="true" version="1" lat="49.99994940826" lon="9.00020930091" />
  <node id="10495" visible="true" version="1" lat="49.99994940825" lon="9.00021627761" />
  <node id="10496" visible="true" version="1" lat="49.99994940823" lon="9.00022325431" />
  <node id="10497" visible="true" version="1" lat="49.99994940822" lon="9.000230231" />
  <node id="10498" visible="true" version="1" lat="49.99994940821" lon="9.0002372077" />
  <node id="10499" visible="true" version="1" lat="49.99994940819" lon="9.0002441844" />
  <node id="10500" visible="true" version="1" lat="49.99994940818" lon="9.00025116109" />
  <node id="10501" visible="true" version="1" lat="49.99994940816" lon="9.00025813779" />
  <node id="10502" visible="true" version="1" lat="49.99994940815" lon="9.00026511449" />
  <node id="10503" visible="true" version="1" lat="49.99994940813" lon="9.00027209119" />
  <node id="10504" visible="true" version="1" lat="49.99994940811" lon="9.00027906788" />
  <node id="10505" visible="true" version="1" lat="49.9999494081" lon="9.00028604458" />
  <node id="10506" visible="true" version="1" lat="49.99994940808" lon="9.00029302128" />
  <node id="10507" visible="true" version="1" lat="49.99994940806" lon="9.00029999797" />
  <node id="10508" visible="true" version="1" lat="49.99994940804" lon="9.00030697467" />
  <node id="10509" visible="true" version="1" lat="49.99994940802" lon="9.00031395137" />
  <node id="10510" visible="true" version="1" lat="49.999949408" lon="9.00032092807" />
  <node id="10511" visible="true" version="1" lat="49.99994940799" lon="9.00032790476" />
  <node id="10512" visible="true" version="1" lat="49.99994940797" lon="9.00033488146" />
  <node id="10513" visible="true" version="1" lat="49.99994940794" lon="9.00034185816" />
  <node id="10514" visible="true" version="1" lat="49.99994940792" lon="9.00034883485" />
  <node id="10515" visible="true" version="1" lat="49.9999494079" lon="9.00035581155" />
  <node id="10516" visible="true" version="1" lat="49.99994940788" lon="9.00036278825" />
  <node id="10517" visible="true" version="1" lat="49.99994940786" lon="9.00036976495" />
  <node id="10518" visible="true" version="1" lat="49.99994940784" lon="9.00037674164" />
  <node id="10519" visible="true" version="1" lat="49.99994940781" lon="9.00038371834" />
  <node id="10520" visible="true" version="1" lat="49.99994940779" lon="9.00039069504" />
  <node id="10521" visible="true" version="1" lat="49.99994940777" lon="9.00039767173" />
  <node id="10522" visible="true" version="1" lat="49.99994940774" lon="9.00040464843" />
  <node id="10523" visible="true" version="1" lat="49.99994940772" lon="9.00041162513" />
  <node id="10524" visible="true" version="1" lat="49.99994940769" lon="9.00041860182" />
  <node id="10525" visible="true" version="1" lat="49.99994940767" lon="9.00042557852" />
  <node id="10526" visible="true" version="1" lat="49.99994940764" lon="9.00043255522" />
  <node id="10527" visible="true" version="1" lat="49.99994940762" lon="9.00043953192" />
  <node id="10528" visible="true" version="1" lat="49.99994940759" lon="9.00044650861" />
  <node id="10529" visible="true" version="1" lat="49.99994940756" lon="9.00045348531" />
  <node id="10530" visible="true" version="1" lat="49.99994940753" lon="9.00046046201" />
  <node id="10531" visible="true" version="1" lat="49.99994940751" lon="9.0004674387" />
  <node id="10532" visible="true" version="1" lat="49.99994940748" lon="9.0004744154" />
  <node id="10533" visible="true" version="1" lat="49.99994940745" lon="9.0004813921" />
  <node id="10534" visible="true" version="1" lat="49.99994940742" lon="9.0004883688" />
  <node id="10535" visible="true" version="1" lat="49.99994940739" lon="9.00049534549" />
  <node id="10536" visible="true" version="1" lat="49.99994940736" lon="9.00050232219" />
  <node id="10537" visible="true" version="1" lat="49.99994940733" lon="9.00050929889" />
  <node id="10538" visible="true" version="1" lat="49.9999494073" lon="9.00051627558" />
  <node id="10539" visible="true" version="1" lat="49.99994940727" lon="9.00052325228" />
  <node id="10540" visible="true" version="1" lat="49.99994940724" lon="9.00053022898" />
  <node id="10541" visible="true" version="1" lat="49.9999494072" lon="9.00053720568" />
  <node id="10542" visible="true" version="1" lat="49.99994940717" lon="9.00054418237" />
  <node id="10543" visible="true" version="1" lat="49.99994940714" lon="9.00055115907" />
  <node id="10544" visible="true" version="1" lat="49.99994940711" lon="9.00055813577" />
  <node id="10545" visible="true" version="1" lat="49.99994940707" lon="9.00056511246" />
  <node id="10546" visible="true" version="1" lat="49.99994940704" lon="9.00057208916" />
  <node id="10547" visible="true" version="1" lat="49.999949407" lon="9.00057906586" />
  <node id="10548" visible="true" version="1" lat="49.99994940697" lon="9.00058604255" />
  <node id="10549" visible="true" version="1" lat="49.99994940693" lon="9.00059301925" />
  <node id="10550" visible="true" version="1" lat="49.9999494069" lon="9.00059999595" />
  <node id="10551" visible="true" version="1" lat="49.99994940686" lon="9.00060697265" />
  <node id="10552" visible="true" version="1" lat="49.99994940682" lon="9.00061394934" />
  <node id="10553" visible="true" version="1" lat="49.99994940679" lon="9.00062092604" />
  <node id="10554" visible="true" version="1" lat="49.99994940675" lon="9.00062790274" />
  <node id="10555" visible="true" version="1" lat="49.99994940671" lon="9.00063487943" />
  <node id="10556" visible="true" version="1" lat="49.99994940667" lon="9.00064185613" />
  <node id="10557" visible="true" version="1" lat="49.99994940663" lon="9.00064883283" />
  <node id="10558" visible="true" version="1" lat="49.9999494066" lon="9.00065580953" />
  <node id="10559" visible="true" version="1" lat="49.99994940656" lon="9.00066278622" />
  <node id="10560" visible="true" version="1" lat="49.99994940652" lon="9.00066976292" />
  <node id="10561" visible="true" version="1" lat="49.99994940648" lon="9.00067673962" />
  <node id="10562" visible="true" version="1" lat="49.99994940643" lon="9.00068371631" />
  <node id="10563" visible="true" version="1" lat="49.99994940639" lon="9.00069069301" />
  <node id="10564" visible="true" version="1" lat="49.99994940635" lon="9.00069766971" />
  <node id="10565" visible="true" version="1" lat="49.99994940631" lon="9.00070464641" />
  <node id="10566" visible="true" version="1" lat="49.99994940627" lon="9.0007116231" />
  <node id="10567" visible="true" version="1" lat="49.99994940622" lon="9.0007185998" />
  <node id="10568" visible="true" version="1" lat="49.99994940618" lon="9.0007255765" />
  <node id="10569" visible="true" version="1" lat="49.99994940614" lon="9.00073255319" />
  <node id="10570" visible="true" version="1" lat="49.99994940609" lon="9.00073952989" />
  <node id="10571" visible="true" version="1" lat="49.99994940605" lon="9.00074650659" />
  <node id="10572" visible="true" version="1" lat="49.999949406" lon="9.00075348328" />
  <node id="10573" visible="true" version="1" lat="49.99994940596" lon="9.00076045998" />
  <node id="10574" visible="true" version="1" lat="49.99994940591" lon="9.00076743668" />
  <node id="10575" visible="true" version="1" lat="49.99994940586" lon="9.00077441338" />
  <node id="10576" visible="true" version="1" lat="49.99994940582" lon="9.00078139007" />
  <node id="10577" visible="true" version="1" lat="49.99994940577" lon="9.00078836677" />
  <node id="10578" visible="true" version="1" lat="49.99994940572" lon="9.00079534347" />
  <node id="10579" visible="true" version="1" lat="49.99994940567" lon="9.00080232016" />
  <node id="10580" visible="true" version="1" lat="49.99994940563" lon="9.00080929686" />
  <node id="10581" visible="true" version="1" lat="49.99994940558" lon="9.00081627356" />
  <node id="10582" visible="true" version="1" lat="49.99994940553" lon="9.00082325026" />
  <node id="10583" visible="true" version="1" lat="49.99994940548" lon="9.00083022695" />
  <node id="10584" visible="true" version="1" lat="49.99994940543" lon="9.00083720365" />
  <node id="10585" visible="true" version="1" lat="49.99994940538" lon="9.00084418035" />
  <node id="10586" visible="true" version="1" lat="49.99994940533" lon="9.00085115704" />
  <node id="10587" visible="true" version="1" lat="49.99994940528" lon="9.00085813374" />
  <node id="10588" visible="true" version="1" lat="49.99994940522" lon="9.00086511044" />
  <node id="10589" visible="true" version="1" lat="49.99994940517" lon="9.00087208714" />
  <node id="10590" visible="true" version="1" lat="49.99994940512" lon="9.00087906383" />
  <node id="10591" visible="true" version="1" lat="49.99994940507" lon="9.00088604053" />
  <node id="10592" visible="true" version="1" lat="49.99994940501" lon="9.00089301723" />
  <node id="10593" visible="true" version="1" lat="49.99994940496" lon="9.00089999392" />
  <node id="10594" visible="true" version="1" lat="49.9999494049" lon="9.00090697062" />
  <node id="10595" visible="true" version="1" lat="49.99994940485" lon="9.00091394732" />
  <node id="10596" visible="true" version="1" lat="49.99994940479" lon="9.00092092401" />
  <node id="10597" visible="true" version="1" lat="49.99994940474" lon="9.00092790071" />
  <node id="10598" visible="true" version="1" lat="49.99994940468" lon="9.00093487741" />
  <node id="10599" visible="true" version="1" lat="49.99994940463" lon="9.00094185411" />
  <node id="10600" visible="true" version="1" lat="49.99994940457" lon="9.0009488308" />
  <node id="10601" visible="true" version="1" lat="49.99994940451" lon="9.0009558075" />
  <node id="10602" visible="true" version="1" lat="49.99994940445" lon="9.0009627842" />
  <node id="10603" visible="true" version="1" lat="49.9999494044" lon="9.00096976089" />
  <node id="10604" visible="true" version="1" lat="49.99994940434" lon="9.00097673759" />
  <node id="10605" visible="true" version="1" lat="49.99994940428" lon="9.00098371429" />
  <node id="10606" visible="true" version="1" lat="49.99994940422" lon="9.00099069099" />
  <node id="10607" visible="true" version="1" lat="49.99994940416" lon="9.00099766768" />
  <node id="10608" visible="true" version="1" lat="49.9999494041" lon="9.00100464438" />
  <node id="10609" visible="true" version="1" lat="49.99994940404" lon="9.00101162108" />
  <node id="10610" visible="true" version="1" lat="49.99994940398" lon="9.00101859777" />
  <node id="10611" visible="true" version="1" lat="49.99994940392" lon="9.00102557447" />
  <node id="10612" visible="true" version="1" lat="49.99994940385" lon="9.00103255117" />
  <node id="10613" visible="true" version="1" lat="49.99994940379" lon="9.00103952787" />
  <node id="10614" visible="true" version="1" lat="49.99994940373" lon="9.00104650456" />
  <node id="10615" visible="true" version="1" lat="49.99994940367" lon="9.00105348126" />
  <node id="10616" visible="true" version="1" lat="49.9999494036" lon="9.00106045796" />
  <node id="10617" visible="true" version="1" lat="49.99994940354" lon="9.00106743465" />
  <node id="10618" visible="true" version="1" lat="49.99994940347" lon="9.00107441135" />
  <node id="10619" visible="true" version="1" lat="49.99994940341" lon="9.00108138805" />
  <node id="10620" visible="true" version="1" lat="49.99994940334" lon="9.00108836474" />
  <node id="10621" visible="true" version="1" lat="49.99994940328" lon="9.00109534144" />
  <node id="10622" visible="true" version="1" lat="49.99994940321" lon="9.00110231814" />
  <node id="10623" visible="true" version="1" lat="49.99994940315" lon="9.00110929484" />
  <node id="10624" visible="true" version="1" lat="49.99994940308" lon="9.00111627153" />
  <node id="10625" visible="true" version="1" lat="49.99994940301" lon="9.00112324823" />
  <node id="10626" visible="true" version="1" lat="49.99994940294" lon="9.00113022493" />
  <node id="10627" visible="true" version="1" lat="49.99994940288" lon="9.00113720162" />
  <node id="10628" visible="true" version="1" lat="49.99994940281" lon="9.00114417832" />
  <node id="10629" visible="true" version="1" lat="49.99994940274" lon="9.00115115502" />
  <node id="10630" visible="true" version="1" lat="49.99994940267" lon="9.00115813172" />
  <node id="10631" visible="true" version="1" lat="49.9999494026" lon="9.00116510841" />
  <node id="10632" visible="true" version="1" lat="49.99994940253" lon="9.00117208511" />
  <node id="10633" visible="true" version="1" lat="49.99994940246" lon="9.00117906181" />
  <node id="10634" visible="true" version="1" lat="49.99994940239" lon="9.0011860385" />
  <node id="10635" visible="true" version="1" lat="49.99994940232" lon="9.0011930152" />
  <node id="10636" visible="true" version="1" lat="49.99994940224" lon="9.0011999919" />
  <node id="10637" visible="true" version="1" lat="49.99994940217" lon="9.0012069686" />
  <node id="10638" visible="true" version="1" lat="49.9999494021" lon="9.00121394529" />
  <node id="10639" visible="true" version="1" lat="49.99994940203" lon="9.00122092199" />
  <node id="10640" visible="true" version="1" lat="49.99994940195" lon="9.00122789869" />
  <node id="10641" visible="true" version="1" lat="49.99994940188" lon="9.00123487538" />
  <node id="10642" visible="true" version="1" lat="49.9999494018" lon="9.00124185208" />
  <node id="10643" visible="true" version="1" lat="49.99994940173" lon="9.00124882878" />
  <node id="10644" visible="true" version="1" lat="49.99994940165" lon="9.00125580547" />
  <node id="10645" visible="true" version="1" lat="49.99994940158" lon="9.00126278217" />
  <node id="10646" visible="true" version="1" lat="49.9999494015" lon="9.00126975887" />
  <node id="10647" visible="true" version="1" lat="49.99994940142" lon="9.00127673557" />
  <node id="10648" visible="true" version="1" lat="49.99994940135" lon="9.00128371226" />
  <node id="10649" visible="true" version="1" lat="49.99994940127" lon="9.00129068896" />
  <node id="10650" visible="true" version="1" lat="49.99994940119" lon="9.00129766566" />
  <node id="10651" visible="true" version="1" lat="49.99994940111" lon="9.00130464235" />
  <node id="10652" visible="true" version="1" lat="49.99994940104" lon="9.00131161905" />
  <node id="10653" visible="true" version="1" lat="49.99994940096" lon="9.00131859575" />
  <node id="10654" visible="true" version="1" lat="49.99994940088" lon="9.00132557245" />
  <node id="10655" visible="true" version="1" lat="49.9999494008" lon="9.00133254914" />
  <node id="10656" visible="true" version="1" lat="49.99994940072" lon="9.00133952584" />
  <node id="10657" visible="true" version="1" lat="49.99994940064" lon="9.00134650254" />
  <node id="10658" visible="true" version="1" lat="49.99994940055" lon="9.00135347923" />
  <node id="10659" visible="true" version="1" lat="49.99994940047" lon="9.00136045593" />
  <node id="10660" visible="true" version="1" lat="49.99994940039" lon="9.00136743263" />
  <node id="10661" visible="true" version="1" lat="49.99994940031" lon="9.00137440933" />
  <node id="10662" visible="true" version="1" lat="49.99994940023" lon="9.00138138602" />
  <node id="10663" visible="true" version="1" lat="49.99994940014" lon="9.00138836272" />
  <node id="10664" visible="true" version="1" lat="49.99994940006" lon="9.00139533942" />
  <node id="10665" visible="true" version="1" lat="49.99994940006" lon="9.00139533942" />
  <node id="10666" visible="true" version="1" lat="49.99994940021" lon="9.00140251228" />
  <node id="10667" visible="true" version="1" lat="49.99994940112" lon="9.00140968515" />
  <node id="10668" visible="true" version="1" lat="49.99994940324" lon="9.00141685802" />
  <node id="10669" visible="true" version="1" lat="49.99994940704" lon="9.00142403088" />
  <node id="10670" visible="true" version="1" lat="49.99994941294" lon="9.00143120374" />
  <node id="10671" visible="true" version="1" lat="49.99994942141" lon="9.0014383766" />
  <node id="10672" visible="true" version="1" lat="49.9999494329" lon="9.00144554944" />
  <node id="10673" visible="true" version="1" lat="49.99994944785" lon="9.00145272227" />
  <node id="10674" visible="true" version="1" lat="49.99994946671" lon="9.00145989508" />
  <node id="10675" visible="true" version="1" lat="49.99994948993" lon="9.00146706785" />
  <node id="10676" visible="true" version="1" lat="49.99994951797" lon="9.00147424059" />
  <node id="10677" visible="true" version="1" lat="49.99994955127" lon="9.00148141327" />
  <node id="10678" visible="true" version="1" lat="49.99994959028" lon="9.00148858588" />
  <node id="10679" visible="true" version="1" lat="49.99994963545" lon="9.0014957584" />
  <node id="10680" visible="true" version="1" lat="49.99994968724" lon="9.00150293082" />
  <node id="10681" visible="true" version="1" lat="49.99994974608" lon="9.00151010311" />
  <node id="10682" visible="true" version="1" lat="49.99994981244" lon="9.00151727523" />
  <node id="10683" visible="true" version="1" lat="49.99994988675" lon="9.00152444717" />
  <node id="10684" visible="true" version="1" lat="49.99994996948" lon="9.00153161889" />
  <node id="10685" visible="true" version="1" lat="49.99995006106" lon="9.00153879035" />
  <node id="10686" visible="true" version="1" lat="49.99995016195" lon="9.00154596151" />
  <node id="10687" visible="true" version="1" lat="49.9999502726" lon="9.00155313232" />
  <node id="10688" visible="true" version="1" lat="49.99995039345" lon="9.00156030273" />
  <node id="10689" visible="true" version="1" lat="49.99995052496" lon="9.0015674727" />
  <node id="10690" visible="true" version="1" lat="49.99995066757" lon="9.00157464215" />
  <node id="10691" visible="true" version="1" lat="49.99995082174" lon="9.00158181103" />
  <node id="10692" visible="true" version="1" lat="49.9999509879" lon="9.00158897926" />
  <node id="10693" visible="true" version="1" lat="49.99995116651" lon="9.00159614677" />
  <node id="10694" visible="true" version="1" lat="49.99995135803" lon="9.00160331348" />
  <node id="10695" visible="true" version="1" lat="49.99995156288" lon="9.0016104793" />
  <node id="10696" visible="true" version="1" lat="49.99995178153" lon="9.00161764414" />
  <node id="10697" visible="true" version="1" lat="49.99995201442" lon="9.0016248079" />
  <node id="10698" visible="true" version="1" lat="49.99995226199" lon="9.00163197047" />
  <node id="10699" visible="true" version="1" lat="49.99995252469" lon="9.00163913174" />
  <node id="10700" visible="true" version="1" lat="49.99995280298" lon="9.0016462916" />
  <node id="10701" visible="true" version="1" lat="49.99995309729" lon="9.00165344992" />
  <node id="10702" visible="true" version="1" lat="49.99995340807" lon="9.00166060656" />
  <node id="10703" visible="true" version="1" lat="49.99995373576" lon="9.00166776139" />
  <node id="10704" visible="true" version="1" lat="49.99995408081" lon="9.00167491425" />
  <node id="10705" visible="true" version="1" lat="49.99995444366" lon="9.00168206499" />
  <node id="10706" visible="true" version="1" lat="49.99995482476" lon="9.00168921344" />
  <node id="10707" visible="true" version="1" lat="49.99995522454" lon="9.00169635944" />
  <node id="10708" visible="true" version="1" lat="49.99995564346" lon="9.0017035028" />
  <node id="10709" visible="true" version="1" lat="49.99995608194" lon="9.00171064333" />
  <node id="10710" visible="true" version="1" lat="49.99995654042" lon="9.00171778084" />
  <node id="10711" visible="true" version="1" lat="49.99995701936" lon="9.00172491511" />
  <node id="10712" visible="true" version="1" lat="49.99995751917" lon="9.00173204594" />
  <node id="10713" visible="true" version="1" lat="49.99995804031" lon="9.00173917309" />
  <node id="10714" visible="true" version="1" lat="49.9999585832" lon="9.00174629633" />
  <node id="10715" visible="true" version="1" lat="49.99995914829" lon="9.00175341542" />
  <node id="10716" visible="true" version="1" lat="49.99995914829" lon="9.00175341542" />
  <node id="10717" visible="true" version="1" lat="49.99995975216" lon="9.00176072475" />
  <node id="10718" visible="true" version="1" lat="49.99996037958" lon="9.00176802931" />
  <node id="10719" visible="true" version="1" lat="49.99996103054" lon="9.00177532891" />
  <node id="10720" visible="true" version="1" lat="49.99996170501" lon="9.00178262338" />
  <node id="10721" visible="true" version="1" lat="49.99996240298" lon="9.00178991252" />
  <node id="10722" visible="true" version="1" lat="49.99996312443" lon="9.00179719615" />
  <node id="10723" visible="true" version="1" lat="49.99996386935" lon="9.0018044741" />
  <node id="10724" visible="true" version="1" lat="49.99996463772" lon="9.00181174618" />
  <node id="10725" visible="true" version="1" lat="49.99996542951" lon="9.0018190122" />
  <node id="10726" visible="true" version="1" lat="49.99996624471" lon="9.001826272" />
  <node id="10727" visible="true" version="1" lat="49.9999670833" lon="9.00183352538" />
  <node id="10728" visible="true" version="1" lat="49.99996794525" lon="9.00184077216" />
  <node id="10729" visible="true" version="1" lat="49.99996883055" lon="9.00184801217" />
  <node id="10730" visible="true" version="1" lat="49.99996973917" lon="9.00185524522" />
  <node id="10731" visible="true" version="1" lat="49.99997067109" lon="9.00186247114" />
  <node id="10732" visible="true" version="1" lat="49.99997162628" lon="9.00186968973" />
  <node id="10733" visible="true" version="1" lat="49.99997260473" lon="9.00187690083" />
  <node id="10734" visible="true" version="1" lat="49.9999736064" lon="9.00188410424" />
  <node id="10735" visible="true" version="1" lat="49.99997463128" lon="9.0018912998" />
  <node id="10736" visible="true" version="1" lat="49.99997567933" lon="9.00189848731" />
  <node id="10737" visible="true" version="1" lat="49.99997675054" lon="9.00190566661" />
  <node id="10738" visible="true" version="1" lat="49.99997784487" lon="9.00191283751" />
  <node id="10739" visible="true" version="1" lat="49.99997896229" lon="9.00191999983" />
  <node id="10740" visible="true" version="1" lat="49.99998010279" lon="9.00192715339" />
  <node id="10741" visible="true" version="1" lat="49.99998126632" lon="9.00193429802" />
  <node id="10742" visible="true" version="1" lat="49.99998245287" lon="9.00194143353" />
  <node id="10743" visible="true" version="1" lat="49.9999836624" lon="9.00194855975" />
  <node id="10744" visible="true" version="1" lat="49.99998489488" lon="9.0019556765" />
  <node id="10745" visible="true" version="1" lat="49.99998615028" lon="9.0019627836" />
  <node id="10746" visible="true" version="1" lat="49.99998742857" lon="9.00196988087" />
  <node id="10747" visible="true" version="1" lat="49.99998872972" lon="9.00197696814" />
  <node id="10748" visible="true" version="1" lat="49.99999005369" lon="9.00198404523" />
  <node id="10749" visible="true" version="1" lat="49.99999140045" lon="9.00199111196" />
  <node id="10750" visible="true" version="1" lat="49.99999276997" lon="9.00199816815" />
  <node id="10751" visible="true" version="1" lat="49.99999416221" lon="9.00200521364" />
  <node id="10752" visible="true" version="1" lat="49.99999557715" lon="9.00201224824" />
  <node id="10753" visible="true" version="1" lat="49.99999701473" lon="9.00201927177" />
  <node id="10754" visible="true" version="1" lat="49.99999847494" lon="9.00202628406" />
  <node id="10755" visible="true" version="1" lat="49.99999995772" lon="9.00203328494" />
  <node id="10756" visible="true" version="1" lat="50.00000146305" lon="9.00204027424" />
  <node id="10757" visible="true" version="1" lat="50.00000299089" lon="9.00204725176" />
  <node id="10758" visible="true" version="1" lat="50.00000454119" lon="9.00205421735" />
  <node id="10759" visible="true" version="1" lat="50.00000611393" lon="9.00206117083" />
  <node id="10760" visible="true" version="1" lat="50.00000770905" lon="9.00206811202" />
  <node id="10761" visible="true" version="1" lat="50.00000932653" lon="9.00207504076" />
  <node id="10762" visible="true" version="1" lat="50.00001096631" lon="9.00208195685" />
  <node id="10763" visible="true" version="1" lat="50.00001262836" lon="9.00208886015" />
  <node id="10764" visible="true" version="1" lat="50.00001431264" lon="9.00209575046" />
  <node id="10765" visible="true" version="1" lat="50.00001601911" lon="9.00210262763" />
  <node id="10766" visible="true" version="1" lat="50.00001774771" lon="9.00210949147" />
  <node id="10767" visible="true" version="1" lat="50.00001949842" lon="9.00211634182" />
  <node id="10768" visible="true" version="1" lat="50.00002127118" lon="9.0021231785" />
  <node id="10769" visible="true" version="1" lat="50.00002306595" lon="9.00213000134" />
  <node id="10770" visible="true" version="1" lat="50.00002488269" lon="9.00213681018" />
  <node id="10771" visible="true" version="1" lat="50.00002672136" lon="9.00214360485" />
  <node id="10772" visible="true" version="1" lat="50.00002858189" lon="9.00215038516" />
  <node id="10773" visible="true" version="1" lat="50.00003046425" lon="9.00215715096" />
  <node id="10774" visible="true" version="1" lat="50.0000323684" lon="9.00216390207" />
  <node id="10775" visible="true" version="1" lat="50.00003429428" lon="9.00217063833" />
  <node id="10776" visible="true" version="1" lat="50.00003624184" lon="9.00217735957" />
  <node id="10777" visible="true" version="1" lat="50.00003821105" lon="9.00218406562" />
  <node id="10778" visible="true" version="1" lat="50.00004020183" lon="9.0021907563" />
  <node id="10779" visible="true" version="1" lat="50.00004221416" lon="9.00219743147" />
  <node id="10780" visible="true" version="1" lat="50.00004424798" lon="9.00220409093" />
  <node id="10781" visible="true" version="1" lat="50.00004630323" lon="9.00221073454" />
  <node id="10782" visible="true" version="1" lat="50.00004837987" lon="9.00221736213" />
  <node id="10783" visible="true" version="1" lat="50.00005047784" lon="9.00222397352" />
  <node id="10784" visible="true" version="1" lat="50.00005259709" lon="9.00223056856" />
  <node id="10785" visible="true" version="1" lat="50.00005473757" lon="9.00223714708" />
  <node id="10786" visible="true" version="1" lat="50.00005689922" lon="9.00224370891" />
  <node id="10787" visible="true" version="1" lat="50.000059082" lon="9.0022502539" />
  <node id="10788" visible="true" version="1" lat="50.00006128584" lon="9.00225678187" />
  <node id="10789" visible="true" version="1" lat="50.00006351069" lon="9.00226329266" />
  <node id="10790" visible="true" version="1" lat="50.0000657565" lon="9.00226978612" />
  <node id="10791" visible="true" version="1" lat="50.0000680232" lon="9.00227626207" />
  <node id="10792" visible="true" version="1" lat="50.00007031075" lon="9.00228272036" />
  <node id="10793" visible="true" version="1" lat="50.00007261909" lon="9.00228916082" />
  <node id="10794" visible="true" version="1" lat="50.00007494815" lon="9.0022955833" />
  <node id="10795" visible="true" version="1" lat="50.00007729788" lon="9.00230198764" />
  <node id="10796" visible="true" version="1" lat="50.00007966822" lon="9.00230837367" />
  <node id="10797" visible="true" version="1" lat="50.00008205911" lon="9.00231474123" />
  <node id="10798" visible="true" version="1" lat="50.0000844705" lon="9.00232109016" />
  <node id="10799" visible="true" version="1" lat="50.00008690231" lon="9.00232742032" />
  <node id="10800" visible="true" version="1" lat="50.0000893545" lon="9.00233373153" />
  <node id="10801" visible="true" version="1" lat="50.000091827" lon="9.00234002364" />
  <node id="10802" visible="true" version="1" lat="50.00009431974" lon="9.00234629649" />
  <node id="10803" visible="true" version="1" lat="50.00009683267" lon="9.00235254993" />
  <node id="10804" visible="true" version="1" lat="50.00009936572" lon="9.0023587838" />
  <node id="10805" visible="true" version="1" lat="50.00010191883" lon="9.00236499795" />
  <node id="10806" visible="true" version="1" lat="50.00010449193" lon="9.00237119221" />
  <node id="10807" visible="true" version="1" lat="50.00010708497" lon="9.00237736643" />
  <node id="10808" visible="true" version="1" lat="50.00010969787" lon="9.00238352047" />
  <node id="10809" visible="true" version="1" lat="50.00011233057" lon="9.00238965416" />
  <node id="10810" visible="true" version="1" lat="50.000114983" lon="9.00239576735" />
  <node id="10811" visible="true" version="1" lat="50.00011765511" lon="9.00240185989" />
  <node id="10812" visible="true" version="1" lat="50.00012034682" lon="9.00240793163" />
  <node id="10813" visible="true" version="1" lat="50.00012305806" lon="9.00241398241" />
  <node id="10814" visible="true" version="1" lat="50.00012578877" lon="9.00242001209" />
  <node id="10815" visible="true" version="1" lat="50.00012853887" lon="9.00242602051" />
  <node id="10816" visible="true" version="1" lat="50.00013130831" lon="9.00243200753" />
  <node id="10817" visible="true" version="1" lat="50.000134097" lon="9.00243797298" />
  <node id="10818" visible="true" version="1" lat="50.00013690489" lon="9.00244391674" />
  <node id="10819" visible="true" version="1" lat="50.0001397319" lon="9.00244983863" />
  <node id="10820" visible="true" version="1" lat="50.00014257796" lon="9.00245573853" />
  <node id="10821" visible="true" version="1" lat="50.00014544299" lon="9.00246161627" />
  <node id="10822" visible="true" version="1" lat="50.00014832694" lon="9.00246747172" />
  <node id="10823" visible="true" version="1" lat="50.00015122971" lon="9.00247330472" />
  <node id="10824" visible="true" version="1" lat="50.00015415125" lon="9.00247911514" />
  <node id="10825" visible="true" version="1" lat="50.00015709148" lon="9.00248490282" />
  <node id="10826" visible="true" version="1" lat="50.00016005033" lon="9.00249066762" />
  <node id="10827" visible="true" version="1" lat="50.00016302772" lon="9.0024964094" />
  <node id="10828" visible="true" version="1" lat="50.00016602357" lon="9.00250212801" />
  <node id="10829" visible="true" version="1" lat="50.00016903782" lon="9.00250782332" />
  <node id="10830" visible="true" version="1" lat="50.00017207038" lon="9.00251349517" />
  <node id="10831" visible="true" version="1" lat="50.00017512119" lon="9.00251914342" />
  <node id="10832" visible="true" version="1" lat="50.00017819016" lon="9.00252476794" />
  <node id="10833" visible="true" version="1" lat="50.00018127722" lon="9.00253036859" />
  <node id="10834" visible="true" version="1" lat="50.00018438229" lon="9.00253594522" />
  <node id="10835" visible="true" version="1" lat="50.0001875053" lon="9.0025414977" />
  <node id="10836" visible="true" version="1" lat="50.00019064616" lon="9.00254702588" />
  <node id="10837" visible="true" version="1" lat="50.0001938048" lon="9.00255252963" />
  <node id="10838" visible="true" version="1" lat="50.00019698113" lon="9.00255800881" />
  <node id="10839" visible="true" version="1" lat="50.00020017508" lon="9.00256346328" />
  <node id="10840" visible="true" version="1" lat="50.00020338658" lon="9.00256889291" />
  <node id="10841" visible="true" version="1" lat="50.00020661553" lon="9.00257429756" />
  <node id="10842" visible="true" version="1" lat="50.00020986186" lon="9.0025796771" />
  <node id="10843" visible="true" version="1" lat="50.00021312548" lon="9.00258503139" />
  <node id="10844" visible="true" version="1" lat="50.00021640633" lon="9.00259036029" />
  <node id="10845" visible="true" version="1" lat="50.0002197043" lon="9.00259566368" />
  <node id="10846" visible="true" version="1" lat="50.00022301932" lon="9.00260094143" />
  <node id="10847" visible="true" version="1" lat="50.00022635132" lon="9.00260619339" />
  <node id="10848" visible="true" version="1" lat="50.00022970019" lon="9.00261141944" />
  <node id="10849" visible="true" version="1" lat="50.00023306587" lon="9.00261661945" />
  <node id="10850" visible="true" version="1" lat="50.00023644827" lon="9.00262179329" />
  <node id="10851" visible="true" version="1" lat="50.00023984729" lon="9.00262694083" />
  <node id="10852" visible="true" version="1" lat="50.00024326286" lon="9.00263206193" />
  <node id="10853" visible="true" version="1" lat="50.0002466949" lon="9.00263715648" />
  <node id="10854" visible="true" version="1" lat="50.00025014331" lon="9.00264222435" />
  <node id="10855" visible="true" version="1" lat="50.00025360801" lon="9.0026472654" />
  <node id="10856" visible="true" version="1" lat="50.00025708891" lon="9.00265227951" />
  <node id="10857" visible="true" version="1" lat="50.00026058593" lon="9.00265726656" />
  <node id="10858" visible="true" version="1" lat="50.00026409898" lon="9.00266222642" />
  <node id="10859" visible="true" version="1" lat="50.00026762797" lon="9.00266715897" />
  <node id="10860" visible="true" version="1" lat="50.00027117281" lon="9.00267206409" />
  <node id="10861" visible="true" version="1" lat="50.00027473342" lon="9.00267694164" />
  <node id="10862" visible="true" version="1" lat="50.0002783097" lon="9.00268179152" />
  <node id="10863" visible="true" version="1" lat="50.00028190157" lon="9.0026866136" />
  <node id="10864" visible="true" version="1" lat="50.00028550893" lon="9.00269140775" />
  <node id="10865" visible="true" version="1" lat="50.00028913169" lon="9.00269617386" />
  <node id="10866" visible="true" version="1" lat="50.00029276978" lon="9.00270091181" />
  <node id="10867" visible="true" version="1" lat="50.00029642308" lon="9.00270562148" />
  <node id="10868" visible="true" version="1" lat="50.00030009152" lon="9.00271030276" />
  <node id="10869" visible="true" version="1" lat="50.000303775" lon="9.00271495552" />
  <node id="10870" visible="true" version="1" lat="50.00030747343" lon="9.00271957965" />
  <node id="10871" visible="true" version="1" lat="50.00031118672" lon="9.00272417504" />
  <node id="10872" visible="true" version="1" lat="50.00031491477" lon="9.00272874156" />
  <node id="10873" visible="true" version="1" lat="50.00031865749" lon="9.00273327911" />
  <node id="10874" visible="true" version="1" lat="50.00032241478" lon="9.00273778757" />
  <node id="10875" visible="true" version="1" lat="50.00032618656" lon="9.00274226683" />
  <node id="10876" visible="true" version="1" lat="50.00032997273" lon="9.00274671677" />
  <node id="10877" visible="true" version="1" lat="50.00033377319" lon="9.00275113729" />
  <node id="10878" visible="true" version="1" lat="50.00033758785" lon="9.00275552828" />
  <node id="10879" visible="true" version="1" lat="50.00034141662" lon="9.00275988962" />
  <node id="10880" visible="true" version="1" lat="50.00034525939" lon="9.00276422121" />
  <node id="10881" visible="true" version="1" lat="50.00034911608" lon="9.00276852294" />
  <node id="10882" visible="true" version="1" lat="50.00035298658" lon="9.00277279469" />
  <node id="10883" visible="true" version="1" lat="50.0003568708" lon="9.00277703638" />
  <node id="10884" visible="true" version="1" lat="50.00036076864" lon="9.00278124787" />
  <node id="10885" visible="true" version="1" lat="50.00036468" lon="9.00278542908" />
  <node id="10886" visible="true" version="1" lat="50.00036860479" lon="9.0027895799" />
  <node id="10887" visible="true" version="1" lat="50.00037254291" lon="9.00279370022" />
  <node id="10888" visible="true" version="1" lat="50.00037649426" lon="9.00279778995" />
  <node id="10889" visible="true" version="1" lat="50.00038045874" lon="9.00280184897" />
  <node id="10890" visible="true" version="1" lat="50.00038443625" lon="9.00280587719" />
  <node id="10891" visible="true" version="1" lat="50.0003884267" lon="9.0028098745" />
  <node id="10892" visible="true" version="1" lat="50.00039242997" lon="9.00281384082" />
  <node id="10893" visible="true" version="1" lat="50.00039644598" lon="9.00281777603" />
  <node id="10894" visible="true" version="1" lat="50.00040047463" lon="9.00282168003" />
  <node id="10895" visible="true" version="1" lat="50.0004045158" lon="9.00282555274" />
  <node id="10896" visible="true" version="1" lat="50.0004085694" lon="9.00282939406" />
  <node id="10897" visible="true" version="1" lat="50.00041263534" lon="9.00283320388" />
  <node id="10898" visible="true" version="1" lat="50.0004167135" lon="9.00283698212" />
  <node id="10899" visible="true" version="1" lat="50.00042080378" lon="9.00284072868" />
  <node id="10900" visible="true" version="1" lat="50.00042490609" lon="9.00284444346" />
  <node id="10901" visible="true" version="1" lat="50.00042902032" lon="9.00284812637" />
  <node id="10902" visible="true" version="1" lat="50.00043314637" lon="9.00285177732" />
  <node id="10903" visible="true" version="1" lat="50.00043728414" lon="9.00285539623" />
  <node id="10904" visible="true" version="1" lat="50.00044143351" lon="9.00285898299" />
  <node id="10905" visible="true" version="1" lat="50.00044559439" lon="9.00286253752" />
  <node id="10906" visible="true" version="1" lat="50.00044976668" lon="9.00286605973" />
  <node id="10907" visible="true" version="1" lat="50.00045395026" lon="9.00286954953" />
  <node id="10908" visible="true" version="1" lat="50.00045814504" lon="9.00287300684" />
  <node id="10909" visible="true" version="1" lat="50.00046235091" lon="9.00287643156" />
  <node id="10910" visible="true" version="1" lat="50.00046656777" lon="9.00287982362" />
  <node id="10911" visible="true" version="1" lat="50.0004707955" lon="9.00288318292" />
  <node id="10912" visible="true" version="1" lat="50.00047503401" lon="9.00288650939" />
  <node id="10913" visible="true" version="1" lat="50.00047928318" lon="9.00288980294" />
  <node id="10914" visible="true" version="1" lat="50.00048354292" lon="9.00289306349" />
  <node id="10915" visible="true" version="1" lat="50.00048781311" lon="9.00289629095" />
  <node id="10916" visible="true" version="1" lat="50.00049209365" lon="9.00289948525" />
  <node id="10917" visible="true" version="1" lat="50.00049638443" lon="9.00290264631" />
  <node id="10918" visible="true" version="1" lat="50.00050068534" lon="9.00290577405" />
  <node id="10919" visible="true" version="1" lat="50.00050499628" lon="9.00290886838" />
  <node id="10920" visible="true" version="1" lat="50.00050931714" lon="9.00291192923" />
  <node id="10921" visible="true" version="1" lat="50.00051364781" lon="9.00291495653" />
  <node id="10922" visible="true" version="1" lat="50.00051798818" lon="9.0029179502" />
  <node id="10923" visible="true" version="1" lat="50.00052233815" lon="9.00292091017" />
  <node id="10924" visible="true" version="1" lat="50.0005266976" lon="9.00292383635" />
  <node id="10925" visible="true" version="1" lat="50.00053106642" lon="9.00292672868" />
  <node id="10926" visible="true" version="1" lat="50.00053544452" lon="9.00292958709" />
  <node id="10927" visible="true" version="1" lat="50.00053983177" lon="9.0029324115" />
  <node id="10928" visible="true" version="1" lat="50.00054422807" lon="9.00293520184" />
  <node id="10929" visible="true" version="1" lat="50.0005486333" lon="9.00293795805" />
  <node id="10930" visible="true" version="1" lat="50.00055304737" lon="9.00294068005" />
  <node id="10931" visible="true" version="1" lat="50.00055747015" lon="9.00294336778" />
  <node id="10932" visible="true" version="1" lat="50.00056190154" lon="9.00294602116" />
  <node id="10933" visible="true" version="1" lat="50.00056634142" lon="9.00294864014" />
  <node id="10934" visible="true" version="1" lat="50.00057078969" lon="9.00295122465" />
  <node id="10935" visible="true" version="1" lat="50.00057524623" lon="9.00295377461" />
  <node id="10936" visible="true" version="1" lat="50.00057971094" lon="9.00295628998" />
  <node id="10937" visible="true" version="1" lat="50.00058418369" lon="9.00295877069" />
  <node id="10938" visible="true" version="1" lat="50.00058866439" lon="9.00296121666" />
  <node id="10939" visible="true" version="1" lat="50.00059315291" lon="9.00296362785" />
  <node id="10940" visible="true" version="1" lat="50.00059764915" lon="9.0029660042" />
  <node id="10941" visible="true" version="1" lat="50.00060215298" lon="9.00296834563" />
  <node id="10942" visible="true" version="1" lat="50.00060666431" lon="9.0029706521" />
  <node id="10943" visible="true" version="1" lat="50.00061118302" lon="9.00297292355" />
  <node id="10944" visible="true" version="1" lat="50.00061570899" lon="9.00297515991" />
  <node id="10945" visible="true" version="1" lat="50.00062024211" lon="9.00297736115" />
  <node id="10946" visible="true" version="1" lat="50.00062478227" lon="9.00297952719" />
  <node id="10947" visible="true" version="1" lat="50.00062932935" lon="9.00298165798" />
  <node id="10948" visible="true" version="1" lat="50.00063388324" lon="9.00298375348" />
  <node id="10949" visible="true" version="1" lat="50.00063844383" lon="9.00298581362" />
  <node id="10950" visible="true" version="1" lat="50.000643011" lon="9.00298783837" />
  <node id="10951" visible="true" version="1" lat="50.00064758464" lon="9.00298982766" />
  <node id="10952" visible="true" version="1" lat="50.00065216463" lon="9.00299178145" />
  <node id="10953" visible="true" version="1" lat="50.00065675086" lon="9.00299369968" />
  <node id="10954" visible="true" version="1" lat="50.00066134322" lon="9.00299558232" />
  <node id="10955" visible="true" version="1" lat="50.00066594159" lon="9.00299742931" />
  <node id="10956" visible="true" version="1" lat="50.00067054585" lon="9.00299924061" />
  <node id="10957" visible="true" version="1" lat="50.00067515589" lon="9.00300101617" />
  <node id="10958" visible="true" version="1" lat="50.0006797716" lon="9.00300275595" />
  <node id="10959" visible="true" version="1" lat="50.00068439285" lon="9.0030044599" />
  <node id="10960" visible="true" version="1" lat="50.00068901954" lon="9.00300612798" />
  <node id="10961" visible="true" version="1" lat="50.00069365155" lon="9.00300776015" />
  <node id="10962" visible="true" version="1" lat="50.00069828876" lon="9.00300935638" />
  <node id="10963" visible="true" version="1" lat="50.00070293106" lon="9.00301091661" />
  <node id="10964" visible="true" version="1" lat="50.00070757833" lon="9.00301244081" />
  <node id="10965" visible="true" version="1" lat="50.00071223045" lon="9.00301392894" />
  <node id="10966" visible="true" version="1" lat="50.00071688731" lon="9.00301538097" />
  <node id="10967" visible="true" version="1" lat="50.00072154879" lon="9.00301679686" />
  <node id="10968" visible="true" version="1" lat="50.00072621477" lon="9.00301817656" />
  <node id="10969" visible="true" version="1" lat="50.00073088515" lon="9.00301952006" />
  <node id="10970" visible="true" version="1" lat="50.00073555979" lon="9.00302082731" />
  <node id="10971" visible="true" version="1" lat="50.00074023859" lon="9.00302209829" />
  <node id="10972" visible="true" version="1" lat="50.00074492143" lon="9.00302333295" />
  <node id="10973" visible="true" version="1" lat="50.00074960818" lon="9.00302453128" />
  <node id="10974" visible="true" version="1" lat="50.00075429875" lon="9.00302569323" />
  <node id="10975" visible="true" version="1" lat="50.00075899299" lon="9.00302681879" />
  <node id="10976" visible="true" version="1" lat="50.00076369081" lon="9.00302790791" />
  <node id="10977" visible="true" version="1" lat="50.00076839208" lon="9.00302896059" />
  <node id="10978" visible="true" version="1" lat="50.00077309668" lon="9.00302997678" />
  <node id="10979" visible="true" version="1" lat="50.00077780449" lon="9.00303095646" />
  <node id="10980" visible="true" version="1" lat="50.00078251541" lon="9.00303189961" />
  <node id="10981" visible="true" version="1" lat="50.00078722931" lon="9.00303280621" />
  <node id="10982" visible="true" version="1" lat="50.00079194607" lon="9.00303367623" />
  <node id="10983" visible="true" version="1" lat="50.00079666557" lon="9.00303450966" />
  <node id="10984" visible="true" version="1" lat="50.0008013877" lon="9.00303530646" />
  <node id="10985" visible="true" version="1" lat="50.00080611234" lon="9.00303606662" />
  <node id="10986" visible="true" version="1" lat="50.00081083937" lon="9.00303679012" />
  <node id="10987" visible="true" version="1" lat="50.00081556868" lon="9.00303747695" />
  <node id="10988" visible="true" version="1" lat="50.00082030013" lon="9.00303812708" />
  <node id="10989" visible="true" version="1" lat="50.00082503363" lon="9.0030387405" />
  <node id="10990" visible="true" version="1" lat="50.00082976904" lon="9.0030393172" />
  <node id="10991" visible="true" version="1" lat="50.00083450625" lon="9.00303985715" />
  <node id="10992" visible="true" version="1" lat="50.00083924514" lon="9.00304036035" />
  <node id="10993" visible="true" version="1" lat="50.0008439856" lon="9.00304082679" />
  <node id="10994" visible="true" version="1" lat="50.0008487275" lon="9.00304125644" />
  <node id="10995" visible="true" version="1" lat="50.00085347072" lon="9.00304164931" />
  <node id="10996" visible="true" version="1" lat="50.00085821515" lon="9.00304200538" />
  <node id="10997" visible="true" version="1" lat="50.00086296067" lon="9.00304232464" />
  <node id="10998" visible="true" version="1" lat="50.00086770716" lon="9.00304260709" />
  <node id="10999" visible="true" version="1" lat="50.0008724545" lon="9.00304285271" />
  <node id="11000" visible="true" version="1" lat="50.00087720257" lon="9.00304306151" />
  <node id="11001" visible="true" version="1" lat="50.00088195126" lon="9.00304323347" />
  <node id="11002" visible="true" version="1" lat="50.00088670044" lon="9.00304336859" />
  <node id="11003" visible="true" version="1" lat="50.00089144999" lon="9.00304346688" />
  <node id="11004" visible="true" version="1" lat="50.00089619981" lon="9.00304352831" />
  <node id="11005" visible="true" version="1" lat="50.00090094976" lon="9.0030435529" />
  <node id="11006" visible="true" version="1" lat="50.00090569973" lon="9.00304354065" />
  <node id="11007" visible="true" version="1" lat="50.0009104496" lon="9.00304349155" />
  <node id="11008" visible="true" version="1" lat="50.00091519926" lon="9.0030434056" />
  <node id="11009" visible="true" version="1" lat="50.00091994858" lon="9.00304328281" />
  <node id="11010" visible="true" version="1" lat="50.00092469744" lon="9.00304312319" />
  <node id="11011" visible="true" version="1" lat="50.00092944573" lon="9.00304292672" />
  <node id="11012" visible="true" version="1" lat="50.00093419333" lon="9.00304269343" />
  <node id="11013" visible="true" version="1" lat="50.00093894012" lon="9.00304242331" />
  <node id="11014" visible="true" version="1" lat="50.00094368598" lon="9.00304211637" />
  <node id="11015" visible="true" version="1" lat="50.00094843078" lon="9.00304177262" />
  <node id="11016" visible="true" version="1" lat="50.00095317443" lon="9.00304139207" />
  <node id="11017" visible="true" version="1" lat="50.00095791678" lon="9.00304097473" />
  <node id="11018" visible="true" version="1" lat="50.00096265773" lon="9.00304052061" />
  <node id="11019" visible="true" version="1" lat="50.00096739716" lon="9.00304002971" />
  <node id="11020" visible="true" version="1" lat="50.00097213495" lon="9.00303950206" />
  <node id="11021" visible="true" version="1" lat="50.00097687097" lon="9.00303893766" />
  <node id="11022" visible="true" version="1" lat="50.00098160512" lon="9.00303833653" />
  <node id="11023" visible="true" version="1" lat="50.00098633728" lon="9.00303769868" />
  <node id="11024" visible="true" version="1" lat="50.00099106731" lon="9.00303702414" />
  <node id="11025" visible="true" version="1" lat="50.00099579512" lon="9.00303631291" />
  <node id="11026" visible="true" version="1" lat="50.00100052057" lon="9.00303556501" />
  <node id="11027" visible="true" version="1" lat="50.00100524356" lon="9.00303478047" />
  <node id="11028" visible="true" version="1" lat="50.00100996395" lon="9.0030339593" />
  <node id="11029" visible="true" version="1" lat="50.00101468164" lon="9.00303310153" />
  <node id="11030" visible="true" version="1" lat="50.00101939651" lon="9.00303220717" />
  <node id="11031" visible="true" version="1" lat="50.00102410844" lon="9.00303127624" />
  <node id="11032" visible="true" version="1" lat="50.00102881731" lon="9.00303030878" />
  <node id="11033" visible="true" version="1" lat="50.001033523" lon="9.0030293048" />
  <node id="11034" visible="true" version="1" lat="50.00103822539" lon="9.00302826433" />
  <node id="11035" visible="true" version="1" lat="50.00104292438" lon="9.0030271874" />
  <node id="11036" visible="true" version="1" lat="50.00104761983" lon="9.00302607403" />
  <node id="11037" visible="true" version="1" lat="50.00105231164" lon="9.00302492424" />
  <node id="11038" visible="true" version="1" lat="50.00105699968" lon="9.00302373808" />
  <node id="11039" visible="true" version="1" lat="50.00106168384" lon="9.00302251557" />
  <node id="11040" visible="true" version="1" lat="50.00106636401" lon="9.00302125674" />
  <node id="11041" visible="true" version="1" lat="50.00107104006" lon="9.00301996161" />
  <node id="11042" visible="true" version="1" lat="50.00107571187" lon="9.00301863023" />
  <node id="11043" visible="true" version="1" lat="50.00108037934" lon="9.00301726263" />
  <node id="11044" visible="true" version="1" lat="50.00108504234" lon="9.00301585883" />
  <node id="11045" visible="true" version="1" lat="50.00108970076" lon="9.00301441889" />
  <node id="11046" visible="true" version="1" lat="50.00109435448" lon="9.00301294282" />
  <node id="11047" visible="true" version="1" lat="50.00109900338" lon="9.00301143067" />
  <node id="11048" visible="true" version="1" lat="50.00110364735" lon="9.00300988248" />
  <node id="11049" visible="true" version="1" lat="50.00110828628" lon="9.00300829829" />
  <node id="11050" visible="true" version="1" lat="50.00111292004" lon="9.00300667812" />
  <node id="11051" visible="true" version="1" lat="50.00111754852" lon="9.00300502204" />
  <node id="11052" visible="true" version="1" lat="50.00112217161" lon="9.00300333007" />
  <node id="11053" visible="true" version="1" lat="50.00112678918" lon="9.00300160226" />
  <node id="11054" visible="true" version="1" lat="50.00113140113" lon="9.00299983865" />
  <node id="11055" visible="true" version="1" lat="50.00113600734" lon="9.00299803928" />
  <node id="11056" visible="true" version="1" lat="50.00114060769" lon="9.00299620421" />
  <node id="11057" visible="true" version="1" lat="50.00114520207" lon="9.00299433347" />
  <node id="11058" visible="true" version="1" lat="50.00114979037" lon="9.00299242712" />
  <node id="11059" visible="true" version="1" lat="50.00115437246" lon="9.0029904852" />
  <node id="11060" visible="true" version="1" lat="50.00115894824" lon="9.00298850776" />
  <node id="11061" visible="true" version="1" lat="50.00116351758" lon="9.00298649485" />
  <node id="11062" visible="true" version="1" lat="50.00116808039" lon="9.00298444652" />
  <node id="11063" visible="true" version="1" lat="50.00117263653" lon="9.00298236282" />
  <node id="11064" visible="true" version="1" lat="50.0011771859" lon="9.0029802438" />
  <node id="11065" visible="true" version="1" lat="50.00118172839" lon="9.00297808951" />
  <node id="11066" visible="true" version="1" lat="50.00118626387" lon="9.00297590002" />
  <node id="11067" visible="true" version="1" lat="50.00119079225" lon="9.00297367537" />
  <node id="11068" visible="true" version="1" lat="50.00119531339" lon="9.00297141562" />
  <node id="11069" visible="true" version="1" lat="50.0011998272" lon="9.00296912083" />
  <node id="11070" visible="true" version="1" lat="50.00120433356" lon="9.00296679105" />
  <node id="11071" visible="true" version="1" lat="50.00120883235" lon="9.00296442635" />
  <node id="11072" visible="true" version="1" lat="50.00121332346" lon="9.00296202677" />
  <node id="11073" visible="true" version="1" lat="50.00121780678" lon="9.00295959239" />
  <node id="11074" visible="true" version="1" lat="50.00122228221" lon="9.00295712326" />
  <node id="11075" visible="true" version="1" lat="50.00122674962" lon="9.00295461944" />
  <node id="11076" visible="true" version="1" lat="50.0012312089" lon="9.00295208099" />
  <node id="11077" visible="true" version="1" lat="50.00123565995" lon="9.00294950799" />
  <node id="11078" visible="true" version="1" lat="50.00124010265" lon="9.00294690049" />
  <node id="11079" visible="true" version="1" lat="50.00124453689" lon="9.00294425857" />
  <node id="11080" visible="true" version="1" lat="50.00124896256" lon="9.00294158227" />
  <node id="11081" visible="true" version="1" lat="50.00125337954" lon="9.00293887168" />
  <node id="11082" visible="true" version="1" lat="50.00125778774" lon="9.00293612686" />
  <node id="11083" visible="true" version="1" lat="50.00126218704" lon="9.00293334788" />
  <node id="11084" visible="true" version="1" lat="50.00126657733" lon="9.0029305348" />
  <node id="11085" visible="true" version="1" lat="50.00127095849" lon="9.0029276877" />
  <node id="11086" visible="true" version="1" lat="50.00127533043" lon="9.00292480666" />
  <node id="11087" visible="true" version="1" lat="50.00127969302" lon="9.00292189173" />
  <node id="11088" visible="true" version="1" lat="50.00128404617" lon="9.002918943" />
  <node id="11089" visible="true" version="1" lat="50.00128838976" lon="9.00291596054" />
  <node id="11090" visible="true" version="1" lat="50.00129272368" lon="9.00291294442" />
  <node id="11091" visible="true" version="1" lat="50.00129704783" lon="9.00290989472" />
  <node id="11092" visible="true" version="1" lat="50.00130136209" lon="9.00290681151" />
  <node id="11093" visible="true" version="1" lat="50.00130566637" lon="9.00290369487" />
  <node id="11094" visible="true" version="1" lat="50.00130996054" lon="9.00290054488" />
  <node id="11095" visible="true" version="1" lat="50.00131424452" lon="9.00289736163" />
  <node id="11096" visible="true" version="1" lat="50.00131851817" lon="9.00289414517" />
  <node id="11097" visible="true" version="1" lat="50.00132278141" lon="9.00289089561" />
  <node id="11098" visible="true" version="1" lat="50.00132703413" lon="9.00288761302" />
  <node id="11099" visible="true" version="1" lat="50.00133127621" lon="9.00288429747" />
  <node id="11100" visible="true" version="1" lat="50.00133550755" lon="9.00288094906" />
  <node id="11101" visible="true" version="1" lat="50.00133972805" lon="9.00287756787" />
  <node id="11102" visible="true" version="1" lat="50.0013439376" lon="9.00287415398" />
  <node id="11103" visible="true" version="1" lat="50.00134813609" lon="9.00287070748" />
  <node id="11104" visible="true" version="1" lat="50.00135232342" lon="9.00286722846" />
  <node id="11105" visible="true" version="1" lat="50.00135649949" lon="9.00286371699" />
  <node id="11106" visible="true" version="1" lat="50.00136066419" lon="9.00286017317" />
  <node id="11107" visible="true" version="1" lat="50.00136481742" lon="9.00285659709" />
  <node id="11108" visible="true" version="1" lat="50.00136895907" lon="9.00285298884" />
  <node id="11109" visible="true" version="1" lat="50.00137308904" lon="9.0028493485" />
  <node id="11110" visible="true" version="1" lat="50.00137720722" lon="9.00284567617" />
  <node id="11111" visible="true" version="1" lat="50.00138131352" lon="9.00284197195" />
  <node id="11112" visible="true" version="1" lat="50.00138540783" lon="9.00283823591" />
  <node id="11113" visible="true" version="1" lat="50.00138949005" lon="9.00283446816" />
  <node id="11114" visible="true" version="1" lat="50.00139356007" lon="9.00283066879" />
  <node id="11115" visible="true" version="1" lat="50.0013976178" lon="9.00282683789" />
  <node id="11116" visible="true" version="1" lat="50.00140166313" lon="9.00282297556" />
  <node id="11117" visible="true" version="1" lat="50.00140569597" lon="9.0028190819" />
  <node id="11118" visible="true" version="1" lat="50.0014097162" lon="9.00281515701" />
  <node id="11119" visible="true" version="1" lat="50.00141372374" lon="9.00281120098" />
  <node id="11120" visible="true" version="1" lat="50.00141771847" lon="9.00280721391" />
  <node id="11121" visible="true" version="1" lat="50.00142170031" lon="9.0028031959" />
  <node id="11122" visible="true" version="1" lat="50.00142566914" lon="9.00279914705" />
  <node id="11123" visible="true" version="1" lat="50.00142962488" lon="9.00279506747" />
  <node id="11124" visible="true" version="1" lat="50.00143356742" lon="9.00279095725" />
  <node id="11125" visible="true" version="1" lat="50.00143749667" lon="9.00278681649" />
  <node id="11126" visible="true" version="1" lat="50.00144141252" lon="9.00278264531" />
  <node id="11127" visible="true" version="1" lat="50.00144531488" lon="9.00277844381" />
  <node id="11128" visible="true" version="1" lat="50.00144920365" lon="9.00277421208" />
  <node id="11129" visible="true" version="1" lat="50.00145307873" lon="9.00276995024" />
  <node id="11130" visible="true" version="1" lat="50.00145694003" lon="9.00276565839" />
  <node id="11131" visible="true" version="1" lat="50.00146078745" lon="9.00276133665" />
  <node id="11132" visible="true" version="1" lat="50.0014646209" lon="9.00275698511" />
  <node id="11133" visible="true" version="1" lat="50.00146844027" lon="9.00275260389" />
  <node id="11134" visible="true" version="1" lat="50.00147224547" lon="9.00274819309" />
  <node id="11135" visible="true" version="1" lat="50.00147603641" lon="9.00274375283" />
  <node id="11136" visible="true" version="1" lat="50.001479813" lon="9.00273928322" />
  <node id="11137" visible="true" version="1" lat="50.00148357513" lon="9.00273478437" />
  <node id="11138" visible="true" version="1" lat="50.00148732271" lon="9.00273025639" />
  <node id="11139" visible="true" version="1" lat="50.00149105566" lon="9.00272569939" />
  <node id="11140" visible="true" version="1" lat="50.00149477387" lon="9.0027211135" />
  <node id="11141" visible="true" version="1" lat="50.00149847726" lon="9.00271649881" />
  <node id="11142" visible="true" version="1" lat="50.00150216573" lon="9.00271185546" />
  <node id="11143" visible="true" version="1" lat="50.00150583919" lon="9.00270718355" />
  <node id="11144" visible="true" version="1" lat="50.00150949754" lon="9.0027024832" />
  <node id="11145" visible="true" version="1" lat="50.0015131407" lon="9.00269775454" />
  <node id="11146" visible="true" version="1" lat="50.00151676858" lon="9.00269299767" />
  <node id="11147" visible="true" version="1" lat="50.00152038108" lon="9.00268821271" />
  <node id="11148" visible="true" version="1" lat="50.00152397811" lon="9.0026833998" />
  <node id="11149" visible="true" version="1" lat="50.00152755959" lon="9.00267855903" />
  <node id="11150" visible="true" version="1" lat="50.00153112542" lon="9.00267369055" />
  <node id="11151" visible="true" version="1" lat="50.00153467552" lon="9.00266879447" />
  <node id="11152" visible="true" version="1" lat="50.00153820979" lon="9.0026638709" />
  <node id="11153" visible="true" version="1" lat="50.00154172815" lon="9.00265891998" />
  <node id="11154" visible="true" version="1" lat="50.00154523052" lon="9.00265394183" />
  <node id="11155" visible="true" version="1" lat="50.00154871679" lon="9.00264893658" />
  <node id="11156" visible="true" version="1" lat="50.00155218689" lon="9.00264390434" />
  <node id="11157" visible="true" version="1" lat="50.00155564073" lon="9.00263884524" />
  <node id="11158" visible="true" version="1" lat="50.00155907822" lon="9.00263375942" />
  <node id="11159" visible="true" version="1" lat="50.00156249928" lon="9.00262864699" />
  <node id="11160" visible="true" version="1" lat="50.00156590381" lon="9.00262350809" />
  <node id="11161" visible="true" version="1" lat="50.00156929175" lon="9.00261834284" />
  <node id="11162" visible="true" version="1" lat="50.00157266299" lon="9.00261315137" />
  <node id="11163" visible="true" version="1" lat="50.00157601746" lon="9.00260793382" />
  <node id="11164" visible="true" version="1" lat="50.00157935508" lon="9.00260269031" />
  <node id="11165" visible="true" version="1" lat="50.00158267575" lon="9.00259742097" />
  <node id="11166" visible="true" version="1" lat="50.0015859794" lon="9.00259212594" />
  <node id="11167" visible="true" version="1" lat="50.00158926595" lon="9.00258680535" />
  <node id="11168" visible="true" version="1" lat="50.0015925353" lon="9.00258145933" />
  <node id="11169" visible="true" version="1" lat="50.00159578739" lon="9.00257608802" />
  <node id="11170" visible="true" version="1" lat="50.00159902212" lon="9.00257069154" />
  <node id="11171" visible="true" version="1" lat="50.00160223942" lon="9.00256527004" />
  <node id="11172" visible="true" version="1" lat="50.00160543921" lon="9.00255982364" />
  <node id="11173" visible="true" version="1" lat="50.00160862141" lon="9.0025543525" />
  <node id="11174" visible="true" version="1" lat="50.00161178593" lon="9.00254885673" />
  <node id="11175" visible="true" version="1" lat="50.00161493271" lon="9.00254333649" />
  <node id="11176" visible="true" version="1" lat="50.00161806165" lon="9.0025377919" />
  <node id="11177" visible="true" version="1" lat="50.00162117268" lon="9.00253222311" />
  <node id="11178" visible="true" version="1" lat="50.00162426573" lon="9.00252663026" />
  <node id="11179" visible="true" version="1" lat="50.00162734072" lon="9.00252101348" />
  <node id="11180" visible="true" version="1" lat="50.00163039756" lon="9.00251537292" />
  <node id="11181" visible="true" version="1" lat="50.00163343619" lon="9.00250970871" />
  <node id="11182" visible="true" version="1" lat="50.00163645653" lon="9.002504021" />
  <node id="11183" visible="true" version="1" lat="50.00163945849" lon="9.00249830994" />
  <node id="11184" visible="true" version="1" lat="50.00164244202" lon="9.00249257566" />
  <node id="11185" visible="true" version="1" lat="50.00164540702" lon="9.0024868183" />
  <node id="11186" visible="true" version="1" lat="50.00164835344" lon="9.00248103802" />
  <node id="11187" visible="true" version="1" lat="50.00165128119" lon="9.00247523495" />
  <node id="11188" visible="true" version="1" lat="50.0016541902" lon="9.00246940924" />
  <node id="11189" visible="true" version="1" lat="50.00165708039" lon="9.00246356104" />
  <node id="11190" visible="true" version="1" lat="50.00165995171" lon="9.00245769049" />
  <node id="11191" visible="true" version="1" lat="50.00166280407" lon="9.00245179774" />
  <node id="11192" visible="true" version="1" lat="50.0016656374" lon="9.00244588293" />
  <node id="11193" visible="true" version="1" lat="50.00166845163" lon="9.00243994622" />
  <node id="11194" visible="true" version="1" lat="50.0016712467" lon="9.00243398776" />
  <node id="11195" visible="true" version="1" lat="50.00167402253" lon="9.00242800768" />
  <node id="11196" visible="true" version="1" lat="50.00167677905" lon="9.00242200615" />
  <node id="11197" visible="true" version="1" lat="50.00167951619" lon="9.00241598331" />
  <node id="11198" visible="true" version="1" lat="50.00168223389" lon="9.00240993931" />
  <node id="11199" visible="true" version="1" lat="50.00168493208" lon="9.0024038743" />
  <node id="11200" visible="true" version="1" lat="50.00168761069" lon="9.00239778843" />
  <node id="11201" visible="true" version="1" lat="50.00169026965" lon="9.00239168187" />
  <node id="11202" visible="true" version="1" lat="50.0016929089" lon="9.00238555475" />
  <node id="11203" visible="true" version="1" lat="50.00169552836" lon="9.00237940724" />
  <node id="11204" visible="true" version="1" lat="50.00169812798" lon="9.00237323948" />
  <node id="11205" visible="true" version="1" lat="50.0017007077" lon="9.00236705163" />
  <node id="11206" visible="true" version="1" lat="50.00170326743" lon="9.00236084385" />
  <node id="11207" visible="true" version="1" lat="50.00170580713" lon="9.00235461629" />
  <node id="11208" visible="true" version="1" lat="50.00170832673" lon="9.0023483691" />
  <node id="11209" visible="true" version="1" lat="50.00171082616" lon="9.00234210245" />
  <node id="11210" visible="true" version="1" lat="50.00171330537" lon="9.00233581648" />
  <node id="11211" visible="true" version="1" lat="50.00171576428" lon="9.00232951136" />
  <node id="11212" visible="true" version="1" lat="50.00171820284" lon="9.00232318725" />
  <node id="11213" visible="true" version="1" lat="50.001720621" lon="9.0023168443" />
  <node id="11214" visible="true" version="1" lat="50.00172301868" lon="9.00231048266" />
  <node id="11215" visible="true" version="1" lat="50.00172539582" lon="9.00230410251" />
  <node id="11216" visible="true" version="1" lat="50.00172775238" lon="9.002297704" />
  <node id="11217" visible="true" version="1" lat="50.00173008828" lon="9.00229128728" />
  <node id="11218" visible="true" version="1" lat="50.00173240348" lon="9.00228485253" />
  <node id="11219" visible="true" version="1" lat="50.00173469791" lon="9.00227839989" />
  <node id="11220" visible="true" version="1" lat="50.00173697151" lon="9.00227192954" />
  <node id="11221" visible="true" version="1" lat="50.00173922424" lon="9.00226544162" />
  <node id="11222" visible="true" version="1" lat="50.00174145602" lon="9.00225893632" />
  <node id="11223" visible="true" version="1" lat="50.00174366681" lon="9.00225241378" />
  <node id="11224" visible="true" version="1" lat="50.00174585656" lon="9.00224587418" />
  <node id="11225" visible="true" version="1" lat="50.0017480252" lon="9.00223931766" />
  <node id="11226" visible="true" version="1" lat="50.00175017268" lon="9.00223274441" />
  <node id="11227" visible="true" version="1" lat="50.00175229895" lon="9.00222615458" />
  <node id="11228" visible="true" version="1" lat="50.00175440396" lon="9.00221954834" />
  <node id="11229" visible="true" version="1" lat="50.00175648765" lon="9.00221292585" />
  <node id="11230" visible="true" version="1" lat="50.00175854997" lon="9.00220628728" />
  <node id="11231" visible="true" version="1" lat="50.00176059087" lon="9.0021996328" />
  <node id="11232" visible="true" version="1" lat="50.0017626103" lon="9.00219296256" />
  <node id="11233" visible="true" version="1" lat="50.00176460821" lon="9.00218627674" />
  <node id="11234" visible="true" version="1" lat="50.00176658455" lon="9.00217957551" />
  <node id="11235" visible="true" version="1" lat="50.00176853926" lon="9.00217285903" />
  <node id="11236" visible="true" version="1" lat="50.0017704723" lon="9.00216612747" />
  <node id="11237" visible="true" version="1" lat="50.00177238363" lon="9.002159381" />
  <node id="11238" visible="true" version="1" lat="50.00177427318" lon="9.00215261978" />
  <node id="11239" visible="true" version="1" lat="50.00177614093" lon="9.00214584399" />
  <node id="11240" visible="true" version="1" lat="50.00177798681" lon="9.0021390538" />
  <node id="11241" visible="true" version="1" lat="50.00177981079" lon="9.00213224937" />
  <node id="11242" visible="true" version="1" lat="50.00178161281" lon="9.00212543088" />
  <node id="11243" visible="true" version="1" lat="50.00178339284" lon="9.00211859849" />
  <node id="11244" visible="true" version="1" lat="50.00178515083" lon="9.00211175238" />
  <node id="11245" visible="true" version="1" lat="50.00178688673" lon="9.00210489272" />
  <node id="11246" visible="true" version="1" lat="50.0017886005" lon="9.00209801968" />
  <node id="11247" visible="true" version="1" lat="50.0017902921" lon="9.00209113343" />
  <node id="11248" visible="true" version="1" lat="50.00179196148" lon="9.00208423414" />
  <node id="11249" visible="true" version="1" lat="50.00179360861" lon="9.00207732199" />
  <node id="11250" visible="true" version="1" lat="50.00179523344" lon="9.00207039714" />
  <node id="11251" visible="true" version="1" lat="50.00179683594" lon="9.00206345978" />
  <node id="11252" visible="true" version="1" lat="50.00179841605" lon="9.00205651007" />
  <node id="11253" visible="true" version="1" lat="50.00179997375" lon="9.0020495482" />
  <node id="11254" visible="true" version="1" lat="50.00180150899" lon="9.00204257432" />
  <node id="11255" visible="true" version="1" lat="50.00180302174" lon="9.00203558863" />
  <node id="11256" visible="true" version="1" lat="50.00180451196" lon="9.00202859128" />
  <node id="11257" visible="true" version="1" lat="50.0018059796" lon="9.00202158246" />
  <node id="11258" visible="true" version="1" lat="50.00180742464" lon="9.00201456235" />
  <node id="11259" visible="true" version="1" lat="50.00180884704" lon="9.00200753111" />
  <node id="11260" visible="true" version="1" lat="50.00181024675" lon="9.00200048893" />
  <node id="11261" visible="true" version="1" lat="50.00181162376" lon="9.00199343597" />
  <node id="11262" visible="true" version="1" lat="50.00181297802" lon="9.00198637242" />
  <node id="11263" visible="true" version="1" lat="50.00181430949" lon="9.00197929846" />
  <node id="11264" visible="true" version="1" lat="50.00181561815" lon="9.00197221425" />
  <node id="11265" visible="true" version="1" lat="50.00181690397" lon="9.00196511998" />
  <node id="11266" visible="true" version="1" lat="50.0018181669" lon="9.00195801583" />
  <node id="11267" visible="true" version="1" lat="50.00181940693" lon="9.00195090196" />
  <node id="11268" visible="true" version="1" lat="50.00182062401" lon="9.00194377857" />
  <node id="11269" visible="true" version="1" lat="50.00182181811" lon="9.00193664582" />
  <node id="11270" visible="true" version="1" lat="50.00182298922" lon="9.0019295039" />
  <node id="11271" visible="true" version="1" lat="50.0018241373" lon="9.00192235298" />
  <node id="11272" visible="true" version="1" lat="50.00182526231" lon="9.00191519324" />
  <node id="11273" visible="true" version="1" lat="50.00182636423" lon="9.00190802487" />
  <node id="11274" visible="true" version="1" lat="50.00182744304" lon="9.00190084804" />
  <node id="11275" visible="true" version="1" lat="50.00182849871" lon="9.00189366293" />
  <node id="11276" visible="true" version="1" lat="50.00182953121" lon="9.00188646972" />
  <node id="11277" visible="true" version="1" lat="50.00183054051" lon="9.00187926859" />
  <node id="11278" visible="true" version="1" lat="50.00183152659" lon="9.00187205972" />
  <node id="11279" visible="true" version="1" lat="50.00183248942" lon="9.00186484329" />
  <node id="11280" visible="true" version="1" lat="50.00183342899" lon="9.00185761948" />
  <node id="11281" visible="true" version="1" lat="50.00183434526" lon="9.00185038848" />
  <node id="11282" visible="true" version="1" lat="50.00183523822" lon="9.00184315045" />
  <node id="11283" visible="true" version="1" lat="50.00183610784" lon="9.00183590559" />
  <node id="11284" visible="true" version="1" lat="50.0018369541" lon="9.00182865407" />
  <node id="11285" visible="true" version="1" lat="50.00183777698" lon="9.00182139608" />
  <node id="11286" visible="true" version="1" lat="50.00183857646" lon="9.0018141318" />
  <node id="11287" visible="true" version="1" lat="50.00183935252" lon="9.00180686141" />
  <node id="11288" visible="true" version="1" lat="50.00184010513" lon="9.00179958508" />
  <node id="11289" visible="true" version="1" lat="50.00184083429" lon="9.00179230301" />
  <node id="11290" visible="true" version="1" lat="50.00184153997" lon="9.00178501537" />
  <node id="11291" visible="true" version="1" lat="50.00184222215" lon="9.00177772235" />
  <node id="11292" visible="true" version="1" lat="50.00184288082" lon="9.00177042413" />
  <node id="11293" visible="true" version="1" lat="50.00184351596" lon="9.00176312089" />
  <node id="11294" visible="true" version="1" lat="50.00184412756" lon="9.00175581281" />
  <node id="11295" visible="true" version="1" lat="50.0018447156" lon="9.00174850009" />
  <node id="11296" visible="true" version="1" lat="50.00184528006" lon="9.00174118289" />
  <node id="11297" visible="true" version="1" lat="50.00184582093" lon="9.0017338614" />
  <node id="11298" visible="true" version="1" lat="50.0018463382" lon="9.00172653581" />
  <node id="11299" visible="true" version="1" lat="50.00184683185" lon="9.0017192063" />
  <node id="11300" visible="true" version="1" lat="50.00184730188" lon="9.00171187305" />
  <node id="11301" visible="true" version="1" lat="50.00184774827" lon="9.00170453624" />
  <node id="11302" visible="true" version="1" lat="50.001848171" lon="9.00169719607" />
  <node id="11303" visible="true" version="1" lat="50.00184857008" lon="9.0016898527" />
  <node id="11304" visible="true" version="1" lat="50.00184894548" lon="9.00168250634" />
  <node id="11305" visible="true" version="1" lat="50.0018492972" lon="9.00167515715" />
  <node id="11306" visible="true" version="1" lat="50.00184962524" lon="9.00166780532" />
  <node id="11307" visible="true" version="1" lat="50.00184992957" lon="9.00166045105" />
  <node id="11308" visible="true" version="1" lat="50.0018502102" lon="9.0016530945" />
  <node id="11309" visible="true" version="1" lat="50.00185046712" lon="9.00164573587" />
  <node id="11310" visible="true" version="1" lat="50.00185070032" lon="9.00163837533" />
  <node id="11311" visible="true" version="1" lat="50.0018509098" lon="9.00163101308" />
  <node id="11312" visible="true" version="1" lat="50.00185109554" lon="9.0016236493" />
  <node id="11313" visible="true" version="1" lat="50.00185125755" lon="9.00161628417" />
  <node id="11314" visible="true" version="1" lat="50.00185139582" lon="9.00160891787" />
  <node id="11315" visible="true" version="1" lat="50.00185151035" lon="9.0016015506" />
  <node id="11316" visible="true" version="1" lat="50.00185160114" lon="9.00159418252" />
  <node id="11318" visible="true" version="1" lat="49.9999662723" lon="9" />
  <node id="11319" visible="true" version="1" lat="49.9999662723" lon="9.0000069767" />
  <node id="11320" visible="true" version="1" lat="49.9999662723" lon="9.0000139534" />
  <node id="11321" visible="true" version="1" lat="49.9999662723" lon="9.0000209301" />
  <node id="11322" visible="true" version="1" lat="49.9999662723" lon="9.0000279068" />
  <node id="11323" visible="true" version="1" lat="49.99996627229" lon="9.0000348835" />
  <node id="11324" visible="true" version="1" lat="49.99996627229" lon="9.0000418602" />
  <node id="11325" visible="true" version="1" lat="49.99996627229" lon="9.0000488369" />
  <node id="11326" visible="true" version="1" lat="49.99996627229" lon="9.0000558136" />
  <node id="11327" visible="true" version="1" lat="49.99996627228" lon="9.0000627903" />
  <node id="11328" visible="true" version="1" lat="49.99996627228" lon="9.000069767" />
  <node id="11329" visible="true" version="1" lat="49.99996627227" lon="9.00007674369" />
  <node id="11330" visible="true" version="1" lat="49.99996627227" lon="9.00008372039" />
  <node id="11331" visible="true" version="1" lat="49.99996627226" lon="9.00009069709" />
  <node id="11332" visible="true" version="1" lat="49.99996627226" lon="9.00009767379" />
  <node id="11333" visible="true" version="1" lat="49.99996627225" lon="9.00010465049" />
  <node id="11334" visible="true" version="1" lat="49.99996627225" lon="9.00011162719" />
  <node id="11335" visible="true" version="1" lat="49.99996627224" lon="9.00011860389" />
  <node id="11336" visible="true" version="1" lat="49.99996627223" lon="9.00012558059" />
  <node id="11337" visible="true" version="1" lat="49.99996627222" lon="9.00013255729" />
  <node id="11338" visible="true" version="1" lat="49.99996627222" lon="9.00013953399" />
  <node id="11339" visible="true" version="1" lat="49.99996627221" lon="9.00014651069" />
  <node id="11340" visible="true" version="1" lat="49.9999662722" lon="9.00015348739" />
  <node id="11341" visible="true" version="1" lat="49.99996627219" lon="9.00016046409" />
  <node id="11342" visible="true" version="1" lat="49.99996627218" lon="9.00016744079" />
  <node id="11343" visible="true" version="1" lat="49.99996627217" lon="9.00017441749" />
  <node id="11344" visible="true" version="1" lat="49.99996627216" lon="9.00018139419" />
  <node id="11345" visible="true" version="1" lat="49.99996627215" lon="9.00018837089" />
  <node id="11346" visible="true" version="1" lat="49.99996627213" lon="9.00019534759" />
  <node id="11347" visible="true" version="1" lat="49.99996627212" lon="9.00020232429" />
  <node id="11348" visible="true" version="1" lat="49.99996627211" lon="9.00020930099" />
  <node id="11349" visible="true" version="1" lat="49.9999662721" lon="9.00021627769" />
  <node id="11350" visible="true" version="1" lat="49.99996627208" lon="9.00022325438" />
  <node id="11351" visible="true" version="1" lat="49.99996627207" lon="9.00023023108" />
  <node id="11352" visible="true" version="1" lat="49.99996627206" lon="9.00023720778" />
  <node id="11353" visible="true" version="1" lat="49.99996627204" lon="9.00024418448" />
  <node id="11354" visible="true" version="1" lat="49.99996627203" lon="9.00025116118" />
  <node id="11355" visible="true" version="1" lat="49.99996627201" lon="9.00025813788" />
  <node id="11356" visible="true" version="1" lat="49.999966272" lon="9.00026511458" />
  <node id="11357" visible="true" version="1" lat="49.99996627198" lon="9.00027209128" />
  <node id="11358" visible="true" version="1" lat="49.99996627196" lon="9.00027906798" />
  <node id="11359" visible="true" version="1" lat="49.99996627195" lon="9.00028604468" />
  <node id="11360" visible="true" version="1" lat="49.99996627193" lon="9.00029302138" />
  <node id="11361" visible="true" version="1" lat="49.99996627191" lon="9.00029999808" />
  <node id="11362" visible="true" version="1" lat="49.99996627189" lon="9.00030697478" />
  <node id="11363" visible="true" version="1" lat="49.99996627187" lon="9.00031395148" />
  <node id="11364" visible="true" version="1" lat="49.99996627186" lon="9.00032092818" />
  <node id="11365" visible="true" version="1" lat="49.99996627184" lon="9.00032790488" />
  <node id="11366" visible="true" version="1" lat="49.99996627182" lon="9.00033488158" />
  <node id="11367" visible="true" version="1" lat="49.9999662718" lon="9.00034185828" />
  <node id="11368" visible="true" version="1" lat="49.99996627177" lon="9.00034883498" />
  <node id="11369" visible="true" version="1" lat="49.99996627175" lon="9.00035581168" />
  <node id="11370" visible="true" version="1" lat="49.99996627173" lon="9.00036278838" />
  <node id="11371" visible="true" version="1" lat="49.99996627171" lon="9.00036976507" />
  <node id="11372" visible="true" version="1" lat="49.99996627169" lon="9.00037674177" />
  <node id="11373" visible="true" version="1" lat="49.99996627166" lon="9.00038371847" />
  <node id="11374" visible="true" version="1" lat="49.99996627164" lon="9.00039069517" />
  <node id="11375" visible="true" version="1" lat="49.99996627162" lon="9.00039767187" />
  <node id="11376" visible="true" version="1" lat="49.99996627159" lon="9.00040464857" />
  <node id="11377" visible="true" version="1" lat="49.99996627157" lon="9.00041162527" />
  <node id="11378" visible="true" version="1" lat="49.99996627154" lon="9.00041860197" />
  <node id="11379" visible="true" version="1" lat="49.99996627152" lon="9.00042557867" />
  <node id="11380" visible="true" version="1" lat="49.99996627149" lon="9.00043255537" />
  <node id="11381" visible="true" version="1" lat="49.99996627147" lon="9.00043953207" />
  <node id="11382" visible="true" version="1" lat="49.99996627144" lon="9.00044650877" />
  <node id="11383" visible="true" version="1" lat="49.99996627141" lon="9.00045348547" />
  <node id="11384" visible="true" version="1" lat="49.99996627139" lon="9.00046046217" />
  <node id="11385" visible="true" version="1" lat="49.99996627136" lon="9.00046743887" />
  <node id="11386" visible="true" version="1" lat="49.99996627133" lon="9.00047441557" />
  <node id="11387" visible="true" version="1" lat="49.9999662713" lon="9.00048139227" />
  <node id="11388" visible="true" version="1" lat="49.99996627127" lon="9.00048836897" />
  <node id="11389" visible="true" version="1" lat="49.99996627124" lon="9.00049534567" />
  <node id="11390" visible="true" version="1" lat="49.99996627121" lon="9.00050232237" />
  <node id="11391" visible="true" version="1" lat="49.99996627118" lon="9.00050929907" />
  <node id="11392" visible="true" version="1" lat="49.99996627115" lon="9.00051627576" />
  <node id="11393" visible="true" version="1" lat="49.99996627112" lon="9.00052325246" />
  <node id="11394" visible="true" version="1" lat="49.99996627109" lon="9.00053022916" />
  <node id="11395" visible="true" version="1" lat="49.99996627106" lon="9.00053720586" />
  <node id="11396" visible="true" version="1" lat="49.99996627102" lon="9.00054418256" />
  <node id="11397" visible="true" version="1" lat="49.99996627099" lon="9.00055115926" />
  <node id="11398" visible="true" version="1" lat="49.99996627096" lon="9.00055813596" />
  <node id="11399" visible="true" version="1" lat="49.99996627092" lon="9.00056511266" />
  <node id="11400" visible="true" version="1" lat="49.99996627089" lon="9.00057208936" />
  <node id="11401" visible="true" version="1" lat="49.99996627085" lon="9.00057906606" />
  <node id="11402" visible="true" version="1" lat="49.99996627082" lon="9.00058604276" />
  <node id="11403" visible="true" version="1" lat="49.99996627078" lon="9.00059301946" />
  <node id="11404" visible="true" version="1" lat="49.99996627075" lon="9.00059999616" />
  <node id="11405" visible="true" version="1" lat="49.99996627071" lon="9.00060697286" />
  <node id="11406" visible="true" version="1" lat="49.99996627067" lon="9.00061394956" />
  <node id="11407" visible="true" version="1" lat="49.99996627064" lon="9.00062092626" />
  <node id="11408" visible="true" version="1" lat="49.9999662706" lon="9.00062790296" />
  <node id="11409" visible="true" version="1" lat="49.99996627056" lon="9.00063487966" />
  <node id="11410" visible="true" version="1" lat="49.99996627052" lon="9.00064185636" />
  <node id="11411" visible="true" version="1" lat="49.99996627048" lon="9.00064883306" />
  <node id="11412" visible="true" version="1" lat="49.99996627045" lon="9.00065580976" />
  <node id="11413" visible="true" version="1" lat="49.99996627041" lon="9.00066278645" />
  <node id="11414" visible="true" version="1" lat="49.99996627037" lon="9.00066976315" />
  <node id="11415" visible="true" version="1" lat="49.99996627033" lon="9.00067673985" />
  <node id="11416" visible="true" version="1" lat="49.99996627028" lon="9.00068371655" />
  <node id="11417" visible="true" version="1" lat="49.99996627024" lon="9.00069069325" />
  <node id="11418" visible="true" version="1" lat="49.9999662702" lon="9.00069766995" />
  <node id="11419" visible="true" version="1" lat="49.99996627016" lon="9.00070464665" />
  <node id="11420" visible="true" version="1" lat="49.99996627012" lon="9.00071162335" />
  <node id="11421" visible="true" version="1" lat="49.99996627007" lon="9.00071860005" />
  <node id="11422" visible="true" version="1" lat="49.99996627003" lon="9.00072557675" />
  <node id="11423" visible="true" version="1" lat="49.99996626999" lon="9.00073255345" />
  <node id="11424" visible="true" version="1" lat="49.99996626994" lon="9.00073953015" />
  <node id="11425" visible="true" version="1" lat="49.9999662699" lon="9.00074650685" />
  <node id="11426" visible="true" version="1" lat="49.99996626985" lon="9.00075348355" />
  <node id="11427" visible="true" version="1" lat="49.99996626981" lon="9.00076046025" />
  <node id="11428" visible="true" version="1" lat="49.99996626976" lon="9.00076743695" />
  <node id="11429" visible="true" version="1" lat="49.99996626971" lon="9.00077441365" />
  <node id="11430" visible="true" version="1" lat="49.99996626967" lon="9.00078139035" />
  <node id="11431" visible="true" version="1" lat="49.99996626962" lon="9.00078836705" />
  <node id="11432" visible="true" version="1" lat="49.99996626957" lon="9.00079534375" />
  <node id="11433" visible="true" version="1" lat="49.99996626953" lon="9.00080232045" />
  <node id="11434" visible="true" version="1" lat="49.99996626948" lon="9.00080929714" />
  <node id="11435" visible="true" version="1" lat="49.99996626943" lon="9.00081627384" />
  <node id="11436" visible="true" version="1" lat="49.99996626938" lon="9.00082325054" />
  <node id="11437" visible="true" version="1" lat="49.99996626933" lon="9.00083022724" />
  <node id="11438" visible="true" version="1" lat="49.99996626928" lon="9.00083720394" />
  <node id="11439" visible="true" version="1" lat="49.99996626923" lon="9.00084418064" />
  <node id="11440" visible="true" version="1" lat="49.99996626918" lon="9.00085115734" />
  <node id="11441" visible="true" version="1" lat="49.99996626913" lon="9.00085813404" />
  <node id="11442" visible="true" version="1" lat="49.99996626907" lon="9.00086511074" />
  <node id="11443" visible="true" version="1" lat="49.99996626902" lon="9.00087208744" />
  <node id="11444" visible="true" version="1" lat="49.99996626897" lon="9.00087906414" />
  <node id="11445" visible="true" version="1" lat="49.99996626892" lon="9.00088604084" />
  <node id="11446" visible="true" version="1" lat="49.99996626886" lon="9.00089301754" />
  <node id="11447" visible="true" version="1" lat="49.99996626881" lon="9.00089999424" />
  <node id="11448" visible="true" version="1" lat="49.99996626875" lon="9.00090697094" />
  <node id="11449" visible="true" version="1" lat="49.9999662687" lon="9.00091394764" />
  <node id="11450" visible="true" version="1" lat="49.99996626864" lon="9.00092092434" />
  <node id="11451" visible="true" version="1" lat="49.99996626859" lon="9.00092790104" />
  <node id="11452" visible="true" version="1" lat="49.99996626853" lon="9.00093487774" />
  <node id="11453" visible="true" version="1" lat="49.99996626848" lon="9.00094185444" />
  <node id="11454" visible="true" version="1" lat="49.99996626842" lon="9.00094883114" />
  <node id="11455" visible="true" version="1" lat="49.99996626836" lon="9.00095580783" />
  <node id="11456" visible="true" version="1" lat="49.9999662683" lon="9.00096278453" />
  <node id="11457" visible="true" version="1" lat="49.99996626825" lon="9.00096976123" />
  <node id="11458" visible="true" version="1" lat="49.99996626819" lon="9.00097673793" />
  <node id="11459" visible="true" version="1" lat="49.99996626813" lon="9.00098371463" />
  <node id="11460" visible="true" version="1" lat="49.99996626807" lon="9.00099069133" />
  <node id="11461" visible="true" version="1" lat="49.99996626801" lon="9.00099766803" />
  <node id="11462" visible="true" version="1" lat="49.99996626795" lon="9.00100464473" />
  <node id="11463" visible="true" version="1" lat="49.99996626789" lon="9.00101162143" />
  <node id="11464" visible="true" version="1" lat="49.99996626783" lon="9.00101859813" />
  <node id="11465" visible="true" version="1" lat="49.99996626777" lon="9.00102557483" />
  <node id="11466" visible="true" version="1" lat="49.9999662677" lon="9.00103255153" />
  <node id="11467" visible="true" version="1" lat="49.99996626764" lon="9.00103952823" />
  <node id="11468" visible="true" version="1" lat="49.99996626758" lon="9.00104650493" />
  <node id="11469" visible="true" version="1" lat="49.99996626752" lon="9.00105348163" />
  <node id="11470" visible="true" version="1" lat="49.99996626745" lon="9.00106045833" />
  <node id="11471" visible="true" version="1" lat="49.99996626739" lon="9.00106743503" />
  <node id="11472" visible="true" version="1" lat="49.99996626732" lon="9.00107441173" />
  <node id="11473" visible="true" version="1" lat="49.99996626726" lon="9.00108138843" />
  <node id="11474" visible="true" version="1" lat="49.99996626719" lon="9.00108836513" />
  <node id="11475" visible="true" version="1" lat="49.99996626713" lon="9.00109534183" />
  <node id="11476" visible="true" version="1" lat="49.99996626706" lon="9.00110231852" />
  <node id="11477" visible="true" version="1" lat="49.999966267" lon="9.00110929522" />
  <node id="11478" visible="true" version="1" lat="49.99996626693" lon="9.00111627192" />
  <node id="11479" visible="true" version="1" lat="49.99996626686" lon="9.00112324862" />
  <node id="11480" visible="true" version="1" lat="49.99996626679" lon="9.00113022532" />
  <node id="11481" visible="true" version="1" lat="49.99996626673" lon="9.00113720202" />
  <node id="11482" visible="true" version="1" lat="49.99996626666" lon="9.00114417872" />
  <node id="11483" visible="true" version="1" lat="49.99996626659" lon="9.00115115542" />
  <node id="11484" visible="true" version="1" lat="49.99996626652" lon="9.00115813212" />
  <node id="11485" visible="true" version="1" lat="49.99996626645" lon="9.00116510882" />
  <node id="11486" visible="true" version="1" lat="49.99996626638" lon="9.00117208552" />
  <node id="11487" visible="true" version="1" lat="49.99996626631" lon="9.00117906222" />
  <node id="11488" visible="true" version="1" lat="49.99996626624" lon="9.00118603892" />
  <node id="11489" visible="true" version="1" lat="49.99996626617" lon="9.00119301562" />
  <node id="11490" visible="true" version="1" lat="49.99996626609" lon="9.00119999232" />
  <node id="11491" visible="true" version="1" lat="49.99996626602" lon="9.00120696902" />
  <node id="11492" visible="true" version="1" lat="49.99996626595" lon="9.00121394572" />
  <node id="11493" visible="true" version="1" lat="49.99996626588" lon="9.00122092242" />
  <node id="11494" visible="true" version="1" lat="49.9999662658" lon="9.00122789912" />
  <node id="11495" visible="true" version="1" lat="49.99996626573" lon="9.00123487582" />
  <node id="11496" visible="true" version="1" lat="49.99996626565" lon="9.00124185252" />
  <node id="11497" visible="true" version="1" lat="49.99996626558" lon="9.00124882921" />
  <node id="11498" visible="true" version="1" lat="49.9999662655" lon="9.00125580591" />
  <node id="11499" visible="true" version="1" lat="49.99996626543" lon="9.00126278261" />
  <node id="11500" visible="true" version="1" lat="49.99996626535" lon="9.00126975931" />
  <node id="11501" visible="true" version="1" lat="49.99996626528" lon="9.00127673601" />
  <node id="11502" visible="true" version="1" lat="49.9999662652" lon="9.00128371271" />
  <node id="11503" visible="true" version="1" lat="49.99996626512" lon="9.00129068941" />
  <node id="11504" visible="true" version="1" lat="49.99996626504" lon="9.00129766611" />
  <node id="11505" visible="true" version="1" lat="49.99996626496" lon="9.00130464281" />
  <node id="11506" visible="true" version="1" lat="49.99996626489" lon="9.00131161951" />
  <node id="11507" visible="true" version="1" lat="49.99996626481" lon="9.00131859621" />
  <node id="11508" visible="true" version="1" lat="49.99996626473" lon="9.00132557291" />
  <node id="11509" visible="true" version="1" lat="49.99996626465" lon="9.00133254961" />
  <node id="11510" visible="true" version="1" lat="49.99996626457" lon="9.00133952631" />
  <node id="11511" visible="true" version="1" lat="49.99996626449" lon="9.00134650301" />
  <node id="11512" visible="true" version="1" lat="49.99996626441" lon="9.00135347971" />
  <node id="11513" visible="true" version="1" lat="49.99996626432" lon="9.00136045641" />
  <node id="11514" visible="true" version="1" lat="49.99996626424" lon="9.00136743311" />
  <node id="11515" visible="true" version="1" lat="49.99996626416" lon="9.00137440981" />
  <node id="11516" visible="true" version="1" lat="49.99996626408" lon="9.00138138651" />
  <node id="11517" visible="true" version="1" lat="49.99996626399" lon="9.0013883632" />
  <node id="11518" visible="true" version="1" lat="49.99996626391" lon="9.0013953399" />
  <node id="11519" visible="true" version="1" lat="49.99996626391" lon="9.0013953399" />
  <node id="11520" visible="true" version="1" lat="49.999966264" lon="9.00140244738" />
  <node id="11521" visible="true" version="1" lat="49.99996626476" lon="9.00140955486" />
  <node id="11522" visible="true" version="1" lat="49.99996626662" lon="9.00141666234" />
  <node id="11523" visible="true" version="1" lat="49.99996627005" lon="9.00142376982" />
  <node id="11524" visible="true" version="1" lat="49.99996627548" lon="9.00143087729" />
  <node id="11525" visible="true" version="1" lat="49.99996628337" lon="9.00143798476" />
  <node id="11526" visible="true" version="1" lat="49.99996629417" lon="9.00144509222" />
  <node id="11527" visible="true" version="1" lat="49.99996630833" lon="9.00145219967" />
  <node id="11528" visible="true" version="1" lat="49.9999663263" lon="9.00145930709" />
  <node id="11529" visible="true" version="1" lat="49.99996634852" lon="9.00146641449" />
  <node id="11530" visible="true" version="1" lat="49.99996637545" lon="9.00147352184" />
  <node id="11531" visible="true" version="1" lat="49.99996640754" lon="9.00148062915" />
  <node id="11532" visible="true" version="1" lat="49.99996644524" lon="9.00148773638" />
  <node id="11533" visible="true" version="1" lat="49.99996648899" lon="9.00149484354" />
  <node id="11534" visible="true" version="1" lat="49.99996653925" lon="9.00150195059" />
  <node id="11535" visible="true" version="1" lat="49.99996659646" lon="9.00150905751" />
  <node id="11536" visible="true" version="1" lat="49.99996666108" lon="9.00151616428" />
  <node id="11537" visible="true" version="1" lat="49.99996673355" lon="9.00152327087" />
  <node id="11538" visible="true" version="1" lat="49.99996681432" lon="9.00153037725" />
  <node id="11539" visible="true" version="1" lat="49.99996690385" lon="9.00153748337" />
  <node id="11540" visible="true" version="1" lat="49.99996700258" lon="9.0015445892" />
  <node id="11541" visible="true" version="1" lat="49.99996711097" lon="9.00155169468" />
  <node id="11542" visible="true" version="1" lat="49.99996722945" lon="9.00155879978" />
  <node id="11543" visible="true" version="1" lat="49.99996735848" lon="9.00156590444" />
  <node id="11544" visible="true" version="1" lat="49.99996749852" lon="9.0015730086" />
  <node id="11545" visible="true" version="1" lat="49.99996764999" lon="9.00158011219" />
  <node id="11546" visible="true" version="1" lat="49.99996781337" lon="9.00158721515" />
  <node id="11547" visible="true" version="1" lat="49.99996798909" lon="9.00159431739" />
  <node id="11548" visible="true" version="1" lat="49.9999681776" lon="9.00160141885" />
  <node id="11549" visible="true" version="1" lat="49.99996837935" lon="9.00160851943" />
  <node id="11550" visible="true" version="1" lat="49.99996859478" lon="9.00161561905" />
  <node id="11551" visible="true" version="1" lat="49.99996882435" lon="9.0016227176" />
  <node id="11552" visible="true" version="1" lat="49.99996906851" lon="9.00162981497" />
  <node id="11553" visible="true" version="1" lat="49.99996932769" lon="9.00163691106" />
  <node id="11554" visible="true" version="1" lat="49.99996960234" lon="9.00164400576" />
  <node id="11555" visible="true" version="1" lat="49.99996989291" lon="9.00165109892" />
  <node id="11556" visible="true" version="1" lat="49.99997019985" lon="9.00165819043" />
  <node id="11557" visible="true" version="1" lat="49.9999705236" lon="9.00166528014" />
  <node id="11558" visible="true" version="1" lat="49.9999708646" lon="9.0016723679" />
  <node id="11559" visible="true" version="1" lat="49.9999712233" lon="9.00167945355" />
  <node id="11560" visible="true" version="1" lat="49.99997160013" lon="9.00168653694" />
  <node id="11561" visible="true" version="1" lat="49.99997199555" lon="9.00169361789" />
  <node id="11562" visible="true" version="1" lat="49.99997240999" lon="9.00170069623" />
  <node id="11563" visible="true" version="1" lat="49.9999728439" lon="9.00170777175" />
  <node id="11564" visible="true" version="1" lat="49.99997329771" lon="9.00171484427" />
  <node id="11565" visible="true" version="1" lat="49.99997377186" lon="9.00172191358" />
  <node id="11566" visible="true" version="1" lat="49.99997426679" lon="9.00172897945" />
  <node id="11567" visible="true" version="1" lat="49.99997478293" lon="9.00173604167" />
  <node id="11568" visible="true" version="1" lat="49.99997532073" lon="9.00174310001" />
  <node id="11569" visible="true" version="1" lat="49.99997588061" lon="9.00175015421" />
  <node id="11570" visible="true" version="1" lat="49.99997588061" lon="9.00175015421" />
  <node id="11571" visible="true" version="1" lat="49.99997647376" lon="9.00175733379" />
  <node id="11572" visible="true" version="1" lat="49.99997709005" lon="9.00176450869" />
  <node id="11573" visible="true" version="1" lat="49.99997772945" lon="9.00177167872" />
  <node id="11574" visible="true" version="1" lat="49.99997839195" lon="9.00177884369" />
  <node id="11575" visible="true" version="1" lat="49.99997907753" lon="9.00178600344" />
  <node id="11576" visible="true" version="1" lat="49.99997978618" lon="9.00179315778" />
  <node id="11577" visible="true" version="1" lat="49.99998051787" lon="9.00180030654" />
  <node id="11578" visible="true" version="1" lat="49.9999812726" lon="9.00180744953" />
  <node id="11579" visible="true" version="1" lat="49.99998205034" lon="9.00181458657" />
  <node id="11580" visible="true" version="1" lat="49.99998285107" lon="9.0018217175" />
  <node id="11581" visible="true" version="1" lat="49.99998367477" lon="9.00182884212" />
  <node id="11582" visible="true" version="1" lat="49.99998452142" lon="9.00183596027" />
  <node id="11583" visible="true" version="1" lat="49.999985391" lon="9.00184307176" />
  <node id="11584" visible="true" version="1" lat="49.99998628349" lon="9.00185017642" />
  <node id="11585" visible="true" version="1" lat="49.99998719887" lon="9.00185727406" />
  <node id="11586" visible="true" version="1" lat="49.9999881371" lon="9.00186436452" />
  <node id="11587" visible="true" version="1" lat="49.99998909818" lon="9.00187144761" />
  <node id="11588" visible="true" version="1" lat="49.99999008208" lon="9.00187852315" />
  <node id="11589" visible="true" version="1" lat="49.99999108876" lon="9.00188559098" />
  <node id="11590" visible="true" version="1" lat="49.99999211821" lon="9.00189265091" />
  <node id="11591" visible="true" version="1" lat="49.9999931704" lon="9.00189970277" />
  <node id="11592" visible="true" version="1" lat="49.9999942453" lon="9.00190674637" />
  <node id="11593" visible="true" version="1" lat="49.9999953429" lon="9.00191378155" />
  <node id="11594" visible="true" version="1" lat="49.99999646315" lon="9.00192080813" />
  <node id="11595" visible="true" version="1" lat="49.99999760603" lon="9.00192782593" />
  <node id="11596" visible="true" version="1" lat="49.99999877151" lon="9.00193483478" />
  <node id="11597" visible="true" version="1" lat="49.99999995957" lon="9.0019418345" />
  <node id="11598" visible="true" version="1" lat="50.00000117017" lon="9.00194882492" />
  <node id="11599" visible="true" version="1" lat="50.00000240329" lon="9.00195580586" />
  <node id="11600" visible="true" version="1" lat="50.00000365888" lon="9.00196277715" />
  <node id="11601" visible="true" version="1" lat="50.00000493693" lon="9.00196973861" />
  <node id="11602" visible="true" version="1" lat="50.0000062374" lon="9.00197669007" />
  <node id="11603" visible="true" version="1" lat="50.00000756026" lon="9.00198363136" />
  <node id="11604" visible="true" version="1" lat="50.00000890547" lon="9.0019905623" />
  <node id="11605" visible="true" version="1" lat="50.000010273" lon="9.00199748272" />
  <node id="11606" visible="true" version="1" lat="50.00001166282" lon="9.00200439244" />
  <node id="11607" visible="true" version="1" lat="50.00001307488" lon="9.0020112913" />
  <node id="11608" visible="true" version="1" lat="50.00001450917" lon="9.00201817912" />
  <node id="11609" visible="true" version="1" lat="50.00001596563" lon="9.00202505572" />
  <node id="11610" visible="true" version="1" lat="50.00001744424" lon="9.00203192095" />
  <node id="11611" visible="true" version="1" lat="50.00001894496" lon="9.00203877462" />
  <node id="11612" visible="true" version="1" lat="50.00002046774" lon="9.00204561656" />
  <node id="11613" visible="true" version="1" lat="50.00002201256" lon="9.0020524466" />
  <node id="11614" visible="true" version="1" lat="50.00002357936" lon="9.00205926458" />
  <node id="11615" visible="true" version="1" lat="50.00002516813" lon="9.00206607032" />
  <node id="11616" visible="true" version="1" lat="50.0000267788" lon="9.00207286365" />
  <node id="11617" visible="true" version="1" lat="50.00002841135" lon="9.0020796444" />
  <node id="11618" visible="true" version="1" lat="50.00003006573" lon="9.0020864124" />
  <node id="11619" visible="true" version="1" lat="50.00003174191" lon="9.00209316749" />
  <node id="11620" visible="true" version="1" lat="50.00003343983" lon="9.00209990949" />
  <node id="11621" visible="true" version="1" lat="50.00003515946" lon="9.00210663824" />
  <node id="11622" visible="true" version="1" lat="50.00003690075" lon="9.00211335356" />
  <node id="11623" visible="true" version="1" lat="50.00003866367" lon="9.00212005529" />
  <node id="11624" visible="true" version="1" lat="50.00004044816" lon="9.00212674327" />
  <node id="11625" visible="true" version="1" lat="50.00004225418" lon="9.00213341732" />
  <node id="11626" visible="true" version="1" lat="50.00004408169" lon="9.00214007727" />
  <node id="11627" visible="true" version="1" lat="50.00004593064" lon="9.00214672297" />
  <node id="11628" visible="true" version="1" lat="50.00004780098" lon="9.00215335424" />
  <node id="11629" visible="true" version="1" lat="50.00004969267" lon="9.00215997093" />
  <node id="11630" visible="true" version="1" lat="50.00005160567" lon="9.00216657285" />
  <node id="11631" visible="true" version="1" lat="50.00005353991" lon="9.00217315986" />
  <node id="11632" visible="true" version="1" lat="50.00005549536" lon="9.00217973178" />
  <node id="11633" visible="true" version="1" lat="50.00005747197" lon="9.00218628845" />
  <node id="11634" visible="true" version="1" lat="50.00005946968" lon="9.0021928297" />
  <node id="11635" visible="true" version="1" lat="50.00006148845" lon="9.00219935538" />
  <node id="11636" visible="true" version="1" lat="50.00006352822" lon="9.00220586532" />
  <node id="11637" visible="true" version="1" lat="50.00006558895" lon="9.00221235935" />
  <node id="11638" visible="true" version="1" lat="50.00006767059" lon="9.00221883732" />
  <node id="11639" visible="true" version="1" lat="50.00006977307" lon="9.00222529906" />
  <node id="11640" visible="true" version="1" lat="50.00007189635" lon="9.00223174441" />
  <node id="11641" visible="true" version="1" lat="50.00007404038" lon="9.00223817321" />
  <node id="11642" visible="true" version="1" lat="50.0000762051" lon="9.0022445853" />
  <node id="11643" visible="true" version="1" lat="50.00007839046" lon="9.00225098052" />
  <node id="11644" visible="true" version="1" lat="50.0000805964" lon="9.00225735871" />
  <node id="11645" visible="true" version="1" lat="50.00008282287" lon="9.00226371971" />
  <node id="11646" visible="true" version="1" lat="50.00008506981" lon="9.00227006335" />
  <node id="11647" visible="true" version="1" lat="50.00008733717" lon="9.00227638949" />
  <node id="11648" visible="true" version="1" lat="50.00008962489" lon="9.00228269797" />
  <node id="11649" visible="true" version="1" lat="50.00009193291" lon="9.00228898862" />
  <node id="11650" visible="true" version="1" lat="50.00009426117" lon="9.00229526128" />
  <node id="11651" visible="true" version="1" lat="50.00009660963" lon="9.00230151581" />
  <node id="11652" visible="true" version="1" lat="50.00009897821" lon="9.00230775205" />
  <node id="11653" visible="true" version="1" lat="50.00010136685" lon="9.00231396983" />
  <node id="11654" visible="true" version="1" lat="50.00010377551" lon="9.00232016901" />
  <node id="11655" visible="true" version="1" lat="50.00010620412" lon="9.00232634943" />
  <node id="11656" visible="true" version="1" lat="50.00010865261" lon="9.00233251093" />
  <node id="11657" visible="true" version="1" lat="50.00011112093" lon="9.00233865336" />
  <node id="11658" visible="true" version="1" lat="50.00011360902" lon="9.00234477657" />
  <node id="11659" visible="true" version="1" lat="50.00011611681" lon="9.00235088041" />
  <node id="11660" visible="true" version="1" lat="50.00011864423" lon="9.00235696471" />
  <node id="11661" visible="true" version="1" lat="50.00012119124" lon="9.00236302934" />
  <node id="11662" visible="true" version="1" lat="50.00012375776" lon="9.00236907413" />
  <node id="11663" visible="true" version="1" lat="50.00012634373" lon="9.00237509894" />
  <node id="11664" visible="true" version="1" lat="50.00012894908" lon="9.00238110362" />
  <node id="11665" visible="true" version="1" lat="50.00013157375" lon="9.00238708801" />
  <node id="11666" visible="true" version="1" lat="50.00013421768" lon="9.00239305196" />
  <node id="11667" visible="true" version="1" lat="50.00013688079" lon="9.00239899534" />
  <node id="11668" visible="true" version="1" lat="50.00013956302" lon="9.00240491798" />
  <node id="11669" visible="true" version="1" lat="50.00014226431" lon="9.00241081974" />
  <node id="11670" visible="true" version="1" lat="50.00014498459" lon="9.00241670048" />
  <node id="11671" visible="true" version="1" lat="50.00014772378" lon="9.00242256004" />
  <node id="11672" visible="true" version="1" lat="50.00015048183" lon="9.00242839828" />
  <node id="11673" visible="true" version="1" lat="50.00015325865" lon="9.00243421506" />
  <node id="11674" visible="true" version="1" lat="50.00015605419" lon="9.00244001022" />
  <node id="11675" visible="true" version="1" lat="50.00015886836" lon="9.00244578363" />
  <node id="11676" visible="true" version="1" lat="50.00016170111" lon="9.00245153514" />
  <node id="11677" visible="true" version="1" lat="50.00016455236" lon="9.0024572646" />
  <node id="11678" visible="true" version="1" lat="50.00016742204" lon="9.00246297187" />
  <node id="11679" visible="true" version="1" lat="50.00017031008" lon="9.00246865681" />
  <node id="11680" visible="true" version="1" lat="50.0001732164" lon="9.00247431928" />
  <node id="11681" visible="true" version="1" lat="50.00017614094" lon="9.00247995913" />
  <node id="11682" visible="true" version="1" lat="50.00017908361" lon="9.00248557623" />
  <node id="11683" visible="true" version="1" lat="50.00018204436" lon="9.00249117044" />
  <node id="11684" visible="true" version="1" lat="50.00018502309" lon="9.0024967416" />
  <node id="11685" visible="true" version="1" lat="50.00018801974" lon="9.00250228959" />
  <node id="11686" visible="true" version="1" lat="50.00019103423" lon="9.00250781427" />
  <node id="11687" visible="true" version="1" lat="50.00019406649" lon="9.0025133155" />
  <node id="11688" visible="true" version="1" lat="50.00019711645" lon="9.00251879314" />
  <node id="11689" visible="true" version="1" lat="50.00020018401" lon="9.00252424705" />
  <node id="11690" visible="true" version="1" lat="50.00020326912" lon="9.0025296771" />
  <node id="11691" visible="true" version="1" lat="50.00020637169" lon="9.00253508315" />
  <node id="11692" visible="true" version="1" lat="50.00020949164" lon="9.00254046506" />
  <node id="11693" visible="true" version="1" lat="50.0002126289" lon="9.00254582271" />
  <node id="11694" visible="true" version="1" lat="50.00021578338" lon="9.00255115596" />
  <node id="11695" visible="true" version="1" lat="50.00021895501" lon="9.00255646467" />
  <node id="11696" visible="true" version="1" lat="50.00022214372" lon="9.00256174871" />
  <node id="11697" visible="true" version="1" lat="50.00022534941" lon="9.00256700795" />
  <node id="11698" visible="true" version="1" lat="50.00022857201" lon="9.00257224226" />
  <node id="11699" visible="true" version="1" lat="50.00023181144" lon="9.00257745151" />
  <node id="11700" visible="true" version="1" lat="50.00023506762" lon="9.00258263557" />
  <node id="11701" visible="true" version="1" lat="50.00023834047" lon="9.0025877943" />
  <node id="11702" visible="true" version="1" lat="50.0002416299" lon="9.00259292758" />
  <node id="11703" visible="true" version="1" lat="50.00024493583" lon="9.00259803528" />
  <node id="11704" visible="true" version="1" lat="50.00024825818" lon="9.00260311728" />
  <node id="11705" visible="true" version="1" lat="50.00025159687" lon="9.00260817344" />
  <node id="11706" visible="true" version="1" lat="50.00025495181" lon="9.00261320364" />
  <node id="11707" visible="true" version="1" lat="50.00025832293" lon="9.00261820775" />
  <node id="11708" visible="true" version="1" lat="50.00026171012" lon="9.00262318565" />
  <node id="11709" visible="true" version="1" lat="50.00026511332" lon="9.00262813722" />
  <node id="11710" visible="true" version="1" lat="50.00026853244" lon="9.00263306232" />
  <node id="11711" visible="true" version="1" lat="50.00027196738" lon="9.00263796085" />
  <node id="11712" visible="true" version="1" lat="50.00027541807" lon="9.00264283266" />
  <node id="11713" visible="true" version="1" lat="50.00027888441" lon="9.00264767765" />
  <node id="11714" visible="true" version="1" lat="50.00028236633" lon="9.00265249569" />
  <node id="11715" visible="true" version="1" lat="50.00028586373" lon="9.00265728667" />
  <node id="11716" visible="true" version="1" lat="50.00028937652" lon="9.00266205045" />
  <node id="11717" visible="true" version="1" lat="50.00029290463" lon="9.00266678693" />
  <node id="11718" visible="true" version="1" lat="50.00029644796" lon="9.00267149598" />
  <node id="11719" visible="true" version="1" lat="50.00030000642" lon="9.00267617748" />
  <node id="11720" visible="true" version="1" lat="50.00030357992" lon="9.00268083133" />
  <node id="11721" visible="true" version="1" lat="50.00030716837" lon="9.00268545739" />
  <node id="11722" visible="true" version="1" lat="50.00031077169" lon="9.00269005557" />
  <node id="11723" visible="true" version="1" lat="50.00031438979" lon="9.00269462574" />
  <node id="11724" visible="true" version="1" lat="50.00031802256" lon="9.00269916778" />
  <node id="11725" visible="true" version="1" lat="50.00032166993" lon="9.00270368159" />
  <node id="11726" visible="true" version="1" lat="50.00032533181" lon="9.00270816705" />
  <node id="11727" visible="true" version="1" lat="50.00032900809" lon="9.00271262405" />
  <node id="11728" visible="true" version="1" lat="50.00033269869" lon="9.00271705248" />
  <node id="11729" visible="true" version="1" lat="50.00033640351" lon="9.00272145222" />
  <node id="11730" visible="true" version="1" lat="50.00034012247" lon="9.00272582318" />
  <node id="11731" visible="true" version="1" lat="50.00034385547" lon="9.00273016523" />
  <node id="11732" visible="true" version="1" lat="50.00034760242" lon="9.00273447826" />
  <node id="11733" visible="true" version="1" lat="50.00035136322" lon="9.00273876219" />
  <node id="11734" visible="true" version="1" lat="50.00035513778" lon="9.00274301688" />
  <node id="11735" visible="true" version="1" lat="50.000358926" lon="9.00274724224" />
  <node id="11736" visible="true" version="1" lat="50.00036272779" lon="9.00275143817" />
  <node id="11737" visible="true" version="1" lat="50.00036654306" lon="9.00275560455" />
  <node id="11738" visible="true" version="1" lat="50.00037037171" lon="9.00275974129" />
  <node id="11739" visible="true" version="1" lat="50.00037421364" lon="9.00276384828" />
  <node id="11740" visible="true" version="1" lat="50.00037806876" lon="9.00276792541" />
  <node id="11741" visible="true" version="1" lat="50.00038193698" lon="9.00277197259" />
  <node id="11742" visible="true" version="1" lat="50.00038581818" lon="9.00277598971" />
  <node id="11743" visible="true" version="1" lat="50.00038971229" lon="9.00277997668" />
  <node id="11744" visible="true" version="1" lat="50.0003936192" lon="9.00278393339" />
  <node id="11745" visible="true" version="1" lat="50.00039753881" lon="9.00278785975" />
  <node id="11746" visible="true" version="1" lat="50.00040147102" lon="9.00279175565" />
  <node id="11747" visible="true" version="1" lat="50.00040541574" lon="9.00279562101" />
  <node id="11748" visible="true" version="1" lat="50.00040937287" lon="9.00279945571" />
  <node id="11749" visible="true" version="1" lat="50.00041334231" lon="9.00280325967" />
  <node id="11750" visible="true" version="1" lat="50.00041732395" lon="9.0028070328" />
  <node id="11751" visible="true" version="1" lat="50.00042131771" lon="9.00281077499" />
  <node id="11752" visible="true" version="1" lat="50.00042532348" lon="9.00281448616" />
  <node id="11753" visible="true" version="1" lat="50.00042934116" lon="9.0028181662" />
  <node id="11754" visible="true" version="1" lat="50.00043337065" lon="9.00282181504" />
  <node id="11755" visible="true" version="1" lat="50.00043741184" lon="9.00282543258" />
  <node id="11756" visible="true" version="1" lat="50.00044146465" lon="9.00282901872" />
  <node id="11757" visible="true" version="1" lat="50.00044552896" lon="9.00283257338" />
  <node id="11758" visible="true" version="1" lat="50.00044960468" lon="9.00283609647" />
  <node id="11759" visible="true" version="1" lat="50.0004536917" lon="9.0028395879" />
  <node id="11760" visible="true" version="1" lat="50.00045778992" lon="9.00284304758" />
  <node id="11761" visible="true" version="1" lat="50.00046189924" lon="9.00284647543" />
  <node id="11762" visible="true" version="1" lat="50.00046601956" lon="9.00284987137" />
  <node id="11763" visible="true" version="1" lat="50.00047015077" lon="9.0028532353" />
  <node id="11764" visible="true" version="1" lat="50.00047429277" lon="9.00285656714" />
  <node id="11765" visible="true" version="1" lat="50.00047844545" lon="9.00285986681" />
  <node id="11766" visible="true" version="1" lat="50.00048260872" lon="9.00286313423" />
  <node id="11767" visible="true" version="1" lat="50.00048678247" lon="9.00286636931" />
  <node id="11768" visible="true" version="1" lat="50.00049096659" lon="9.00286957198" />
  <node id="11769" visible="true" version="1" lat="50.00049516098" lon="9.00287274215" />
  <node id="11770" visible="true" version="1" lat="50.00049936553" lon="9.00287587974" />
  <node id="11771" visible="true" version="1" lat="50.00050358014" lon="9.00287898469" />
  <node id="11772" visible="true" version="1" lat="50.00050780471" lon="9.0028820569" />
  <node id="11773" visible="true" version="1" lat="50.00051203913" lon="9.0028850963" />
  <node id="11774" visible="true" version="1" lat="50.00051628328" lon="9.00288810282" />
  <node id="11775" visible="true" version="1" lat="50.00052053708" lon="9.00289107638" />
  <node id="11776" visible="true" version="1" lat="50.0005248004" lon="9.0028940169" />
  <node id="11777" visible="true" version="1" lat="50.00052907315" lon="9.00289692432" />
  <node id="11778" visible="true" version="1" lat="50.00053335521" lon="9.00289979856" />
  <node id="11779" visible="true" version="1" lat="50.00053764649" lon="9.00290263954" />
  <node id="11780" visible="true" version="1" lat="50.00054194686" lon="9.00290544721" />
  <node id="11781" visible="true" version="1" lat="50.00054625624" lon="9.00290822148" />
  <node id="11782" visible="true" version="1" lat="50.00055057449" lon="9.00291096229" />
  <node id="11783" visible="true" version="1" lat="50.00055490153" lon="9.00291366957" />
  <node id="11784" visible="true" version="1" lat="50.00055923724" lon="9.00291634325" />
  <node id="11785" visible="true" version="1" lat="50.00056358151" lon="9.00291898326" />
  <node id="11786" visible="true" version="1" lat="50.00056793424" lon="9.00292158954" />
  <node id="11787" visible="true" version="1" lat="50.00057229531" lon="9.00292416203" />
  <node id="11788" visible="true" version="1" lat="50.00057666461" lon="9.00292670065" />
  <node id="11789" visible="true" version="1" lat="50.00058104204" lon="9.00292920535" />
  <node id="11790" visible="true" version="1" lat="50.00058542749" lon="9.00293167607" />
  <node id="11791" visible="true" version="1" lat="50.00058982085" lon="9.00293411273" />
  <node id="11792" visible="true" version="1" lat="50.00059422201" lon="9.00293651529" />
  <node id="11793" visible="true" version="1" lat="50.00059863085" lon="9.00293888367" />
  <node id="11794" visible="true" version="1" lat="50.00060304728" lon="9.00294121783" />
  <node id="11795" visible="true" version="1" lat="50.00060747117" lon="9.0029435177" />
  <node id="11796" visible="true" version="1" lat="50.00061190241" lon="9.00294578323" />
  <node id="11797" visible="true" version="1" lat="50.0006163409" lon="9.00294801435" />
  <node id="11798" visible="true" version="1" lat="50.00062078653" lon="9.00295021102" />
  <node id="11799" visible="true" version="1" lat="50.00062523918" lon="9.00295237317" />
  <node id="11800" visible="true" version="1" lat="50.00062969875" lon="9.00295450076" />
  <node id="11801" visible="true" version="1" lat="50.00063416511" lon="9.00295659372" />
  <node id="11802" visible="true" version="1" lat="50.00063863816" lon="9.00295865202" />
  <node id="11803" visible="true" version="1" lat="50.0006431178" lon="9.00296067559" />
  <node id="11804" visible="true" version="1" lat="50.00064760389" lon="9.00296266439" />
  <node id="11805" visible="true" version="1" lat="50.00065209634" lon="9.00296461837" />
  <node id="11806" visible="true" version="1" lat="50.00065659504" lon="9.00296653747" />
  <node id="11807" visible="true" version="1" lat="50.00066109986" lon="9.00296842166" />
  <node id="11808" visible="true" version="1" lat="50.00066561069" lon="9.00297027087" />
  <node id="11809" visible="true" version="1" lat="50.00067012743" lon="9.00297208507" />
  <node id="11810" visible="true" version="1" lat="50.00067464996" lon="9.00297386422" />
  <node id="11811" visible="true" version="1" lat="50.00067917817" lon="9.00297560825" />
  <node id="11812" visible="true" version="1" lat="50.00068371194" lon="9.00297731715" />
  <node id="11813" visible="true" version="1" lat="50.00068825116" lon="9.00297899085" />
  <node id="11814" visible="true" version="1" lat="50.00069279572" lon="9.00298062932" />
  <node id="11815" visible="true" version="1" lat="50.00069734551" lon="9.00298223252" />
  <node id="11816" visible="true" version="1" lat="50.0007019004" lon="9.0029838004" />
  <node id="11817" visible="true" version="1" lat="50.00070646029" lon="9.00298533293" />
  <node id="11818" visible="true" version="1" lat="50.00071102506" lon="9.00298683007" />
  <node id="11819" visible="true" version="1" lat="50.0007155946" lon="9.00298829179" />
  <node id="11820" visible="true" version="1" lat="50.00072016879" lon="9.00298971804" />
  <node id="11821" visible="true" version="1" lat="50.00072474753" lon="9.00299110879" />
  <node id="11822" visible="true" version="1" lat="50.00072933068" lon="9.002992464" />
  <node id="11823" visible="true" version="1" lat="50.00073391815" lon="9.00299378365" />
  <node id="11824" visible="true" version="1" lat="50.00073850981" lon="9.00299506769" />
  <node id="11825" visible="true" version="1" lat="50.00074310556" lon="9.0029963161" />
  <node id="11826" visible="true" version="1" lat="50.00074770527" lon="9.00299752885" />
  <node id="11827" visible="true" version="1" lat="50.00075230883" lon="9.0029987059" />
  <node id="11828" visible="true" version="1" lat="50.00075691613" lon="9.00299984722" />
  <node id="11829" visible="true" version="1" lat="50.00076152704" lon="9.0030009528" />
  <node id="11830" visible="true" version="1" lat="50.00076614147" lon="9.00300202259" />
  <node id="11831" visible="true" version="1" lat="50.00077075928" lon="9.00300305657" />
  <node id="11832" visible="true" version="1" lat="50.00077538037" lon="9.00300405472" />
  <node id="11833" visible="true" version="1" lat="50.00078000461" lon="9.00300501701" />
  <node id="11834" visible="true" version="1" lat="50.0007846319" lon="9.00300594342" />
  <node id="11835" visible="true" version="1" lat="50.00078926212" lon="9.00300683392" />
  <node id="11836" visible="true" version="1" lat="50.00079389515" lon="9.0030076885" />
  <node id="11837" visible="true" version="1" lat="50.00079853088" lon="9.00300850712" />
  <node id="11838" visible="true" version="1" lat="50.00080316919" lon="9.00300928978" />
  <node id="11839" visible="true" version="1" lat="50.00080780996" lon="9.00301003644" />
  <node id="11840" visible="true" version="1" lat="50.00081245308" lon="9.0030107471" />
  <node id="11841" visible="true" version="1" lat="50.00081709843" lon="9.00301142173" />
  <node id="11842" visible="true" version="1" lat="50.00082174589" lon="9.00301206032" />
  <node id="11843" visible="true" version="1" lat="50.00082639536" lon="9.00301266285" />
  <node id="11844" visible="true" version="1" lat="50.00083104671" lon="9.0030132293" />
  <node id="11845" visible="true" version="1" lat="50.00083569983" lon="9.00301375967" />
  <node id="11846" visible="true" version="1" lat="50.0008403546" lon="9.00301425394" />
  <node id="11847" visible="true" version="1" lat="50.00084501091" lon="9.00301471209" />
  <node id="11848" visible="true" version="1" lat="50.00084966863" lon="9.00301513412" />
  <node id="11849" visible="true" version="1" lat="50.00085432766" lon="9.00301552001" />
  <node id="11850" visible="true" version="1" lat="50.00085898787" lon="9.00301586975" />
  <node id="11851" visible="true" version="1" lat="50.00086364914" lon="9.00301618335" />
  <node id="11852" visible="true" version="1" lat="50.00086831138" lon="9.00301646078" />
  <node id="11853" visible="true" version="1" lat="50.00087297444" lon="9.00301670204" />
  <node id="11854" visible="true" version="1" lat="50.00087763823" lon="9.00301690712" />
  <node id="11855" visible="true" version="1" lat="50.00088230262" lon="9.00301707603" />
  <node id="11856" visible="true" version="1" lat="50.00088696749" lon="9.00301720875" />
  <node id="11857" visible="true" version="1" lat="50.00089163274" lon="9.00301730529" />
  <node id="11858" visible="true" version="1" lat="50.00089629824" lon="9.00301736563" />
  <node id="11859" visible="true" version="1" lat="50.00090096387" lon="9.00301738978" />
  <node id="11860" visible="true" version="1" lat="50.00090562952" lon="9.00301737774" />
  <node id="11861" visible="true" version="1" lat="50.00091029508" lon="9.00301732951" />
  <node id="11862" visible="true" version="1" lat="50.00091496042" lon="9.00301724509" />
  <node id="11863" visible="true" version="1" lat="50.00091962543" lon="9.00301712448" />
  <node id="11864" visible="true" version="1" lat="50.00092429" lon="9.00301696768" />
  <node id="11865" visible="true" version="1" lat="50.000928954" lon="9.0030167747" />
  <node id="11866" visible="true" version="1" lat="50.00093361732" lon="9.00301654555" />
  <node id="11867" visible="true" version="1" lat="50.00093827985" lon="9.00301628022" />
  <node id="11868" visible="true" version="1" lat="50.00094294146" lon="9.00301597873" />
  <node id="11869" visible="true" version="1" lat="50.00094760204" lon="9.00301564108" />
  <node id="11870" visible="true" version="1" lat="50.00095226147" lon="9.00301526728" />
  <node id="11871" visible="true" version="1" lat="50.00095691964" lon="9.00301485735" />
  <node id="11872" visible="true" version="1" lat="50.00096157644" lon="9.00301441128" />
  <node id="11873" visible="true" version="1" lat="50.00096623173" lon="9.0030139291" />
  <node id="11874" visible="true" version="1" lat="50.00097088542" lon="9.00301341081" />
  <node id="11875" visible="true" version="1" lat="50.00097553737" lon="9.00301285642" />
  <node id="11876" visible="true" version="1" lat="50.00098018748" lon="9.00301226596" />
  <node id="11877" visible="true" version="1" lat="50.00098483563" lon="9.00301163944" />
  <node id="11878" visible="true" version="1" lat="50.00098948171" lon="9.00301097686" />
  <node id="11879" visible="true" version="1" lat="50.00099412558" lon="9.00301027826" />
  <node id="11880" visible="true" version="1" lat="50.00099876715" lon="9.00300954364" />
  <node id="11881" visible="true" version="1" lat="50.0010034063" lon="9.00300877302" />
  <node id="11882" visible="true" version="1" lat="50.0010080429" lon="9.00300796642" />
  <node id="11883" visible="true" version="1" lat="50.00101267685" lon="9.00300712387" />
  <node id="11884" visible="true" version="1" lat="50.00101730802" lon="9.00300624539" />
  <node id="11885" visible="true" version="1" lat="50.0010219363" lon="9.00300533099" />
  <node id="11886" visible="true" version="1" lat="50.00102656158" lon="9.00300438069" />
  <node id="11887" visible="true" version="1" lat="50.00103118373" lon="9.00300339453" />
  <node id="11888" visible="true" version="1" lat="50.00103580266" lon="9.00300237253" />
  <node id="11889" visible="true" version="1" lat="50.00104041823" lon="9.00300131471" />
  <node id="11890" visible="true" version="1" lat="50.00104503033" lon="9.0030002211" />
  <node id="11891" visible="true" version="1" lat="50.00104963885" lon="9.00299909173" />
  <node id="11892" visible="true" version="1" lat="50.00105424367" lon="9.00299792662" />
  <node id="11893" visible="true" version="1" lat="50.00105884468" lon="9.00299672581" />
  <node id="11894" visible="true" version="1" lat="50.00106344177" lon="9.00299548932" />
  <node id="11895" visible="true" version="1" lat="50.00106803481" lon="9.00299421718" />
  <node id="11896" visible="true" version="1" lat="50.00107262369" lon="9.00299290943" />
  <node id="11897" visible="true" version="1" lat="50.0010772083" lon="9.0029915661" />
  <node id="11898" visible="true" version="1" lat="50.00108178853" lon="9.00299018723" />
  <node id="11899" visible="true" version="1" lat="50.00108636425" lon="9.00298877284" />
  <node id="11900" visible="true" version="1" lat="50.00109093536" lon="9.00298732297" />
  <node id="11901" visible="true" version="1" lat="50.00109550174" lon="9.00298583767" />
  <node id="11902" visible="true" version="1" lat="50.00110006328" lon="9.00298431695" />
  <node id="11903" visible="true" version="1" lat="50.00110461985" lon="9.00298276088" />
  <node id="11904" visible="true" version="1" lat="50.00110917136" lon="9.00298116947" />
  <node id="11905" visible="true" version="1" lat="50.00111371768" lon="9.00297954278" />
  <node id="11906" visible="true" version="1" lat="50.0011182587" lon="9.00297788085" />
  <node id="11907" visible="true" version="1" lat="50.0011227943" lon="9.0029761837" />
  <node id="11908" visible="true" version="1" lat="50.00112732438" lon="9.0029744514" />
  <node id="11909" visible="true" version="1" lat="50.00113184882" lon="9.00297268397" />
  <node id="11910" visible="true" version="1" lat="50.00113636751" lon="9.00297088147" />
  <node id="11911" visible="true" version="1" lat="50.00114088034" lon="9.00296904394" />
  <node id="11912" visible="true" version="1" lat="50.00114538718" lon="9.00296717143" />
  <node id="11913" visible="true" version="1" lat="50.00114988793" lon="9.00296526398" />
  <node id="11914" visible="true" version="1" lat="50.00115438248" lon="9.00296332164" />
  <node id="11915" visible="true" version="1" lat="50.00115887072" lon="9.00296134446" />
  <node id="11916" visible="true" version="1" lat="50.00116335252" lon="9.00295933248" />
  <node id="11917" visible="true" version="1" lat="50.00116782779" lon="9.00295728577" />
  <node id="11918" visible="true" version="1" lat="50.0011722964" lon="9.00295520436" />
  <node id="11919" visible="true" version="1" lat="50.00117675825" lon="9.00295308832" />
  <node id="11920" visible="true" version="1" lat="50.00118121322" lon="9.00295093769" />
  <node id="11921" visible="true" version="1" lat="50.00118566121" lon="9.00294875253" />
  <node id="11922" visible="true" version="1" lat="50.0011901021" lon="9.0029465329" />
  <node id="11923" visible="true" version="1" lat="50.00119453578" lon="9.00294427884" />
  <node id="11924" visible="true" version="1" lat="50.00119896214" lon="9.00294199041" />
  <node id="11925" visible="true" version="1" lat="50.00120338107" lon="9.00293966768" />
  <node id="11926" visible="true" version="1" lat="50.00120779246" lon="9.0029373107" />
  <node id="11927" visible="true" version="1" lat="50.0012121962" lon="9.00293491953" />
  <node id="11928" visible="true" version="1" lat="50.00121659217" lon="9.00293249423" />
  <node id="11929" visible="true" version="1" lat="50.00122098028" lon="9.00293003485" />
  <node id="11930" visible="true" version="1" lat="50.0012253604" lon="9.00292754147" />
  <node id="11931" visible="true" version="1" lat="50.00122973244" lon="9.00292501414" />
  <node id="11932" visible="true" version="1" lat="50.00123409627" lon="9.00292245293" />
  <node id="11933" visible="true" version="1" lat="50.0012384518" lon="9.00291985789" />
  <node id="11934" visible="true" version="1" lat="50.0012427989" lon="9.00291722911" />
  <node id="11935" visible="true" version="1" lat="50.00124713748" lon="9.00291456663" />
  <node id="11936" visible="true" version="1" lat="50.00125146743" lon="9.00291187053" />
  <node id="11937" visible="true" version="1" lat="50.00125578863" lon="9.00290914088" />
  <node id="11938" visible="true" version="1" lat="50.00126010099" lon="9.00290637774" />
  <node id="11939" visible="true" version="1" lat="50.00126440438" lon="9.00290358118" />
  <node id="11940" visible="true" version="1" lat="50.0012686987" lon="9.00290075127" />
  <node id="11941" visible="true" version="1" lat="50.00127298386" lon="9.00289788809" />
  <node id="11942" visible="true" version="1" lat="50.00127725973" lon="9.0028949917" />
  <node id="11943" visible="true" version="1" lat="50.00128152621" lon="9.00289206218" />
  <node id="11944" visible="true" version="1" lat="50.0012857832" lon="9.0028890996" />
  <node id="11945" visible="true" version="1" lat="50.00129003059" lon="9.00288610403" />
  <node id="11946" visible="true" version="1" lat="50.00129426827" lon="9.00288307556" />
  <node id="11947" visible="true" version="1" lat="50.00129849613" lon="9.00288001424" />
  <node id="11948" visible="true" version="1" lat="50.00130271408" lon="9.00287692017" />
  <node id="11949" visible="true" version="1" lat="50.001306922" lon="9.00287379342" />
  <node id="11950" visible="true" version="1" lat="50.0013111198" lon="9.00287063406" />
  <node id="11951" visible="true" version="1" lat="50.00131530736" lon="9.00286744218" />
  <node id="11952" visible="true" version="1" lat="50.00131948458" lon="9.00286421786" />
  <node id="11953" visible="true" version="1" lat="50.00132365136" lon="9.00286096117" />
  <node id="11954" visible="true" version="1" lat="50.00132780758" lon="9.0028576722" />
  <node id="11955" visible="true" version="1" lat="50.00133195316" lon="9.00285435102" />
  <node id="11956" visible="true" version="1" lat="50.00133608798" lon="9.00285099774" />
  <node id="11957" visible="true" version="1" lat="50.00134021195" lon="9.00284761241" />
  <node id="11958" visible="true" version="1" lat="50.00134432495" lon="9.00284419514" />
  <node id="11959" visible="true" version="1" lat="50.00134842689" lon="9.00284074601" />
  <node id="11960" visible="true" version="1" lat="50.00135251766" lon="9.0028372651" />
  <node id="11961" visible="true" version="1" lat="50.00135659716" lon="9.0028337525" />
  <node id="11962" visible="true" version="1" lat="50.00136066528" lon="9.0028302083" />
  <node id="11963" visible="true" version="1" lat="50.00136472194" lon="9.00282663258" />
  <node id="11964" visible="true" version="1" lat="50.00136876702" lon="9.00282302544" />
  <node id="11965" visible="true" version="1" lat="50.00137280043" lon="9.00281938696" />
  <node id="11966" visible="true" version="1" lat="50.00137682205" lon="9.00281571725" />
  <node id="11967" visible="true" version="1" lat="50.00138083181" lon="9.00281201638" />
  <node id="11968" visible="true" version="1" lat="50.00138482958" lon="9.00280828445" />
  <node id="11969" visible="true" version="1" lat="50.00138881528" lon="9.00280452155" />
  <node id="11970" visible="true" version="1" lat="50.0013927888" lon="9.00280072779" />
  <node id="11971" visible="true" version="1" lat="50.00139675004" lon="9.00279690325" />
  <node id="11972" visible="true" version="1" lat="50.00140069891" lon="9.00279304802" />
  <node id="11973" visible="true" version="1" lat="50.00140463531" lon="9.00278916222" />
  <node id="11974" visible="true" version="1" lat="50.00140855913" lon="9.00278524592" />
  <node id="11975" visible="true" version="1" lat="50.00141247028" lon="9.00278129924" />
  <node id="11976" visible="true" version="1" lat="50.00141636866" lon="9.00277732226" />
  <node id="11977" visible="true" version="1" lat="50.00142025418" lon="9.00277331509" />
  <node id="11978" visible="true" version="1" lat="50.00142412673" lon="9.00276927784" />
  <node id="11979" visible="true" version="1" lat="50.00142798623" lon="9.00276521059" />
  <node id="11980" visible="true" version="1" lat="50.00143183257" lon="9.00276111345" />
  <node id="11981" visible="true" version="1" lat="50.00143566565" lon="9.00275698653" />
  <node id="11982" visible="true" version="1" lat="50.00143948539" lon="9.00275282992" />
  <node id="11983" visible="true" version="1" lat="50.00144329169" lon="9.00274864373" />
  <node id="11984" visible="true" version="1" lat="50.00144708444" lon="9.00274442807" />
  <node id="11985" visible="true" version="1" lat="50.00145086356" lon="9.00274018304" />
  <node id="11986" visible="true" version="1" lat="50.00145462896" lon="9.00273590875" />
  <node id="11987" visible="true" version="1" lat="50.00145838053" lon="9.0027316053" />
  <node id="11988" visible="true" version="1" lat="50.00146211818" lon="9.0027272728" />
  <node id="11989" visible="true" version="1" lat="50.00146584183" lon="9.00272291136" />
  <node id="11990" visible="true" version="1" lat="50.00146955137" lon="9.00271852109" />
  <node id="11991" visible="true" version="1" lat="50.00147324672" lon="9.0027141021" />
  <node id="11992" visible="true" version="1" lat="50.00147692778" lon="9.0027096545" />
  <node id="11993" visible="true" version="1" lat="50.00148059446" lon="9.00270517839" />
  <node id="11994" visible="true" version="1" lat="50.00148424667" lon="9.0027006739" />
  <node id="11995" visible="true" version="1" lat="50.00148788431" lon="9.00269614114" />
  <node id="11996" visible="true" version="1" lat="50.0014915073" lon="9.00269158021" />
  <node id="11997" visible="true" version="1" lat="50.00149511555" lon="9.00268699123" />
  <node id="11998" visible="true" version="1" lat="50.00149870896" lon="9.00268237432" />
  <node id="11999" visible="true" version="1" lat="50.00150228745" lon="9.0026777296" />
  <node id="12000" visible="true" version="1" lat="50.00150585093" lon="9.00267305717" />
  <node id="12001" visible="true" version="1" lat="50.0015093993" lon="9.00266835715" />
  <node id="12002" visible="true" version="1" lat="50.00151293248" lon="9.00266362967" />
  <node id="12003" visible="true" version="1" lat="50.00151645038" lon="9.00265887484" />
  <node id="12004" visible="true" version="1" lat="50.00151995291" lon="9.00265409278" />
  <node id="12005" visible="true" version="1" lat="50.00152343999" lon="9.00264928361" />
  <node id="12006" visible="true" version="1" lat="50.00152691152" lon="9.00264444745" />
  <node id="12007" visible="true" version="1" lat="50.00153036743" lon="9.00263958441" />
  <node id="12008" visible="true" version="1" lat="50.00153380762" lon="9.00263469463" />
  <node id="12009" visible="true" version="1" lat="50.001537232" lon="9.00262977823" />
  <node id="12010" visible="true" version="1" lat="50.0015406405" lon="9.00262483532" />
  <node id="12011" visible="true" version="1" lat="50.00154403303" lon="9.00261986603" />
  <node id="12012" visible="true" version="1" lat="50.0015474095" lon="9.00261487048" />
  <node id="12013" visible="true" version="1" lat="50.00155076983" lon="9.00260984881" />
  <node id="12014" visible="true" version="1" lat="50.00155411393" lon="9.00260480113" />
  <node id="12015" visible="true" version="1" lat="50.00155744172" lon="9.00259972757" />
  <node id="12016" visible="true" version="1" lat="50.00156075312" lon="9.00259462826" />
  <node id="12017" visible="true" version="1" lat="50.00156404804" lon="9.00258950333" />
  <node id="12018" visible="true" version="1" lat="50.00156732641" lon="9.0025843529" />
  <node id="12019" visible="true" version="1" lat="50.00157058814" lon="9.0025791771" />
  <node id="12020" visible="true" version="1" lat="50.00157383314" lon="9.00257397607" />
  <node id="12021" visible="true" version="1" lat="50.00157706134" lon="9.00256874992" />
  <node id="12022" visible="true" version="1" lat="50.00158027266" lon="9.0025634988" />
  <node id="12023" visible="true" version="1" lat="50.00158346702" lon="9.00255822283" />
  <node id="12024" visible="true" version="1" lat="50.00158664433" lon="9.00255292215" />
  <node id="12025" visible="true" version="1" lat="50.00158980452" lon="9.00254759689" />
  <node id="12026" visible="true" version="1" lat="50.00159294751" lon="9.00254224718" />
  <node id="12027" visible="true" version="1" lat="50.00159607321" lon="9.00253687315" />
  <node id="12028" visible="true" version="1" lat="50.00159918156" lon="9.00253147495" />
  <node id="12029" visible="true" version="1" lat="50.00160227247" lon="9.0025260527" />
  <node id="12030" visible="true" version="1" lat="50.00160534587" lon="9.00252060653" />
  <node id="12031" visible="true" version="1" lat="50.00160840168" lon="9.0025151366" />
  <node id="12032" visible="true" version="1" lat="50.00161143982" lon="9.00250964303" />
  <node id="12033" visible="true" version="1" lat="50.00161446022" lon="9.00250412595" />
  <node id="12034" visible="true" version="1" lat="50.0016174628" lon="9.00249858552" />
  <node id="12035" visible="true" version="1" lat="50.00162044749" lon="9.00249302186" />
  <node id="12036" visible="true" version="1" lat="50.00162341421" lon="9.00248743512" />
  <node id="12037" visible="true" version="1" lat="50.00162636289" lon="9.00248182544" />
  <node id="12038" visible="true" version="1" lat="50.00162929345" lon="9.00247619295" />
  <node id="12039" visible="true" version="1" lat="50.00163220582" lon="9.00247053779" />
  <node id="12040" visible="true" version="1" lat="50.00163509993" lon="9.00246486012" />
  <node id="12041" visible="true" version="1" lat="50.0016379757" lon="9.00245916006" />
  <node id="12042" visible="true" version="1" lat="50.00164083307" lon="9.00245343777" />
  <node id="12043" visible="true" version="1" lat="50.00164367197" lon="9.00244769339" />
  <node id="12044" visible="true" version="1" lat="50.00164649231" lon="9.00244192705" />
  <node id="12045" visible="true" version="1" lat="50.00164929404" lon="9.0024361389" />
  <node id="12046" visible="true" version="1" lat="50.00165207707" lon="9.0024303291" />
  <node id="12047" visible="true" version="1" lat="50.00165484135" lon="9.00242449777" />
  <node id="12048" visible="true" version="1" lat="50.0016575868" lon="9.00241864508" />
  <node id="12049" visible="true" version="1" lat="50.00166031335" lon="9.00241277116" />
  <node id="12050" visible="true" version="1" lat="50.00166302094" lon="9.00240687616" />
  <node id="12051" visible="true" version="1" lat="50.00166570949" lon="9.00240096024" />
  <node id="12052" visible="true" version="1" lat="50.00166837895" lon="9.00239502353" />
  <node id="12053" visible="true" version="1" lat="50.00167102924" lon="9.00238906618" />
  <node id="12054" visible="true" version="1" lat="50.0016736603" lon="9.00238308835" />
  <node id="12055" visible="true" version="1" lat="50.00167627205" lon="9.00237709019" />
  <node id="12056" visible="true" version="1" lat="50.00167886445" lon="9.00237107184" />
  <node id="12057" visible="true" version="1" lat="50.00168143742" lon="9.00236503345" />
  <node id="12058" visible="true" version="1" lat="50.00168399089" lon="9.00235897518" />
  <node id="12059" visible="true" version="1" lat="50.00168652481" lon="9.00235289718" />
  <node id="12060" visible="true" version="1" lat="50.00168903911" lon="9.00234679959" />
  <node id="12061" visible="true" version="1" lat="50.00169153372" lon="9.00234068258" />
  <node id="12062" visible="true" version="1" lat="50.00169400859" lon="9.00233454629" />
  <node id="12063" visible="true" version="1" lat="50.00169646365" lon="9.00232839088" />
  <node id="12064" visible="true" version="1" lat="50.00169889885" lon="9.00232221651" />
  <node id="12065" visible="true" version="1" lat="50.00170131411" lon="9.00231602331" />
  <node id="12066" visible="true" version="1" lat="50.00170370939" lon="9.00230981146" />
  <node id="12067" visible="true" version="1" lat="50.00170608461" lon="9.00230358111" />
  <node id="12068" visible="true" version="1" lat="50.00170843973" lon="9.0022973324" />
  <node id="12069" visible="true" version="1" lat="50.00171077468" lon="9.00229106551" />
  <node id="12070" visible="true" version="1" lat="50.0017130894" lon="9.00228478058" />
  <node id="12071" visible="true" version="1" lat="50.00171538384" lon="9.00227847777" />
  <node id="12072" visible="true" version="1" lat="50.00171765793" lon="9.00227215724" />
  <node id="12073" visible="true" version="1" lat="50.00171991163" lon="9.00226581915" />
  <node id="12074" visible="true" version="1" lat="50.00172214488" lon="9.00225946366" />
  <node id="12075" visible="true" version="1" lat="50.00172435761" lon="9.00225309092" />
  <node id="12076" visible="true" version="1" lat="50.00172654978" lon="9.00224670109" />
  <node id="12077" visible="true" version="1" lat="50.00172872133" lon="9.00224029434" />
  <node id="12078" visible="true" version="1" lat="50.0017308722" lon="9.00223387083" />
  <node id="12079" visible="true" version="1" lat="50.00173300234" lon="9.0022274307" />
  <node id="12080" visible="true" version="1" lat="50.0017351117" lon="9.00222097414" />
  <node id="12081" visible="true" version="1" lat="50.00173720023" lon="9.00221450129" />
  <node id="12082" visible="true" version="1" lat="50.00173926787" lon="9.00220801232" />
  <node id="12083" visible="true" version="1" lat="50.00174131457" lon="9.00220150739" />
  <node id="12084" visible="true" version="1" lat="50.00174334028" lon="9.00219498667" />
  <node id="12085" visible="true" version="1" lat="50.00174534495" lon="9.00218845031" />
  <node id="12086" visible="true" version="1" lat="50.00174732853" lon="9.00218189848" />
  <node id="12087" visible="true" version="1" lat="50.00174929097" lon="9.00217533135" />
  <node id="12088" visible="true" version="1" lat="50.00175123223" lon="9.00216874907" />
  <node id="12089" visible="true" version="1" lat="50.00175315224" lon="9.00216215182" />
  <node id="12090" visible="true" version="1" lat="50.00175505097" lon="9.00215553976" />
  <node id="12091" visible="true" version="1" lat="50.00175692836" lon="9.00214891305" />
  <node id="12092" visible="true" version="1" lat="50.00175878438" lon="9.00214227186" />
  <node id="12093" visible="true" version="1" lat="50.00176061897" lon="9.00213561635" />
  <node id="12094" visible="true" version="1" lat="50.00176243208" lon="9.00212894669" />
  <node id="12095" visible="true" version="1" lat="50.00176422368" lon="9.00212226306" />
  <node id="12096" visible="true" version="1" lat="50.00176599372" lon="9.0021155656" />
  <node id="12097" visible="true" version="1" lat="50.00176774214" lon="9.0021088545" />
  <node id="12098" visible="true" version="1" lat="50.00176946892" lon="9.00210212992" />
  <node id="12099" visible="true" version="1" lat="50.00177117401" lon="9.00209539203" />
  <node id="12100" visible="true" version="1" lat="50.00177285736" lon="9.002088641" />
  <node id="12101" visible="true" version="1" lat="50.00177451893" lon="9.00208187699" />
  <node id="12102" visible="true" version="1" lat="50.00177615868" lon="9.00207510018" />
  <node id="12103" visible="true" version="1" lat="50.00177777657" lon="9.00206831073" />
  <node id="12104" visible="true" version="1" lat="50.00177937255" lon="9.00206150881" />
  <node id="12105" visible="true" version="1" lat="50.0017809466" lon="9.0020546946" />
  <node id="12106" visible="true" version="1" lat="50.00178249867" lon="9.00204786826" />
  <node id="12107" visible="true" version="1" lat="50.00178402871" lon="9.00204102997" />
  <node id="12108" visible="true" version="1" lat="50.0017855367" lon="9.0020341799" />
  <node id="12109" visible="true" version="1" lat="50.00178702259" lon="9.00202731821" />
  <node id="12110" visible="true" version="1" lat="50.00178848636" lon="9.00202044508" />
  <node id="12111" visible="true" version="1" lat="50.00178992795" lon="9.00201356068" />
  <node id="12112" visible="true" version="1" lat="50.00179134733" lon="9.00200666519" />
  <node id="12113" visible="true" version="1" lat="50.00179274448" lon="9.00199975876" />
  <node id="12114" visible="true" version="1" lat="50.00179411935" lon="9.00199284159" />
  <node id="12115" visible="true" version="1" lat="50.00179547191" lon="9.00198591384" />
  <node id="12116" visible="true" version="1" lat="50.00179680213" lon="9.00197897568" />
  <node id="12117" visible="true" version="1" lat="50.00179810997" lon="9.00197202729" />
  <node id="12118" visible="true" version="1" lat="50.0017993954" lon="9.00196506884" />
  <node id="12119" visible="true" version="1" lat="50.00180065839" lon="9.00195810051" />
  <node id="12120" visible="true" version="1" lat="50.0018018989" lon="9.00195112246" />
  <node id="12121" visible="true" version="1" lat="50.00180311691" lon="9.00194413488" />
  <node id="12122" visible="true" version="1" lat="50.00180431239" lon="9.00193713794" />
  <node id="12123" visible="true" version="1" lat="50.0018054853" lon="9.00193013181" />
  <node id="12124" visible="true" version="1" lat="50.00180663562" lon="9.00192311667" />
  <node id="12125" visible="true" version="1" lat="50.00180776331" lon="9.0019160927" />
  <node id="12126" visible="true" version="1" lat="50.00180886835" lon="9.00190906006" />
  <node id="12127" visible="true" version="1" lat="50.00180995072" lon="9.00190201894" />
  <node id="12128" visible="true" version="1" lat="50.00181101038" lon="9.00189496951" />
  <node id="12129" visible="true" version="1" lat="50.0018120473" lon="9.00188791195" />
  <node id="12130" visible="true" version="1" lat="50.00181306147" lon="9.00188084643" />
  <node id="12131" visible="true" version="1" lat="50.00181405285" lon="9.00187377313" />
  <node id="12132" visible="true" version="1" lat="50.00181502143" lon="9.00186669223" />
  <node id="12133" visible="true" version="1" lat="50.00181596717" lon="9.00185960391" />
  <node id="12134" visible="true" version="1" lat="50.00181689006" lon="9.00185250834" />
  <node id="12135" visible="true" version="1" lat="50.00181779007" lon="9.00184540569" />
  <node id="12136" visible="true" version="1" lat="50.00181866718" lon="9.00183829616" />
  <node id="12137" visible="true" version="1" lat="50.00181952136" lon="9.00183117991" />
  <node id="12138" visible="true" version="1" lat="50.0018203526" lon="9.00182405712" />
  <node id="12139" visible="true" version="1" lat="50.00182116087" lon="9.00181692797" />
  <node id="12140" visible="true" version="1" lat="50.00182194616" lon="9.00180979264" />
  <node id="12141" visible="true" version="1" lat="50.00182270844" lon="9.00180265131" />
  <node id="12142" visible="true" version="1" lat="50.00182344769" lon="9.00179550415" />
  <node id="12143" visible="true" version="1" lat="50.0018241639" lon="9.00178835135" />
  <node id="12144" visible="true" version="1" lat="50.00182485705" lon="9.00178119308" />
  <node id="12145" visible="true" version="1" lat="50.00182552713" lon="9.00177402952" />
  <node id="12146" visible="true" version="1" lat="50.00182617411" lon="9.00176686086" />
  <node id="12147" visible="true" version="1" lat="50.00182679797" lon="9.00175968727" />
  <node id="12148" visible="true" version="1" lat="50.00182739871" lon="9.00175250892" />
  <node id="12149" visible="true" version="1" lat="50.00182797631" lon="9.00174532601" />
  <node id="12150" visible="true" version="1" lat="50.00182853075" lon="9.0017381387" />
  <node id="12151" visible="true" version="1" lat="50.00182906202" lon="9.00173094718" />
  <node id="12152" visible="true" version="1" lat="50.00182957011" lon="9.00172375164" />
  <node id="12153" visible="true" version="1" lat="50.001830055" lon="9.00171655224" />
  <node id="12154" visible="true" version="1" lat="50.00183051668" lon="9.00170934916" />
  <node id="12155" visible="true" version="1" lat="50.00183095514" lon="9.0017021426" />
  <node id="12156" visible="true" version="1" lat="50.00183137038" lon="9.00169493273" />
  <node id="12157" visible="true" version="1" lat="50.00183176237" lon="9.00168771972" />
  <node id="12158" visible="true" version="1" lat="50.00183213111" lon="9.00168050376" />
  <node id="12159" visible="true" version="1" lat="50.00183247659" lon="9.00167328504" />
  <node id="12160" visible="true" version="1" lat="50.0018327988" lon="9.00166606372" />
  <node id="12161" visible="true" version="1" lat="50.00183309773" lon="9.00165884" />
  <node id="12162" visible="true" version="1" lat="50.00183337338" lon="9.00165161404" />
  <node id="12163" visible="true" version="1" lat="50.00183362573" lon="9.00164438604" />
  <node id="12164" visible="true" version="1" lat="50.00183385479" lon="9.00163715617" />
  <node id="12165" visible="true" version="1" lat="50.00183406055" lon="9.00162992461" />
  <node id="12166" visible="true" version="1" lat="50.001834243" lon="9.00162269155" />
  <node id="12167" visible="true" version="1" lat="50.00183440213" lon="9.00161545716" />
  <node id="12168" visible="true" version="1" lat="50.00183453795" lon="9.00160822163" />
  <node id="12169" visible="true" version="1" lat="50.00183465045" lon="9.00160098514" />
  <node id="12170" visible="true" version="1" lat="50.00183473962" lon="9.00159374786" />
  <node id="12172" visible="true" version="1" lat="49.99998313615" lon="9" />
  <node id="12173" visible="true" version="1" lat="49.99998313615" lon="9.0000069767" />
  <node id="12174" visible="true" version="1" lat="49.99998313615" lon="9.0000139534" />
  <node id="12175" visible="true" version="1" lat="49.99998313615" lon="9.00002093011" />
  <node id="12176" visible="true" version="1" lat="49.99998313615" lon="9.00002790681" />
  <node id="12177" visible="true" version="1" lat="49.99998313614" lon="9.00003488351" />
  <node id="12178" visible="true" version="1" lat="49.99998313614" lon="9.00004186021" />
  <node id="12179" visible="true" version="1" lat="49.99998313614" lon="9.00004883691" />
  <node id="12180" visible="true" version="1" lat="49.99998313614" lon="9.00005581362" />
  <node id="12181" visible="true" version="1" lat="49.99998313613" lon="9.00006279032" />
  <node id="12182" visible="true" version="1" lat="49.99998313613" lon="9.00006976702" />
  <node id="12183" visible="true" version="1" lat="49.99998313612" lon="9.00007674372" />
  <node id="12184" visible="true" version="1" lat="49.99998313612" lon="9.00008372042" />
  <node id="12185" visible="true" version="1" lat="49.99998313611" lon="9.00009069713" />
  <node id="12186" visible="true" version="1" lat="49.99998313611" lon="9.00009767383" />
  <node id="12187" visible="true" version="1" lat="49.9999831361" lon="9.00010465053" />
  <node id="12188" visible="true" version="1" lat="49.9999831361" lon="9.00011162723" />
  <node id="12189" visible="true" version="1" lat="49.99998313609" lon="9.00011860393" />
  <node id="12190" visible="true" version="1" lat="49.99998313608" lon="9.00012558064" />
  <node id="12191" visible="true" version="1" lat="49.99998313607" lon="9.00013255734" />
  <node id="12192" visible="true" version="1" lat="49.99998313607" lon="9.00013953404" />
  <node id="12193" visible="true" version="1" lat="49.99998313606" lon="9.00014651074" />
  <node id="12194" visible="true" version="1" lat="49.99998313605" lon="9.00015348744" />
  <node id="12195" visible="true" version="1" lat="49.99998313604" lon="9.00016046415" />
  <node id="12196" visible="true" version="1" lat="49.99998313603" lon="9.00016744085" />
  <node id="12197" visible="true" version="1" lat="49.99998313602" lon="9.00017441755" />
  <node id="12198" visible="true" version="1" lat="49.99998313601" lon="9.00018139425" />
  <node id="12199" visible="true" version="1" lat="49.999983136" lon="9.00018837095" />
  <node id="12200" visible="true" version="1" lat="49.99998313599" lon="9.00019534765" />
  <node id="12201" visible="true" version="1" lat="49.99998313597" lon="9.00020232436" />
  <node id="12202" visible="true" version="1" lat="49.99998313596" lon="9.00020930106" />
  <node id="12203" visible="true" version="1" lat="49.99998313595" lon="9.00021627776" />
  <node id="12204" visible="true" version="1" lat="49.99998313593" lon="9.00022325446" />
  <node id="12205" visible="true" version="1" lat="49.99998313592" lon="9.00023023116" />
  <node id="12206" visible="true" version="1" lat="49.99998313591" lon="9.00023720787" />
  <node id="12207" visible="true" version="1" lat="49.99998313589" lon="9.00024418457" />
  <node id="12208" visible="true" version="1" lat="49.99998313588" lon="9.00025116127" />
  <node id="12209" visible="true" version="1" lat="49.99998313586" lon="9.00025813797" />
  <node id="12210" visible="true" version="1" lat="49.99998313585" lon="9.00026511467" />
  <node id="12211" visible="true" version="1" lat="49.99998313583" lon="9.00027209138" />
  <node id="12212" visible="true" version="1" lat="49.99998313581" lon="9.00027906808" />
  <node id="12213" visible="true" version="1" lat="49.9999831358" lon="9.00028604478" />
  <node id="12214" visible="true" version="1" lat="49.99998313578" lon="9.00029302148" />
  <node id="12215" visible="true" version="1" lat="49.99998313576" lon="9.00029999818" />
  <node id="12216" visible="true" version="1" lat="49.99998313574" lon="9.00030697489" />
  <node id="12217" visible="true" version="1" lat="49.99998313572" lon="9.00031395159" />
  <node id="12218" visible="true" version="1" lat="49.99998313571" lon="9.00032092829" />
  <node id="12219" visible="true" version="1" lat="49.99998313569" lon="9.00032790499" />
  <node id="12220" visible="true" version="1" lat="49.99998313567" lon="9.00033488169" />
  <node id="12221" visible="true" version="1" lat="49.99998313565" lon="9.0003418584" />
  <node id="12222" visible="true" version="1" lat="49.99998313563" lon="9.0003488351" />
  <node id="12223" visible="true" version="1" lat="49.9999831356" lon="9.0003558118" />
  <node id="12224" visible="true" version="1" lat="49.99998313558" lon="9.0003627885" />
  <node id="12225" visible="true" version="1" lat="49.99998313556" lon="9.0003697652" />
  <node id="12226" visible="true" version="1" lat="49.99998313554" lon="9.00037674191" />
  <node id="12227" visible="true" version="1" lat="49.99998313552" lon="9.00038371861" />
  <node id="12228" visible="true" version="1" lat="49.99998313549" lon="9.00039069531" />
  <node id="12229" visible="true" version="1" lat="49.99998313547" lon="9.00039767201" />
  <node id="12230" visible="true" version="1" lat="49.99998313544" lon="9.00040464871" />
  <node id="12231" visible="true" version="1" lat="49.99998313542" lon="9.00041162542" />
  <node id="12232" visible="true" version="1" lat="49.99998313539" lon="9.00041860212" />
  <node id="12233" visible="true" version="1" lat="49.99998313537" lon="9.00042557882" />
  <node id="12234" visible="true" version="1" lat="49.99998313534" lon="9.00043255552" />
  <node id="12235" visible="true" version="1" lat="49.99998313532" lon="9.00043953222" />
  <node id="12236" visible="true" version="1" lat="49.99998313529" lon="9.00044650893" />
  <node id="12237" visible="true" version="1" lat="49.99998313526" lon="9.00045348563" />
  <node id="12238" visible="true" version="1" lat="49.99998313524" lon="9.00046046233" />
  <node id="12239" visible="true" version="1" lat="49.99998313521" lon="9.00046743903" />
  <node id="12240" visible="true" version="1" lat="49.99998313518" lon="9.00047441573" />
  <node id="12241" visible="true" version="1" lat="49.99998313515" lon="9.00048139244" />
  <node id="12242" visible="true" version="1" lat="49.99998313512" lon="9.00048836914" />
  <node id="12243" visible="true" version="1" lat="49.99998313509" lon="9.00049534584" />
  <node id="12244" visible="true" version="1" lat="49.99998313506" lon="9.00050232254" />
  <node id="12245" visible="true" version="1" lat="49.99998313503" lon="9.00050929924" />
  <node id="12246" visible="true" version="1" lat="49.999983135" lon="9.00051627595" />
  <node id="12247" visible="true" version="1" lat="49.99998313497" lon="9.00052325265" />
  <node id="12248" visible="true" version="1" lat="49.99998313494" lon="9.00053022935" />
  <node id="12249" visible="true" version="1" lat="49.99998313491" lon="9.00053720605" />
  <node id="12250" visible="true" version="1" lat="49.99998313487" lon="9.00054418275" />
  <node id="12251" visible="true" version="1" lat="49.99998313484" lon="9.00055115946" />
  <node id="12252" visible="true" version="1" lat="49.99998313481" lon="9.00055813616" />
  <node id="12253" visible="true" version="1" lat="49.99998313477" lon="9.00056511286" />
  <node id="12254" visible="true" version="1" lat="49.99998313474" lon="9.00057208956" />
  <node id="12255" visible="true" version="1" lat="49.9999831347" lon="9.00057906626" />
  <node id="12256" visible="true" version="1" lat="49.99998313467" lon="9.00058604296" />
  <node id="12257" visible="true" version="1" lat="49.99998313463" lon="9.00059301967" />
  <node id="12258" visible="true" version="1" lat="49.9999831346" lon="9.00059999637" />
  <node id="12259" visible="true" version="1" lat="49.99998313456" lon="9.00060697307" />
  <node id="12260" visible="true" version="1" lat="49.99998313453" lon="9.00061394977" />
  <node id="12261" visible="true" version="1" lat="49.99998313449" lon="9.00062092647" />
  <node id="12262" visible="true" version="1" lat="49.99998313445" lon="9.00062790318" />
  <node id="12263" visible="true" version="1" lat="49.99998313441" lon="9.00063487988" />
  <node id="12264" visible="true" version="1" lat="49.99998313437" lon="9.00064185658" />
  <node id="12265" visible="true" version="1" lat="49.99998313434" lon="9.00064883328" />
  <node id="12266" visible="true" version="1" lat="49.9999831343" lon="9.00065580998" />
  <node id="12267" visible="true" version="1" lat="49.99998313426" lon="9.00066278669" />
  <node id="12268" visible="true" version="1" lat="49.99998313422" lon="9.00066976339" />
  <node id="12269" visible="true" version="1" lat="49.99998313418" lon="9.00067674009" />
  <node id="12270" visible="true" version="1" lat="49.99998313414" lon="9.00068371679" />
  <node id="12271" visible="true" version="1" lat="49.99998313409" lon="9.00069069349" />
  <node id="12272" visible="true" version="1" lat="49.99998313405" lon="9.0006976702" />
  <node id="12273" visible="true" version="1" lat="49.99998313401" lon="9.0007046469" />
  <node id="12274" visible="true" version="1" lat="49.99998313397" lon="9.0007116236" />
  <node id="12275" visible="true" version="1" lat="49.99998313392" lon="9.0007186003" />
  <node id="12276" visible="true" version="1" lat="49.99998313388" lon="9.000725577" />
  <node id="12277" visible="true" version="1" lat="49.99998313384" lon="9.00073255371" />
  <node id="12278" visible="true" version="1" lat="49.99998313379" lon="9.00073953041" />
  <node id="12279" visible="true" version="1" lat="49.99998313375" lon="9.00074650711" />
  <node id="12280" visible="true" version="1" lat="49.9999831337" lon="9.00075348381" />
  <node id="12281" visible="true" version="1" lat="49.99998313366" lon="9.00076046051" />
  <node id="12282" visible="true" version="1" lat="49.99998313361" lon="9.00076743722" />
  <node id="12283" visible="true" version="1" lat="49.99998313357" lon="9.00077441392" />
  <node id="12284" visible="true" version="1" lat="49.99998313352" lon="9.00078139062" />
  <node id="12285" visible="true" version="1" lat="49.99998313347" lon="9.00078836732" />
  <node id="12286" visible="true" version="1" lat="49.99998313342" lon="9.00079534402" />
  <node id="12287" visible="true" version="1" lat="49.99998313338" lon="9.00080232073" />
  <node id="12288" visible="true" version="1" lat="49.99998313333" lon="9.00080929743" />
  <node id="12289" visible="true" version="1" lat="49.99998313328" lon="9.00081627413" />
  <node id="12290" visible="true" version="1" lat="49.99998313323" lon="9.00082325083" />
  <node id="12291" visible="true" version="1" lat="49.99998313318" lon="9.00083022753" />
  <node id="12292" visible="true" version="1" lat="49.99998313313" lon="9.00083720424" />
  <node id="12293" visible="true" version="1" lat="49.99998313308" lon="9.00084418094" />
  <node id="12294" visible="true" version="1" lat="49.99998313303" lon="9.00085115764" />
  <node id="12295" visible="true" version="1" lat="49.99998313298" lon="9.00085813434" />
  <node id="12296" visible="true" version="1" lat="49.99998313292" lon="9.00086511104" />
  <node id="12297" visible="true" version="1" lat="49.99998313287" lon="9.00087208775" />
  <node id="12298" visible="true" version="1" lat="49.99998313282" lon="9.00087906445" />
  <node id="12299" visible="true" version="1" lat="49.99998313277" lon="9.00088604115" />
  <node id="12300" visible="true" version="1" lat="49.99998313271" lon="9.00089301785" />
  <node id="12301" visible="true" version="1" lat="49.99998313266" lon="9.00089999455" />
  <node id="12302" visible="true" version="1" lat="49.9999831326" lon="9.00090697126" />
  <node id="12303" visible="true" version="1" lat="49.99998313255" lon="9.00091394796" />
  <node id="12304" visible="true" version="1" lat="49.9999831325" lon="9.00092092466" />
  <node id="12305" visible="true" version="1" lat="49.99998313244" lon="9.00092790136" />
  <node id="12306" visible="true" version="1" lat="49.99998313238" lon="9.00093487806" />
  <node id="12307" visible="true" version="1" lat="49.99998313233" lon="9.00094185477" />
  <node id="12308" visible="true" version="1" lat="49.99998313227" lon="9.00094883147" />
  <node id="12309" visible="true" version="1" lat="49.99998313221" lon="9.00095580817" />
  <node id="12310" visible="true" version="1" lat="49.99998313216" lon="9.00096278487" />
  <node id="12311" visible="true" version="1" lat="49.9999831321" lon="9.00096976157" />
  <node id="12312" visible="true" version="1" lat="49.99998313204" lon="9.00097673827" />
  <node id="12313" visible="true" version="1" lat="49.99998313198" lon="9.00098371498" />
  <node id="12314" visible="true" version="1" lat="49.99998313192" lon="9.00099069168" />
  <node id="12315" visible="true" version="1" lat="49.99998313186" lon="9.00099766838" />
  <node id="12316" visible="true" version="1" lat="49.9999831318" lon="9.00100464508" />
  <node id="12317" visible="true" version="1" lat="49.99998313174" lon="9.00101162178" />
  <node id="12318" visible="true" version="1" lat="49.99998313168" lon="9.00101859849" />
  <node id="12319" visible="true" version="1" lat="49.99998313162" lon="9.00102557519" />
  <node id="12320" visible="true" version="1" lat="49.99998313156" lon="9.00103255189" />
  <node id="12321" visible="true" version="1" lat="49.99998313149" lon="9.00103952859" />
  <node id="12322" visible="true" version="1" lat="49.99998313143" lon="9.00104650529" />
  <node id="12323" visible="true" version="1" lat="49.99998313137" lon="9.001053482" />
  <node id="12324" visible="true" version="1" lat="49.9999831313" lon="9.0010604587" />
  <node id="12325" visible="true" version="1" lat="49.99998313124" lon="9.0010674354" />
  <node id="12326" visible="true" version="1" lat="49.99998313118" lon="9.0010744121" />
  <node id="12327" visible="true" version="1" lat="49.99998313111" lon="9.0010813888" />
  <node id="12328" visible="true" version="1" lat="49.99998313105" lon="9.00108836551" />
  <node id="12329" visible="true" version="1" lat="49.99998313098" lon="9.00109534221" />
  <node id="12330" visible="true" version="1" lat="49.99998313091" lon="9.00110231891" />
  <node id="12331" visible="true" version="1" lat="49.99998313085" lon="9.00110929561" />
  <node id="12332" visible="true" version="1" lat="49.99998313078" lon="9.00111627231" />
  <node id="12333" visible="true" version="1" lat="49.99998313071" lon="9.00112324902" />
  <node id="12334" visible="true" version="1" lat="49.99998313065" lon="9.00113022572" />
  <node id="12335" visible="true" version="1" lat="49.99998313058" lon="9.00113720242" />
  <node id="12336" visible="true" version="1" lat="49.99998313051" lon="9.00114417912" />
  <node id="12337" visible="true" version="1" lat="49.99998313044" lon="9.00115115582" />
  <node id="12338" visible="true" version="1" lat="49.99998313037" lon="9.00115813253" />
  <node id="12339" visible="true" version="1" lat="49.9999831303" lon="9.00116510923" />
  <node id="12340" visible="true" version="1" lat="49.99998313023" lon="9.00117208593" />
  <node id="12341" visible="true" version="1" lat="49.99998313016" lon="9.00117906263" />
  <node id="12342" visible="true" version="1" lat="49.99998313009" lon="9.00118603933" />
  <node id="12343" visible="true" version="1" lat="49.99998313002" lon="9.00119301604" />
  <node id="12344" visible="true" version="1" lat="49.99998312994" lon="9.00119999274" />
  <node id="12345" visible="true" version="1" lat="49.99998312987" lon="9.00120696944" />
  <node id="12346" visible="true" version="1" lat="49.9999831298" lon="9.00121394614" />
  <node id="12347" visible="true" version="1" lat="49.99998312973" lon="9.00122092284" />
  <node id="12348" visible="true" version="1" lat="49.99998312965" lon="9.00122789955" />
  <node id="12349" visible="true" version="1" lat="49.99998312958" lon="9.00123487625" />
  <node id="12350" visible="true" version="1" lat="49.9999831295" lon="9.00124185295" />
  <node id="12351" visible="true" version="1" lat="49.99998312943" lon="9.00124882965" />
  <node id="12352" visible="true" version="1" lat="49.99998312935" lon="9.00125580635" />
  <node id="12353" visible="true" version="1" lat="49.99998312928" lon="9.00126278306" />
  <node id="12354" visible="true" version="1" lat="49.9999831292" lon="9.00126975976" />
  <node id="12355" visible="true" version="1" lat="49.99998312913" lon="9.00127673646" />
  <node id="12356" visible="true" version="1" lat="49.99998312905" lon="9.00128371316" />
  <node id="12357" visible="true" version="1" lat="49.99998312897" lon="9.00129068986" />
  <node id="12358" visible="true" version="1" lat="49.99998312889" lon="9.00129766657" />
  <node id="12359" visible="true" version="1" lat="49.99998312882" lon="9.00130464327" />
  <node id="12360" visible="true" version="1" lat="49.99998312874" lon="9.00131161997" />
  <node id="12361" visible="true" version="1" lat="49.99998312866" lon="9.00131859667" />
  <node id="12362" visible="true" version="1" lat="49.99998312858" lon="9.00132557337" />
  <node id="12363" visible="true" version="1" lat="49.9999831285" lon="9.00133255007" />
  <node id="12364" visible="true" version="1" lat="49.99998312842" lon="9.00133952678" />
  <node id="12365" visible="true" version="1" lat="49.99998312834" lon="9.00134650348" />
  <node id="12366" visible="true" version="1" lat="49.99998312826" lon="9.00135348018" />
  <node id="12367" visible="true" version="1" lat="49.99998312817" lon="9.00136045688" />
  <node id="12368" visible="true" version="1" lat="49.99998312809" lon="9.00136743358" />
  <node id="12369" visible="true" version="1" lat="49.99998312801" lon="9.00137441029" />
  <node id="12370" visible="true" version="1" lat="49.99998312793" lon="9.00138138699" />
  <node id="12371" visible="true" version="1" lat="49.99998312784" lon="9.00138836369" />
  <node id="12372" visible="true" version="1" lat="49.99998312776" lon="9.00139534039" />
  <node id="12373" visible="true" version="1" lat="49.99998312776" lon="9.00139534039" />
  <node id="12374" visible="true" version="1" lat="49.9999831278" lon="9.00140238248" />
  <node id="12375" visible="true" version="1" lat="49.9999831284" lon="9.00140942458" />
  <node id="12376" visible="true" version="1" lat="49.99998313" lon="9.00141646667" />
  <node id="12377" visible="true" version="1" lat="49.99998313306" lon="9.00142350876" />
  <node id="12378" visible="true" version="1" lat="49.99998313802" lon="9.00143055084" />
  <node id="12379" visible="true" version="1" lat="49.99998314533" lon="9.00143759293" />
  <node id="12380" visible="true" version="1" lat="49.99998315545" lon="9.001444635" />
  <node id="12381" visible="true" version="1" lat="49.99998316882" lon="9.00145167706" />
  <node id="12382" visible="true" version="1" lat="49.99998318589" lon="9.0014587191" />
  <node id="12383" visible="true" version="1" lat="49.99998320711" lon="9.00146576112" />
  <node id="12384" visible="true" version="1" lat="49.99998323294" lon="9.0014728031" />
  <node id="12385" visible="true" version="1" lat="49.99998326382" lon="9.00147984502" />
  <node id="12386" visible="true" version="1" lat="49.99998330019" lon="9.00148688689" />
  <node id="12387" visible="true" version="1" lat="49.99998334252" lon="9.00149392867" />
  <node id="12388" visible="true" version="1" lat="49.99998339125" lon="9.00150097036" />
  <node id="12389" visible="true" version="1" lat="49.99998344683" lon="9.00150801192" />
  <node id="12390" visible="true" version="1" lat="49.99998350971" lon="9.00151505334" />
  <node id="12391" visible="true" version="1" lat="49.99998358034" lon="9.00152209458" />
  <node id="12392" visible="true" version="1" lat="49.99998365917" lon="9.0015291356" />
  <node id="12393" visible="true" version="1" lat="49.99998374664" lon="9.00153617639" />
  <node id="12394" visible="true" version="1" lat="49.99998384322" lon="9.00154321688" />
  <node id="12395" visible="true" version="1" lat="49.99998394933" lon="9.00155025705" />
  <node id="12396" visible="true" version="1" lat="49.99998406545" lon="9.00155729684" />
  <node id="12397" visible="true" version="1" lat="49.99998419201" lon="9.00156433619" />
  <node id="12398" visible="true" version="1" lat="49.99998432946" lon="9.00157137505" />
  <node id="12399" visible="true" version="1" lat="49.99998447825" lon="9.00157841335" />
  <node id="12400" visible="true" version="1" lat="49.99998463884" lon="9.00158545104" />
  <node id="12401" visible="true" version="1" lat="49.99998481166" lon="9.00159248802" />
  <node id="12402" visible="true" version="1" lat="49.99998499717" lon="9.00159952423" />
  <node id="12403" visible="true" version="1" lat="49.99998519581" lon="9.00160655957" />
  <node id="12404" visible="true" version="1" lat="49.99998540804" lon="9.00161359396" />
  <node id="12405" visible="true" version="1" lat="49.99998563429" lon="9.00162062729" />
  <node id="12406" visible="true" version="1" lat="49.99998587502" lon="9.00162765947" />
  <node id="12407" visible="true" version="1" lat="49.99998613068" lon="9.00163469038" />
  <node id="12408" visible="true" version="1" lat="49.9999864017" lon="9.00164171991" />
  <node id="12409" visible="true" version="1" lat="49.99998668854" lon="9.00164874792" />
  <node id="12410" visible="true" version="1" lat="49.99998699163" lon="9.00165577429" />
  <node id="12411" visible="true" version="1" lat="49.99998731143" lon="9.00166279888" />
  <node id="12412" visible="true" version="1" lat="49.99998764838" lon="9.00166982154" />
  <node id="12413" visible="true" version="1" lat="49.99998800293" lon="9.00167684211" />
  <node id="12414" visible="true" version="1" lat="49.9999883755" lon="9.00168386044" />
  <node id="12415" visible="true" version="1" lat="49.99998876656" lon="9.00169087635" />
  <node id="12416" visible="true" version="1" lat="49.99998917653" lon="9.00169788965" />
  <node id="12417" visible="true" version="1" lat="49.99998960586" lon="9.00170490017" />
  <node id="12418" visible="true" version="1" lat="49.99999005499" lon="9.0017119077" />
  <node id="12419" visible="true" version="1" lat="49.99999052436" lon="9.00171891204" />
  <node id="12420" visible="true" version="1" lat="49.9999910144" lon="9.00172591296" />
  <node id="12421" visible="true" version="1" lat="49.99999152555" lon="9.00173291026" />
  <node id="12422" visible="true" version="1" lat="49.99999205825" lon="9.00173990368" />
  <node id="12423" visible="true" version="1" lat="49.99999261293" lon="9.00174689299" />
  <node id="12424" visible="true" version="1" lat="49.99999261293" lon="9.00174689299" />
  <node id="12425" visible="true" version="1" lat="49.99999319537" lon="9.00175394283" />
  <node id="12426" visible="true" version="1" lat="49.99999380051" lon="9.00176098806" />
  <node id="12427" visible="true" version="1" lat="49.99999442836" lon="9.00176802851" />
  <node id="12428" visible="true" version="1" lat="49.99999507888" lon="9.001775064" />
  <node id="12429" visible="true" version="1" lat="49.99999575208" lon="9.00178209436" />
  <node id="12430" visible="true" version="1" lat="49.99999644792" lon="9.00178911941" />
  <node id="12431" visible="true" version="1" lat="49.99999716639" lon="9.00179613897" />
  <node id="12432" visible="true" version="1" lat="49.99999790748" lon="9.00180315288" />
  <node id="12433" visible="true" version="1" lat="49.99999867116" lon="9.00181016094" />
  <node id="12434" visible="true" version="1" lat="49.99999945742" lon="9.001817163" />
  <node id="12435" visible="true" version="1" lat="50.00000026623" lon="9.00182415887" />
  <node id="12436" visible="true" version="1" lat="50.00000109758" lon="9.00183114837" />
  <node id="12437" visible="true" version="1" lat="50.00000195145" lon="9.00183813135" />
  <node id="12438" visible="true" version="1" lat="50.00000282781" lon="9.00184510761" />
  <node id="12439" visible="true" version="1" lat="50.00000372664" lon="9.00185207698" />
  <node id="12440" visible="true" version="1" lat="50.00000464793" lon="9.0018590393" />
  <node id="12441" visible="true" version="1" lat="50.00000559164" lon="9.00186599439" />
  <node id="12442" visible="true" version="1" lat="50.00000655775" lon="9.00187294206" />
  <node id="12443" visible="true" version="1" lat="50.00000754624" lon="9.00187988216" />
  <node id="12444" visible="true" version="1" lat="50.00000855709" lon="9.0018868145" />
  <node id="12445" visible="true" version="1" lat="50.00000959026" lon="9.00189373892" />
  <node id="12446" visible="true" version="1" lat="50.00001064574" lon="9.00190065523" />
  <node id="12447" visible="true" version="1" lat="50.0000117235" lon="9.00190756327" />
  <node id="12448" visible="true" version="1" lat="50.0000128235" lon="9.00191446287" />
  <node id="12449" visible="true" version="1" lat="50.00001394573" lon="9.00192135384" />
  <node id="12450" visible="true" version="1" lat="50.00001509015" lon="9.00192823603" />
  <node id="12451" visible="true" version="1" lat="50.00001625674" lon="9.00193510925" />
  <node id="12452" visible="true" version="1" lat="50.00001744546" lon="9.00194197334" />
  <node id="12453" visible="true" version="1" lat="50.00001865629" lon="9.00194882812" />
  <node id="12454" visible="true" version="1" lat="50.0000198892" lon="9.00195567342" />
  <node id="12455" visible="true" version="1" lat="50.00002114415" lon="9.00196250908" />
  <node id="12456" visible="true" version="1" lat="50.00002242112" lon="9.00196933491" />
  <node id="12457" visible="true" version="1" lat="50.00002372007" lon="9.00197615076" />
  <node id="12458" visible="true" version="1" lat="50.00002504097" lon="9.00198295644" />
  <node id="12459" visible="true" version="1" lat="50.00002638378" lon="9.00198975179" />
  <node id="12460" visible="true" version="1" lat="50.00002774848" lon="9.00199653664" />
  <node id="12461" visible="true" version="1" lat="50.00002913503" lon="9.00200331082" />
  <node id="12462" visible="true" version="1" lat="50.0000305434" lon="9.00201007417" />
  <node id="12463" visible="true" version="1" lat="50.00003197354" lon="9.0020168265" />
  <node id="12464" visible="true" version="1" lat="50.00003342543" lon="9.00202356765" />
  <node id="12465" visible="true" version="1" lat="50.00003489902" lon="9.00203029746" />
  <node id="12466" visible="true" version="1" lat="50.00003639429" lon="9.00203701576" />
  <node id="12467" visible="true" version="1" lat="50.00003791118" lon="9.00204372237" />
  <node id="12468" visible="true" version="1" lat="50.00003944968" lon="9.00205041713" />
  <node id="12469" visible="true" version="1" lat="50.00004100973" lon="9.00205709988" />
  <node id="12470" visible="true" version="1" lat="50.00004259129" lon="9.00206377044" />
  <node id="12471" visible="true" version="1" lat="50.00004419434" lon="9.00207042865" />
  <node id="12472" visible="true" version="1" lat="50.00004581882" lon="9.00207707434" />
  <node id="12473" visible="true" version="1" lat="50.0000474647" lon="9.00208370735" />
  <node id="12474" visible="true" version="1" lat="50.00004913194" lon="9.00209032751" />
  <node id="12475" visible="true" version="1" lat="50.00005082049" lon="9.00209693465" />
  <node id="12476" visible="true" version="1" lat="50.00005253032" lon="9.00210352862" />
  <node id="12477" visible="true" version="1" lat="50.00005426137" lon="9.00211010923" />
  <node id="12478" visible="true" version="1" lat="50.00005601362" lon="9.00211667634" />
  <node id="12479" visible="true" version="1" lat="50.000057787" lon="9.00212322978" />
  <node id="12480" visible="true" version="1" lat="50.00005958148" lon="9.00212976938" />
  <node id="12481" visible="true" version="1" lat="50.00006139702" lon="9.00213629497" />
  <node id="12482" visible="true" version="1" lat="50.00006323356" lon="9.0021428064" />
  <node id="12483" visible="true" version="1" lat="50.00006509107" lon="9.00214930351" />
  <node id="12484" visible="true" version="1" lat="50.00006696949" lon="9.00215578613" />
  <node id="12485" visible="true" version="1" lat="50.00006886878" lon="9.00216225409" />
  <node id="12486" visible="true" version="1" lat="50.00007078889" lon="9.00216870724" />
  <node id="12487" visible="true" version="1" lat="50.00007272978" lon="9.00217514542" />
  <node id="12488" visible="true" version="1" lat="50.00007469138" lon="9.00218156846" />
  <node id="12489" visible="true" version="1" lat="50.00007667367" lon="9.00218797621" />
  <node id="12490" visible="true" version="1" lat="50.00007867658" lon="9.0021943685" />
  <node id="12491" visible="true" version="1" lat="50.00008070007" lon="9.00220074517" />
  <node id="12492" visible="true" version="1" lat="50.00008274408" lon="9.00220710607" />
  <node id="12493" visible="true" version="1" lat="50.00008480857" lon="9.00221345103" />
  <node id="12494" visible="true" version="1" lat="50.00008689348" lon="9.0022197799" />
  <node id="12495" visible="true" version="1" lat="50.00008899876" lon="9.00222609252" />
  <node id="12496" visible="true" version="1" lat="50.00009112436" lon="9.00223238873" />
  <node id="12497" visible="true" version="1" lat="50.00009327023" lon="9.00223866838" />
  <node id="12498" visible="true" version="1" lat="50.0000954363" lon="9.0022449313" />
  <node id="12499" visible="true" version="1" lat="50.00009762254" lon="9.00225117734" />
  <node id="12500" visible="true" version="1" lat="50.00009982887" lon="9.00225740634" />
  <node id="12501" visible="true" version="1" lat="50.00010205525" lon="9.00226361816" />
  <node id="12502" visible="true" version="1" lat="50.00010430163" lon="9.00226981262" />
  <node id="12503" visible="true" version="1" lat="50.00010656794" lon="9.00227598959" />
  <node id="12504" visible="true" version="1" lat="50.00010885413" lon="9.00228214889" />
  <node id="12505" visible="true" version="1" lat="50.00011116014" lon="9.00228829039" />
  <node id="12506" visible="true" version="1" lat="50.00011348591" lon="9.00229441392" />
  <node id="12507" visible="true" version="1" lat="50.00011583139" lon="9.00230051934" />
  <node id="12508" visible="true" version="1" lat="50.00011819652" lon="9.00230660648" />
  <node id="12509" visible="true" version="1" lat="50.00012058124" lon="9.00231267521" />
  <node id="12510" visible="true" version="1" lat="50.00012298548" lon="9.00231872536" />
  <node id="12511" visible="true" version="1" lat="50.00012540919" lon="9.00232475679" />
  <node id="12512" visible="true" version="1" lat="50.00012785231" lon="9.00233076934" />
  <node id="12513" visible="true" version="1" lat="50.00013031478" lon="9.00233676286" />
  <node id="12514" visible="true" version="1" lat="50.00013279653" lon="9.00234273721" />
  <node id="12515" visible="true" version="1" lat="50.00013529751" lon="9.00234869224" />
  <node id="12516" visible="true" version="1" lat="50.00013781765" lon="9.00235462779" />
  <node id="12517" visible="true" version="1" lat="50.00014035688" lon="9.00236054371" />
  <node id="12518" visible="true" version="1" lat="50.00014291515" lon="9.00236643987" />
  <node id="12519" visible="true" version="1" lat="50.00014549239" lon="9.00237231611" />
  <node id="12520" visible="true" version="1" lat="50.00014808853" lon="9.00237817229" />
  <node id="12521" visible="true" version="1" lat="50.00015070352" lon="9.00238400825" />
  <node id="12522" visible="true" version="1" lat="50.00015333728" lon="9.00238982386" />
  <node id="12523" visible="true" version="1" lat="50.00015598975" lon="9.00239561897" />
  <node id="12524" visible="true" version="1" lat="50.00015866087" lon="9.00240139343" />
  <node id="12525" visible="true" version="1" lat="50.00016135056" lon="9.00240714709" />
  <node id="12526" visible="true" version="1" lat="50.00016405876" lon="9.00241287983" />
  <node id="12527" visible="true" version="1" lat="50.0001667854" lon="9.00241859148" />
  <node id="12528" visible="true" version="1" lat="50.00016953041" lon="9.00242428191" />
  <node id="12529" visible="true" version="1" lat="50.00017229373" lon="9.00242995098" />
  <node id="12530" visible="true" version="1" lat="50.00017507529" lon="9.00243559854" />
  <node id="12531" visible="true" version="1" lat="50.00017787501" lon="9.00244122446" />
  <node id="12532" visible="true" version="1" lat="50.00018069283" lon="9.00244682859" />
  <node id="12533" visible="true" version="1" lat="50.00018352868" lon="9.00245241079" />
  <node id="12534" visible="true" version="1" lat="50.00018638248" lon="9.00245797093" />
  <node id="12535" visible="true" version="1" lat="50.00018925416" lon="9.00246350886" />
  <node id="12536" visible="true" version="1" lat="50.00019214365" lon="9.00246902444" />
  <node id="12537" visible="true" version="1" lat="50.00019505089" lon="9.00247451755" />
  <node id="12538" visible="true" version="1" lat="50.00019797579" lon="9.00247998803" />
  <node id="12539" visible="true" version="1" lat="50.00020091829" lon="9.00248543576" />
  <node id="12540" visible="true" version="1" lat="50.0002038783" lon="9.00249086059" />
  <node id="12541" visible="true" version="1" lat="50.00020685576" lon="9.0024962624" />
  <node id="12542" visible="true" version="1" lat="50.0002098506" lon="9.00250164104" />
  <node id="12543" visible="true" version="1" lat="50.00021286273" lon="9.00250699639" />
  <node id="12544" visible="true" version="1" lat="50.00021589208" lon="9.00251232831" />
  <node id="12545" visible="true" version="1" lat="50.00021893858" lon="9.00251763666" />
  <node id="12546" visible="true" version="1" lat="50.00022200214" lon="9.00252292131" />
  <node id="12547" visible="true" version="1" lat="50.0002250827" lon="9.00252818213" />
  <node id="12548" visible="true" version="1" lat="50.00022818018" lon="9.002533419" />
  <node id="12549" visible="true" version="1" lat="50.0002312945" lon="9.00253863177" />
  <node id="12550" visible="true" version="1" lat="50.00023442557" lon="9.00254382031" />
  <node id="12551" visible="true" version="1" lat="50.00023757333" lon="9.00254898451" />
  <node id="12552" visible="true" version="1" lat="50.0002407377" lon="9.00255412422" />
  <node id="12553" visible="true" version="1" lat="50.00024391858" lon="9.00255923933" />
  <node id="12554" visible="true" version="1" lat="50.00024711592" lon="9.0025643297" />
  <node id="12555" visible="true" version="1" lat="50.00025032962" lon="9.0025693952" />
  <node id="12556" visible="true" version="1" lat="50.0002535596" lon="9.00257443571" />
  <node id="12557" visible="true" version="1" lat="50.00025680579" lon="9.00257945111" />
  <node id="12558" visible="true" version="1" lat="50.0002600681" lon="9.00258444126" />
  <node id="12559" visible="true" version="1" lat="50.00026334645" lon="9.00258940604" />
  <node id="12560" visible="true" version="1" lat="50.00026664076" lon="9.00259434533" />
  <node id="12561" visible="true" version="1" lat="50.00026995095" lon="9.00259925901" />
  <node id="12562" visible="true" version="1" lat="50.00027327693" lon="9.00260414695" />
  <node id="12563" visible="true" version="1" lat="50.00027661863" lon="9.00260900903" />
  <node id="12564" visible="true" version="1" lat="50.00027997595" lon="9.00261384513" />
  <node id="12565" visible="true" version="1" lat="50.00028334882" lon="9.00261865512" />
  <node id="12566" visible="true" version="1" lat="50.00028673715" lon="9.00262343889" />
  <node id="12567" visible="true" version="1" lat="50.00029014085" lon="9.00262819632" />
  <node id="12568" visible="true" version="1" lat="50.00029355984" lon="9.00263292729" />
  <node id="12569" visible="true" version="1" lat="50.00029699403" lon="9.00263763168" />
  <node id="12570" visible="true" version="1" lat="50.00030044335" lon="9.00264230937" />
  <node id="12571" visible="true" version="1" lat="50.00030390769" lon="9.00264696025" />
  <node id="12572" visible="true" version="1" lat="50.00030738698" lon="9.00265158419" />
  <node id="12573" visible="true" version="1" lat="50.00031088113" lon="9.00265618109" />
  <node id="12574" visible="true" version="1" lat="50.00031439005" lon="9.00266075083" />
  <node id="12575" visible="true" version="1" lat="50.00031791366" lon="9.00266529329" />
  <node id="12576" visible="true" version="1" lat="50.00032145186" lon="9.00266980837" />
  <node id="12577" visible="true" version="1" lat="50.00032500457" lon="9.00267429594" />
  <node id="12578" visible="true" version="1" lat="50.00032857169" lon="9.0026787559" />
  <node id="12579" visible="true" version="1" lat="50.00033215315" lon="9.00268318814" />
  <node id="12580" visible="true" version="1" lat="50.00033574884" lon="9.00268759253" />
  <node id="12581" visible="true" version="1" lat="50.00033935868" lon="9.00269196898" />
  <node id="12582" visible="true" version="1" lat="50.00034298259" lon="9.00269631738" />
  <node id="12583" visible="true" version="1" lat="50.00034662046" lon="9.00270063761" />
  <node id="12584" visible="true" version="1" lat="50.00035027221" lon="9.00270492957" />
  <node id="12585" visible="true" version="1" lat="50.00035393775" lon="9.00270919315" />
  <node id="12586" visible="true" version="1" lat="50.00035761698" lon="9.00271342824" />
  <node id="12587" visible="true" version="1" lat="50.00036130981" lon="9.00271763474" />
  <node id="12588" visible="true" version="1" lat="50.00036501615" lon="9.00272181254" />
  <node id="12589" visible="true" version="1" lat="50.00036873592" lon="9.00272596154" />
  <node id="12590" visible="true" version="1" lat="50.000372469" lon="9.00273008164" />
  <node id="12591" visible="true" version="1" lat="50.00037621532" lon="9.00273417272" />
  <node id="12592" visible="true" version="1" lat="50.00037997478" lon="9.0027382347" />
  <node id="12593" visible="true" version="1" lat="50.00038374728" lon="9.00274226746" />
  <node id="12594" visible="true" version="1" lat="50.00038753273" lon="9.00274627091" />
  <node id="12595" visible="true" version="1" lat="50.00039133104" lon="9.00275024495" />
  <node id="12596" visible="true" version="1" lat="50.0003951421" lon="9.00275418947" />
  <node id="12597" visible="true" version="1" lat="50.00039896584" lon="9.00275810439" />
  <node id="12598" visible="true" version="1" lat="50.00040280214" lon="9.00276198959" />
  <node id="12599" visible="true" version="1" lat="50.00040665091" lon="9.00276584499" />
  <node id="12600" visible="true" version="1" lat="50.00041051206" lon="9.00276967048" />
  <node id="12601" visible="true" version="1" lat="50.00041438549" lon="9.00277346598" />
  <node id="12602" visible="true" version="1" lat="50.0004182711" lon="9.00277723138" />
  <node id="12603" visible="true" version="1" lat="50.00042216881" lon="9.0027809666" />
  <node id="12604" visible="true" version="1" lat="50.0004260785" lon="9.00278467153" />
  <node id="12605" visible="true" version="1" lat="50.00043000008" lon="9.00278834609" />
  <node id="12606" visible="true" version="1" lat="50.00043393345" lon="9.00279199019" />
  <node id="12607" visible="true" version="1" lat="50.00043787852" lon="9.00279560373" />
  <node id="12608" visible="true" version="1" lat="50.00044183519" lon="9.00279918662" />
  <node id="12609" visible="true" version="1" lat="50.00044580336" lon="9.00280273878" />
  <node id="12610" visible="true" version="1" lat="50.00044978292" lon="9.00280626011" />
  <node id="12611" visible="true" version="1" lat="50.00045377378" lon="9.00280975053" />
  <node id="12612" visible="true" version="1" lat="50.00045777584" lon="9.00281320994" />
  <node id="12613" visible="true" version="1" lat="50.000461789" lon="9.00281663827" />
  <node id="12614" visible="true" version="1" lat="50.00046581316" lon="9.00282003543" />
  <node id="12615" visible="true" version="1" lat="50.00046984822" lon="9.00282340133" />
  <node id="12616" visible="true" version="1" lat="50.00047389407" lon="9.00282673589" />
  <node id="12617" visible="true" version="1" lat="50.00047795062" lon="9.00283003903" />
  <node id="12618" visible="true" version="1" lat="50.00048201776" lon="9.00283331065" />
  <node id="12619" visible="true" version="1" lat="50.0004860954" lon="9.00283655069" />
  <node id="12620" visible="true" version="1" lat="50.00049018343" lon="9.00283975906" />
  <node id="12621" visible="true" version="1" lat="50.00049428175" lon="9.00284293567" />
  <node id="12622" visible="true" version="1" lat="50.00049839025" lon="9.00284608046" />
  <node id="12623" visible="true" version="1" lat="50.00050250884" lon="9.00284919333" />
  <node id="12624" visible="true" version="1" lat="50.00050663741" lon="9.00285227423" />
  <node id="12625" visible="true" version="1" lat="50.00051077585" lon="9.00285532305" />
  <node id="12626" visible="true" version="1" lat="50.00051492407" lon="9.00285833974" />
  <node id="12627" visible="true" version="1" lat="50.00051908196" lon="9.00286132421" />
  <node id="12628" visible="true" version="1" lat="50.00052324942" lon="9.00286427639" />
  <node id="12629" visible="true" version="1" lat="50.00052742634" lon="9.00286719621" />
  <node id="12630" visible="true" version="1" lat="50.00053161262" lon="9.00287008359" />
  <node id="12631" visible="true" version="1" lat="50.00053580815" lon="9.00287293847" />
  <node id="12632" visible="true" version="1" lat="50.00054001283" lon="9.00287576076" />
  <node id="12633" visible="true" version="1" lat="50.00054422655" lon="9.0028785504" />
  <node id="12634" visible="true" version="1" lat="50.00054844921" lon="9.00288130732" />
  <node id="12635" visible="true" version="1" lat="50.0005526807" lon="9.00288403145" />
  <node id="12636" visible="true" version="1" lat="50.00055692092" lon="9.00288672273" />
  <node id="12637" visible="true" version="1" lat="50.00056116975" lon="9.00288938108" />
  <node id="12638" visible="true" version="1" lat="50.00056542711" lon="9.00289200644" />
  <node id="12639" visible="true" version="1" lat="50.00056969287" lon="9.00289459874" />
  <node id="12640" visible="true" version="1" lat="50.00057396693" lon="9.00289715792" />
  <node id="12641" visible="true" version="1" lat="50.00057824919" lon="9.00289968391" />
  <node id="12642" visible="true" version="1" lat="50.00058253953" lon="9.00290217665" />
  <node id="12643" visible="true" version="1" lat="50.00058683785" lon="9.00290463609" />
  <node id="12644" visible="true" version="1" lat="50.00059114405" lon="9.00290706215" />
  <node id="12645" visible="true" version="1" lat="50.00059545801" lon="9.00290945478" />
  <node id="12646" visible="true" version="1" lat="50.00059977963" lon="9.00291181391" />
  <node id="12647" visible="true" version="1" lat="50.00060410879" lon="9.00291413949" />
  <node id="12648" visible="true" version="1" lat="50.0006084454" lon="9.00291643146" />
  <node id="12649" visible="true" version="1" lat="50.00061278934" lon="9.00291868977" />
  <node id="12650" visible="true" version="1" lat="50.0006171405" lon="9.00292091435" />
  <node id="12651" visible="true" version="1" lat="50.00062149878" lon="9.00292310515" />
  <node id="12652" visible="true" version="1" lat="50.00062586407" lon="9.00292526211" />
  <node id="12653" visible="true" version="1" lat="50.00063023625" lon="9.00292738519" />
  <node id="12654" visible="true" version="1" lat="50.00063461522" lon="9.00292947432" />
  <node id="12655" visible="true" version="1" lat="50.00063900087" lon="9.00293152946" />
  <node id="12656" visible="true" version="1" lat="50.00064339308" lon="9.00293355056" />
  <node id="12657" visible="true" version="1" lat="50.00064779176" lon="9.00293553756" />
  <node id="12658" visible="true" version="1" lat="50.00065219678" lon="9.00293749042" />
  <node id="12659" visible="true" version="1" lat="50.00065660804" lon="9.00293940908" />
  <node id="12660" visible="true" version="1" lat="50.00066102544" lon="9.00294129349" />
  <node id="12661" visible="true" version="1" lat="50.00066544884" lon="9.00294314362" />
  <node id="12662" visible="true" version="1" lat="50.00066987816" lon="9.00294495942" />
  <node id="12663" visible="true" version="1" lat="50.00067431327" lon="9.00294674083" />
  <node id="12664" visible="true" version="1" lat="50.00067875407" lon="9.00294848782" />
  <node id="12665" visible="true" version="1" lat="50.00068320044" lon="9.00295020034" />
  <node id="12666" visible="true" version="1" lat="50.00068765228" lon="9.00295187834" />
  <node id="12667" visible="true" version="1" lat="50.00069210947" lon="9.00295352179" />
  <node id="12668" visible="true" version="1" lat="50.0006965719" lon="9.00295513065" />
  <node id="12669" visible="true" version="1" lat="50.00070103946" lon="9.00295670487" />
  <node id="12670" visible="true" version="1" lat="50.00070551203" lon="9.00295824442" />
  <node id="12671" visible="true" version="1" lat="50.00070998951" lon="9.00295974925" />
  <node id="12672" visible="true" version="1" lat="50.00071447179" lon="9.00296121934" />
  <node id="12673" visible="true" version="1" lat="50.00071895875" lon="9.00296265463" />
  <node id="12674" visible="true" version="1" lat="50.00072345028" lon="9.0029640551" />
  <node id="12675" visible="true" version="1" lat="50.00072794626" lon="9.00296542072" />
  <node id="12676" visible="true" version="1" lat="50.00073244659" lon="9.00296675144" />
  <node id="12677" visible="true" version="1" lat="50.00073695115" lon="9.00296804723" />
  <node id="12678" visible="true" version="1" lat="50.00074145983" lon="9.00296930807" />
  <node id="12679" visible="true" version="1" lat="50.00074597252" lon="9.00297053391" />
  <node id="12680" visible="true" version="1" lat="50.0007504891" lon="9.00297172474" />
  <node id="12681" visible="true" version="1" lat="50.00075500947" lon="9.00297288052" />
  <node id="12682" visible="true" version="1" lat="50.0007595335" lon="9.00297400121" />
  <node id="12683" visible="true" version="1" lat="50.00076406109" lon="9.0029750868" />
  <node id="12684" visible="true" version="1" lat="50.00076859212" lon="9.00297613726" />
  <node id="12685" visible="true" version="1" lat="50.00077312648" lon="9.00297715255" />
  <node id="12686" visible="true" version="1" lat="50.00077766405" lon="9.00297813266" />
  <node id="12687" visible="true" version="1" lat="50.00078220473" lon="9.00297907756" />
  <node id="12688" visible="true" version="1" lat="50.00078674839" lon="9.00297998722" />
  <node id="12689" visible="true" version="1" lat="50.00079129493" lon="9.00298086163" />
  <node id="12690" visible="true" version="1" lat="50.00079584423" lon="9.00298170076" />
  <node id="12691" visible="true" version="1" lat="50.00080039618" lon="9.00298250458" />
  <node id="12692" visible="true" version="1" lat="50.00080495066" lon="9.00298327309" />
  <node id="12693" visible="true" version="1" lat="50.00080950757" lon="9.00298400626" />
  <node id="12694" visible="true" version="1" lat="50.00081406677" lon="9.00298470407" />
  <node id="12695" visible="true" version="1" lat="50.00081862817" lon="9.00298536651" />
  <node id="12696" visible="true" version="1" lat="50.00082319165" lon="9.00298599355" />
  <node id="12697" visible="true" version="1" lat="50.00082775709" lon="9.00298658519" />
  <node id="12698" visible="true" version="1" lat="50.00083232438" lon="9.00298714141" />
  <node id="12699" visible="true" version="1" lat="50.00083689341" lon="9.00298766219" />
  <node id="12700" visible="true" version="1" lat="50.00084146406" lon="9.00298814752" />
  <node id="12701" visible="true" version="1" lat="50.00084603621" lon="9.00298859739" />
  <node id="12702" visible="true" version="1" lat="50.00085060976" lon="9.00298901179" />
  <node id="12703" visible="true" version="1" lat="50.00085518458" lon="9.0029893907" />
  <node id="12704" visible="true" version="1" lat="50.00085976057" lon="9.00298973413" />
  <node id="12705" visible="true" version="1" lat="50.00086433761" lon="9.00299004205" />
  <node id="12706" visible="true" version="1" lat="50.00086891559" lon="9.00299031446" />
  <node id="12707" visible="true" version="1" lat="50.00087349438" lon="9.00299055136" />
  <node id="12708" visible="true" version="1" lat="50.00087807388" lon="9.00299075274" />
  <node id="12709" visible="true" version="1" lat="50.00088265398" lon="9.00299091859" />
  <node id="12710" visible="true" version="1" lat="50.00088723455" lon="9.00299104891" />
  <node id="12711" visible="true" version="1" lat="50.00089181548" lon="9.0029911437" />
  <node id="12712" visible="true" version="1" lat="50.00089639666" lon="9.00299120295" />
  <node id="12713" visible="true" version="1" lat="50.00090097798" lon="9.00299122666" />
  <node id="12714" visible="true" version="1" lat="50.00090555931" lon="9.00299121484" />
  <node id="12715" visible="true" version="1" lat="50.00091014055" lon="9.00299116747" />
  <node id="12716" visible="true" version="1" lat="50.00091472158" lon="9.00299108457" />
  <node id="12717" visible="true" version="1" lat="50.00091930228" lon="9.00299096614" />
  <node id="12718" visible="true" version="1" lat="50.00092388255" lon="9.00299081217" />
  <node id="12719" visible="true" version="1" lat="50.00092846226" lon="9.00299062268" />
  <node id="12720" visible="true" version="1" lat="50.00093304131" lon="9.00299039766" />
  <node id="12721" visible="true" version="1" lat="50.00093761957" lon="9.00299013713" />
  <node id="12722" visible="true" version="1" lat="50.00094219693" lon="9.00298984108" />
  <node id="12723" visible="true" version="1" lat="50.00094677329" lon="9.00298950954" />
  <node id="12724" visible="true" version="1" lat="50.00095134851" lon="9.00298914249" />
  <node id="12725" visible="true" version="1" lat="50.0009559225" lon="9.00298873996" />
  <node id="12726" visible="true" version="1" lat="50.00096049513" lon="9.00298830195" />
  <node id="12727" visible="true" version="1" lat="50.0009650663" lon="9.00298782848" />
  <node id="12728" visible="true" version="1" lat="50.00096963588" lon="9.00298731956" />
  <node id="12729" visible="true" version="1" lat="50.00097420376" lon="9.00298677519" />
  <node id="12730" visible="true" version="1" lat="50.00097876984" lon="9.0029861954" />
  <node id="12731" visible="true" version="1" lat="50.00098333398" lon="9.00298558019" />
  <node id="12732" visible="true" version="1" lat="50.00098789609" lon="9.00298492959" />
  <node id="12733" visible="true" version="1" lat="50.00099245604" lon="9.00298424361" />
  <node id="12734" visible="true" version="1" lat="50.00099701373" lon="9.00298352226" />
  <node id="12735" visible="true" version="1" lat="50.00100156903" lon="9.00298276557" />
  <node id="12736" visible="true" version="1" lat="50.00100612184" lon="9.00298197355" />
  <node id="12737" visible="true" version="1" lat="50.00101067204" lon="9.00298114622" />
  <node id="12738" visible="true" version="1" lat="50.00101521952" lon="9.00298028361" />
  <node id="12739" visible="true" version="1" lat="50.00101976415" lon="9.00297938573" />
  <node id="12740" visible="true" version="1" lat="50.00102430584" lon="9.00297845261" />
  <node id="12741" visible="true" version="1" lat="50.00102884447" lon="9.00297748427" />
  <node id="12742" visible="true" version="1" lat="50.00103337991" lon="9.00297648074" />
  <node id="12743" visible="true" version="1" lat="50.00103791207" lon="9.00297544203" />
  <node id="12744" visible="true" version="1" lat="50.00104244082" lon="9.00297436818" />
  <node id="12745" visible="true" version="1" lat="50.00104696605" lon="9.00297325922" />
  <node id="12746" visible="true" version="1" lat="50.00105148766" lon="9.00297211516" />
  <node id="12747" visible="true" version="1" lat="50.00105600552" lon="9.00297093605" />
  <node id="12748" visible="true" version="1" lat="50.00106051952" lon="9.0029697219" />
  <node id="12749" visible="true" version="1" lat="50.00106502956" lon="9.00296847276" />
  <node id="12750" visible="true" version="1" lat="50.00106953551" lon="9.00296718864" />
  <node id="12751" visible="true" version="1" lat="50.00107403726" lon="9.00296586958" />
  <node id="12752" visible="true" version="1" lat="50.00107853471" lon="9.00296451562" />
  <node id="12753" visible="true" version="1" lat="50.00108302774" lon="9.00296312679" />
  <node id="12754" visible="true" version="1" lat="50.00108751624" lon="9.00296170313" />
  <node id="12755" visible="true" version="1" lat="50.0010920001" lon="9.00296024466" />
  <node id="12756" visible="true" version="1" lat="50.00109647919" lon="9.00295875143" />
  <node id="12757" visible="true" version="1" lat="50.00110095342" lon="9.00295722347" />
  <node id="12758" visible="true" version="1" lat="50.00110542267" lon="9.00295566083" />
  <node id="12759" visible="true" version="1" lat="50.00110988683" lon="9.00295406353" />
  <node id="12760" visible="true" version="1" lat="50.00111434578" lon="9.00295243163" />
  <node id="12761" visible="true" version="1" lat="50.00111879942" lon="9.00295076516" />
  <node id="12762" visible="true" version="1" lat="50.00112324763" lon="9.00294906415" />
  <node id="12763" visible="true" version="1" lat="50.0011276903" lon="9.00294732867" />
  <node id="12764" visible="true" version="1" lat="50.00113212733" lon="9.00294555874" />
  <node id="12765" visible="true" version="1" lat="50.00113655859" lon="9.00294375442" />
  <node id="12766" visible="true" version="1" lat="50.00114098399" lon="9.00294191574" />
  <node id="12767" visible="true" version="1" lat="50.0011454034" lon="9.00294004276" />
  <node id="12768" visible="true" version="1" lat="50.00114981672" lon="9.00293813552" />
  <node id="12769" visible="true" version="1" lat="50.00115422384" lon="9.00293619407" />
  <node id="12770" visible="true" version="1" lat="50.00115862465" lon="9.00293421846" />
  <node id="12771" visible="true" version="1" lat="50.00116301904" lon="9.00293220873" />
  <node id="12772" visible="true" version="1" lat="50.00116740689" lon="9.00293016494" />
  <node id="12773" visible="true" version="1" lat="50.00117178811" lon="9.00292808713" />
  <node id="12774" visible="true" version="1" lat="50.00117616257" lon="9.00292597537" />
  <node id="12775" visible="true" version="1" lat="50.00118053017" lon="9.0029238297" />
  <node id="12776" visible="true" version="1" lat="50.0011848908" lon="9.00292165017" />
  <node id="12777" visible="true" version="1" lat="50.00118924436" lon="9.00291943685" />
  <node id="12778" visible="true" version="1" lat="50.00119359072" lon="9.00291718978" />
  <node id="12779" visible="true" version="1" lat="50.00119792979" lon="9.00291490903" />
  <node id="12780" visible="true" version="1" lat="50.00120226146" lon="9.00291259464" />
  <node id="12781" visible="true" version="1" lat="50.00120658561" lon="9.00291024668" />
  <node id="12782" visible="true" version="1" lat="50.00121090214" lon="9.0029078652" />
  <node id="12783" visible="true" version="1" lat="50.00121521094" lon="9.00290545027" />
  <node id="12784" visible="true" version="1" lat="50.0012195119" lon="9.00290300195" />
  <node id="12785" visible="true" version="1" lat="50.00122380492" lon="9.00290052029" />
  <node id="12786" visible="true" version="1" lat="50.00122808989" lon="9.00289800537" />
  <node id="12787" visible="true" version="1" lat="50.0012323667" lon="9.00289545723" />
  <node id="12788" visible="true" version="1" lat="50.00123663525" lon="9.00289287595" />
  <node id="12789" visible="true" version="1" lat="50.00124089542" lon="9.00289026159" />
  <node id="12790" visible="true" version="1" lat="50.00124514711" lon="9.00288761421" />
  <node id="12791" visible="true" version="1" lat="50.00124939022" lon="9.00288493389" />
  <node id="12792" visible="true" version="1" lat="50.00125362464" lon="9.00288222068" />
  <node id="12793" visible="true" version="1" lat="50.00125785026" lon="9.00287947466" />
  <node id="12794" visible="true" version="1" lat="50.00126206698" lon="9.0028766959" />
  <node id="12795" visible="true" version="1" lat="50.00126627468" lon="9.00287388446" />
  <node id="12796" visible="true" version="1" lat="50.00127047328" lon="9.00287104041" />
  <node id="12797" visible="true" version="1" lat="50.00127466266" lon="9.00286816383" />
  <node id="12798" visible="true" version="1" lat="50.00127884271" lon="9.00286525479" />
  <node id="12799" visible="true" version="1" lat="50.00128301334" lon="9.00286231336" />
  <node id="12800" visible="true" version="1" lat="50.00128717443" lon="9.00285933961" />
  <node id="12801" visible="true" version="1" lat="50.00129132589" lon="9.00285633362" />
  <node id="12802" visible="true" version="1" lat="50.00129546761" lon="9.00285329546" />
  <node id="12803" visible="true" version="1" lat="50.00129959949" lon="9.00285022522" />
  <node id="12804" visible="true" version="1" lat="50.00130372142" lon="9.00284712295" />
  <node id="12805" visible="true" version="1" lat="50.0013078333" lon="9.00284398876" />
  <node id="12806" visible="true" version="1" lat="50.00131193503" lon="9.0028408227" />
  <node id="12807" visible="true" version="1" lat="50.0013160265" lon="9.00283762487" />
  <node id="12808" visible="true" version="1" lat="50.00132010762" lon="9.00283439533" />
  <node id="12809" visible="true" version="1" lat="50.00132417827" lon="9.00283113418" />
  <node id="12810" visible="true" version="1" lat="50.00132823837" lon="9.00282784149" />
  <node id="12811" visible="true" version="1" lat="50.0013322878" lon="9.00282451735" />
  <node id="12812" visible="true" version="1" lat="50.00133632647" lon="9.00282116184" />
  <node id="12813" visible="true" version="1" lat="50.00134035427" lon="9.00281777504" />
  <node id="12814" visible="true" version="1" lat="50.00134437111" lon="9.00281435703" />
  <node id="12815" visible="true" version="1" lat="50.00134837689" lon="9.00281090791" />
  <node id="12816" visible="true" version="1" lat="50.0013523715" lon="9.00280742776" />
  <node id="12817" visible="true" version="1" lat="50.00135635484" lon="9.00280391666" />
  <node id="12818" visible="true" version="1" lat="50.00136032681" lon="9.00280037471" />
  <node id="12819" visible="true" version="1" lat="50.00136428733" lon="9.00279680199" />
  <node id="12820" visible="true" version="1" lat="50.00136823627" lon="9.00279319859" />
  <node id="12821" visible="true" version="1" lat="50.00137217356" lon="9.0027895646" />
  <node id="12822" visible="true" version="1" lat="50.00137609908" lon="9.00278590012" />
  <node id="12823" visible="true" version="1" lat="50.00138001275" lon="9.00278220523" />
  <node id="12824" visible="true" version="1" lat="50.00138391446" lon="9.00277848002" />
  <node id="12825" visible="true" version="1" lat="50.00138780411" lon="9.0027747246" />
  <node id="12826" visible="true" version="1" lat="50.00139168162" lon="9.00277093905" />
  <node id="12827" visible="true" version="1" lat="50.00139554687" lon="9.00276712346" />
  <node id="12828" visible="true" version="1" lat="50.00139939978" lon="9.00276327794" />
  <node id="12829" visible="true" version="1" lat="50.00140324025" lon="9.00275940258" />
  <node id="12830" visible="true" version="1" lat="50.00140706818" lon="9.00275549748" />
  <node id="12831" visible="true" version="1" lat="50.00141088347" lon="9.00275156273" />
  <node id="12832" visible="true" version="1" lat="50.00141468604" lon="9.00274759843" />
  <node id="12833" visible="true" version="1" lat="50.00141847578" lon="9.00274360469" />
  <node id="12834" visible="true" version="1" lat="50.00142225261" lon="9.00273958159" />
  <node id="12835" visible="true" version="1" lat="50.00142601642" lon="9.00273552925" />
  <node id="12836" visible="true" version="1" lat="50.00142976713" lon="9.00273144776" />
  <node id="12837" visible="true" version="1" lat="50.00143350463" lon="9.00272733723" />
  <node id="12838" visible="true" version="1" lat="50.00143722884" lon="9.00272319776" />
  <node id="12839" visible="true" version="1" lat="50.00144093967" lon="9.00271902944" />
  <node id="12840" visible="true" version="1" lat="50.00144463701" lon="9.00271483239" />
  <node id="12841" visible="true" version="1" lat="50.00144832078" lon="9.00271060672" />
  <node id="12842" visible="true" version="1" lat="50.00145199089" lon="9.00270635252" />
  <node id="12843" visible="true" version="1" lat="50.00145564724" lon="9.0027020699" />
  <node id="12844" visible="true" version="1" lat="50.00145928974" lon="9.00269775897" />
  <node id="12845" visible="true" version="1" lat="50.0014629183" lon="9.00269341984" />
  <node id="12846" visible="true" version="1" lat="50.00146653284" lon="9.00268905261" />
  <node id="12847" visible="true" version="1" lat="50.00147013325" lon="9.0026846574" />
  <node id="12848" visible="true" version="1" lat="50.00147371945" lon="9.00268023432" />
  <node id="12849" visible="true" version="1" lat="50.00147729136" lon="9.00267578347" />
  <node id="12850" visible="true" version="1" lat="50.00148084887" lon="9.00267130497" />
  <node id="12851" visible="true" version="1" lat="50.00148439191" lon="9.00266679893" />
  <node id="12852" visible="true" version="1" lat="50.00148792038" lon="9.00266226545" />
  <node id="12853" visible="true" version="1" lat="50.0014914342" lon="9.00265770467" />
  <node id="12854" visible="true" version="1" lat="50.00149493327" lon="9.00265311668" />
  <node id="12855" visible="true" version="1" lat="50.00149841752" lon="9.00264850161" />
  <node id="12856" visible="true" version="1" lat="50.00150188684" lon="9.00264385956" />
  <node id="12857" visible="true" version="1" lat="50.00150534117" lon="9.00263919066" />
  <node id="12858" visible="true" version="1" lat="50.0015087804" lon="9.00263449502" />
  <node id="12859" visible="true" version="1" lat="50.00151220446" lon="9.00262977276" />
  <node id="12860" visible="true" version="1" lat="50.00151561325" lon="9.002625024" />
  <node id="12861" visible="true" version="1" lat="50.0015190067" lon="9.00262024885" />
  <node id="12862" visible="true" version="1" lat="50.00152238472" lon="9.00261544744" />
  <node id="12863" visible="true" version="1" lat="50.00152574722" lon="9.00261061989" />
  <node id="12864" visible="true" version="1" lat="50.00152909411" lon="9.00260576631" />
  <node id="12865" visible="true" version="1" lat="50.00153242533" lon="9.00260088682" />
  <node id="12866" visible="true" version="1" lat="50.00153574078" lon="9.00259598156" />
  <node id="12867" visible="true" version="1" lat="50.00153904038" lon="9.00259105064" />
  <node id="12868" visible="true" version="1" lat="50.00154232404" lon="9.00258609418" />
  <node id="12869" visible="true" version="1" lat="50.00154559169" lon="9.00258111231" />
  <node id="12870" visible="true" version="1" lat="50.00154884325" lon="9.00257610516" />
  <node id="12871" visible="true" version="1" lat="50.00155207862" lon="9.00257107285" />
  <node id="12872" visible="true" version="1" lat="50.00155529774" lon="9.0025660155" />
  <node id="12873" visible="true" version="1" lat="50.00155850052" lon="9.00256093324" />
  <node id="12874" visible="true" version="1" lat="50.00156168688" lon="9.0025558262" />
  <node id="12875" visible="true" version="1" lat="50.00156485674" lon="9.0025506945" />
  <node id="12876" visible="true" version="1" lat="50.00156801002" lon="9.00254553828" />
  <node id="12877" visible="true" version="1" lat="50.00157114665" lon="9.00254035766" />
  <node id="12878" visible="true" version="1" lat="50.00157426654" lon="9.00253515278" />
  <node id="12879" visible="true" version="1" lat="50.00157736961" lon="9.00252992375" />
  <node id="12880" visible="true" version="1" lat="50.0015804558" lon="9.00252467072" />
  <node id="12881" visible="true" version="1" lat="50.00158352502" lon="9.00251939382" />
  <node id="12882" visible="true" version="1" lat="50.00158657719" lon="9.00251409317" />
  <node id="12883" visible="true" version="1" lat="50.00158961224" lon="9.00250876891" />
  <node id="12884" visible="true" version="1" lat="50.00159263009" lon="9.00250342118" />
  <node id="12885" visible="true" version="1" lat="50.00159563068" lon="9.0024980501" />
  <node id="12886" visible="true" version="1" lat="50.00159861391" lon="9.00249265581" />
  <node id="12887" visible="true" version="1" lat="50.00160157972" lon="9.00248723844" />
  <node id="12888" visible="true" version="1" lat="50.00160452804" lon="9.00248179813" />
  <node id="12889" visible="true" version="1" lat="50.00160745879" lon="9.00247633503" />
  <node id="12890" visible="true" version="1" lat="50.00161037189" lon="9.00247084925" />
  <node id="12891" visible="true" version="1" lat="50.00161326728" lon="9.00246534095" />
  <node id="12892" visible="true" version="1" lat="50.00161614487" lon="9.00245981025" />
  <node id="12893" visible="true" version="1" lat="50.00161900461" lon="9.0024542573" />
  <node id="12894" visible="true" version="1" lat="50.00162184642" lon="9.00244868223" />
  <node id="12895" visible="true" version="1" lat="50.00162467022" lon="9.00244308519" />
  <node id="12896" visible="true" version="1" lat="50.00162747595" lon="9.00243746631" />
  <node id="12897" visible="true" version="1" lat="50.00163026354" lon="9.00243182574" />
  <node id="12898" visible="true" version="1" lat="50.00163303291" lon="9.00242616362" />
  <node id="12899" visible="true" version="1" lat="50.001635784" lon="9.00242048008" />
  <node id="12900" visible="true" version="1" lat="50.00163851674" lon="9.00241477527" />
  <node id="12901" visible="true" version="1" lat="50.00164123106" lon="9.00240904933" />
  <node id="12902" visible="true" version="1" lat="50.00164392689" lon="9.00240330241" />
  <node id="12903" visible="true" version="1" lat="50.00164660417" lon="9.00239753464" />
  <node id="12904" visible="true" version="1" lat="50.00164926282" lon="9.00239174618" />
  <node id="12905" visible="true" version="1" lat="50.00165190279" lon="9.00238593717" />
  <node id="12906" visible="true" version="1" lat="50.001654524" lon="9.00238010775" />
  <node id="12907" visible="true" version="1" lat="50.00165712639" lon="9.00237425807" />
  <node id="12908" visible="true" version="1" lat="50.0016597099" lon="9.00236838828" />
  <node id="12909" visible="true" version="1" lat="50.00166227446" lon="9.00236249852" />
  <node id="12910" visible="true" version="1" lat="50.00166482" lon="9.00235658893" />
  <node id="12911" visible="true" version="1" lat="50.00166734647" lon="9.00235065967" />
  <node id="12912" visible="true" version="1" lat="50.00166985379" lon="9.00234471089" />
  <node id="12913" visible="true" version="1" lat="50.00167234192" lon="9.00233874273" />
  <node id="12914" visible="true" version="1" lat="50.00167481077" lon="9.00233275535" />
  <node id="12915" visible="true" version="1" lat="50.00167726031" lon="9.00232674888" />
  <node id="12916" visible="true" version="1" lat="50.00167969045" lon="9.00232072349" />
  <node id="12917" visible="true" version="1" lat="50.00168210114" lon="9.00231467933" />
  <node id="12918" visible="true" version="1" lat="50.00168449232" lon="9.00230861654" />
  <node id="12919" visible="true" version="1" lat="50.00168686394" lon="9.00230253527" />
  <node id="12920" visible="true" version="1" lat="50.00168921593" lon="9.00229643568" />
  <node id="12921" visible="true" version="1" lat="50.00169154822" lon="9.00229031792" />
  <node id="12922" visible="true" version="1" lat="50.00169386078" lon="9.00228418215" />
  <node id="12923" visible="true" version="1" lat="50.00169615353" lon="9.00227802851" />
  <node id="12924" visible="true" version="1" lat="50.00169842642" lon="9.00227185717" />
  <node id="12925" visible="true" version="1" lat="50.00170067939" lon="9.00226566827" />
  <node id="12926" visible="true" version="1" lat="50.00170291239" lon="9.00225946197" />
  <node id="12927" visible="true" version="1" lat="50.00170512536" lon="9.00225323842" />
  <node id="12928" visible="true" version="1" lat="50.00170731824" lon="9.00224699779" />
  <node id="12929" visible="true" version="1" lat="50.00170949098" lon="9.00224074022" />
  <node id="12930" visible="true" version="1" lat="50.00171164353" lon="9.00223446587" />
  <node id="12931" visible="true" version="1" lat="50.00171377583" lon="9.00222817491" />
  <node id="12932" visible="true" version="1" lat="50.00171588784" lon="9.00222186748" />
  <node id="12933" visible="true" version="1" lat="50.00171797948" lon="9.00221554375" />
  <node id="12934" visible="true" version="1" lat="50.00172005072" lon="9.00220920387" />
  <node id="12935" visible="true" version="1" lat="50.0017221015" lon="9.002202848" />
  <node id="12936" visible="true" version="1" lat="50.00172413178" lon="9.0021964763" />
  <node id="12937" visible="true" version="1" lat="50.00172614149" lon="9.00219008894" />
  <node id="12938" visible="true" version="1" lat="50.00172813059" lon="9.00218368606" />
  <node id="12939" visible="true" version="1" lat="50.00173009903" lon="9.00217726783" />
  <node id="12940" visible="true" version="1" lat="50.00173204676" lon="9.00217083441" />
  <node id="12941" visible="true" version="1" lat="50.00173397374" lon="9.00216438596" />
  <node id="12942" visible="true" version="1" lat="50.00173587991" lon="9.00215792264" />
  <node id="12943" visible="true" version="1" lat="50.00173776522" lon="9.00215144462" />
  <node id="12944" visible="true" version="1" lat="50.00173962963" lon="9.00214495205" />
  <node id="12945" visible="true" version="1" lat="50.0017414731" lon="9.00213844511" />
  <node id="12946" visible="true" version="1" lat="50.00174329557" lon="9.00213192394" />
  <node id="12947" visible="true" version="1" lat="50.001745097" lon="9.00212538871" />
  <node id="12948" visible="true" version="1" lat="50.00174687735" lon="9.00211883959" />
  <node id="12949" visible="true" version="1" lat="50.00174863657" lon="9.00211227675" />
  <node id="12950" visible="true" version="1" lat="50.00175037462" lon="9.00210570033" />
  <node id="12951" visible="true" version="1" lat="50.00175209145" lon="9.00209911052" />
  <node id="12952" visible="true" version="1" lat="50.00175378702" lon="9.00209250747" />
  <node id="12953" visible="true" version="1" lat="50.00175546129" lon="9.00208589135" />
  <node id="12954" visible="true" version="1" lat="50.00175711421" lon="9.00207926233" />
  <node id="12955" visible="true" version="1" lat="50.00175874575" lon="9.00207262056" />
  <node id="12956" visible="true" version="1" lat="50.00176035587" lon="9.00206596622" />
  <node id="12957" visible="true" version="1" lat="50.00176194452" lon="9.00205929948" />
  <node id="12958" visible="true" version="1" lat="50.00176351166" lon="9.00205262049" />
  <node id="12959" visible="true" version="1" lat="50.00176505726" lon="9.00204592943" />
  <node id="12960" visible="true" version="1" lat="50.00176658128" lon="9.00203922646" />
  <node id="12961" visible="true" version="1" lat="50.00176808367" lon="9.00203251176" />
  <node id="12962" visible="true" version="1" lat="50.00176956441" lon="9.00202578548" />
  <node id="12963" visible="true" version="1" lat="50.00177102345" lon="9.0020190478" />
  <node id="12964" visible="true" version="1" lat="50.00177246076" lon="9.00201229888" />
  <node id="12965" visible="true" version="1" lat="50.00177387629" lon="9.0020055389" />
  <node id="12966" visible="true" version="1" lat="50.00177527003" lon="9.00199876803" />
  <node id="12967" visible="true" version="1" lat="50.00177664193" lon="9.00199198642" />
  <node id="12968" visible="true" version="1" lat="50.00177799195" lon="9.00198519426" />
  <node id="12969" visible="true" version="1" lat="50.00177932007" lon="9.00197839171" />
  <node id="12970" visible="true" version="1" lat="50.00178062624" lon="9.00197157895" />
  <node id="12971" visible="true" version="1" lat="50.00178191045" lon="9.00196475613" />
  <node id="12972" visible="true" version="1" lat="50.00178317264" lon="9.00195792344" />
  <node id="12973" visible="true" version="1" lat="50.00178441281" lon="9.00195108104" />
  <node id="12974" visible="true" version="1" lat="50.0017856309" lon="9.00194422911" />
  <node id="12975" visible="true" version="1" lat="50.0017868269" lon="9.00193736781" />
  <node id="12976" visible="true" version="1" lat="50.00178800077" lon="9.00193049732" />
  <node id="12977" visible="true" version="1" lat="50.00178915248" lon="9.00192361781" />
  <node id="12978" visible="true" version="1" lat="50.00179028201" lon="9.00191672945" />
  <node id="12979" visible="true" version="1" lat="50.00179138933" lon="9.00190983242" />
  <node id="12980" visible="true" version="1" lat="50.0017924744" lon="9.00190292688" />
  <node id="12981" visible="true" version="1" lat="50.0017935372" lon="9.00189601301" />
  <node id="12982" visible="true" version="1" lat="50.00179457771" lon="9.00188909098" />
  <node id="12983" visible="true" version="1" lat="50.00179559589" lon="9.00188216097" />
  <node id="12984" visible="true" version="1" lat="50.00179659173" lon="9.00187522314" />
  <node id="12985" visible="true" version="1" lat="50.0017975652" lon="9.00186827768" />
  <node id="12986" visible="true" version="1" lat="50.00179851627" lon="9.00186132475" />
  <node id="12987" visible="true" version="1" lat="50.00179944492" lon="9.00185436453" />
  <node id="12988" visible="true" version="1" lat="50.00180035113" lon="9.00184739719" />
  <node id="12989" visible="true" version="1" lat="50.00180123488" lon="9.00184042291" />
  <node id="12990" visible="true" version="1" lat="50.00180209613" lon="9.00183344187" />
  <node id="12991" visible="true" version="1" lat="50.00180293488" lon="9.00182645422" />
  <node id="12992" visible="true" version="1" lat="50.00180375109" lon="9.00181946016" />
  <node id="12993" visible="true" version="1" lat="50.00180454476" lon="9.00181245986" />
  <node id="12994" visible="true" version="1" lat="50.00180531585" lon="9.00180545348" />
  <node id="12995" visible="true" version="1" lat="50.00180606435" lon="9.00179844121" />
  <node id="12996" visible="true" version="1" lat="50.00180679025" lon="9.00179142322" />
  <node id="12997" visible="true" version="1" lat="50.00180749352" lon="9.00178439969" />
  <node id="12998" visible="true" version="1" lat="50.00180817414" lon="9.00177737079" />
  <node id="12999" visible="true" version="1" lat="50.0018088321" lon="9.0017703367" />
  <node id="13000" visible="true" version="1" lat="50.00180946739" lon="9.00176329759" />
  <node id="13001" visible="true" version="1" lat="50.00181007998" lon="9.00175625364" />
  <node id="13002" visible="true" version="1" lat="50.00181066986" lon="9.00174920503" />
  <node id="13003" visible="true" version="1" lat="50.00181123702" lon="9.00174215193" />
  <node id="13004" visible="true" version="1" lat="50.00181178144" lon="9.00173509452" />
  <node id="13005" visible="true" version="1" lat="50.00181230311" lon="9.00172803297" />
  <node id="13006" visible="true" version="1" lat="50.00181280202" lon="9.00172096746" />
  <node id="13007" visible="true" version="1" lat="50.00181327814" lon="9.00171389818" />
  <node id="13008" visible="true" version="1" lat="50.00181373148" lon="9.00170682528" />
  <node id="13009" visible="true" version="1" lat="50.00181416202" lon="9.00169974896" />
  <node id="13010" visible="true" version="1" lat="50.00181456975" lon="9.00169266939" />
  <node id="13011" visible="true" version="1" lat="50.00181495466" lon="9.00168558674" />
  <node id="13012" visible="true" version="1" lat="50.00181531673" lon="9.0016785012" />
  <node id="13013" visible="true" version="1" lat="50.00181565597" lon="9.00167141293" />
  <node id="13014" visible="true" version="1" lat="50.00181597235" lon="9.00166432212" />
  <node id="13015" visible="true" version="1" lat="50.00181626588" lon="9.00165722895" />
  <node id="13016" visible="true" version="1" lat="50.00181653655" lon="9.00165013359" />
  <node id="13017" visible="true" version="1" lat="50.00181678435" lon="9.00164303621" />
  <node id="13018" visible="true" version="1" lat="50.00181700927" lon="9.00163593701" />
  <node id="13019" visible="true" version="1" lat="50.00181721131" lon="9.00162883614" />
  <node id="13020" visible="true" version="1" lat="50.00181739046" lon="9.0016217338" />
  <node id="13021" visible="true" version="1" lat="50.00181754672" lon="9.00161463016" />
  <node id="13022" visible="true" version="1" lat="50.00181768008" lon="9.00160752539" />
  <node id="13023" visible="true" version="1" lat="50.00181779054" lon="9.00160041968" />
  <node id="13024" visible="true" version="1" lat="50.00181787811" lon="9.0015933132" />
  <node id="13026" visible="true" version="1" lat="50" lon="9" />
  <node id="13027" visible="true" version="1" lat="50" lon="9.0000069767" />
  <node id="13028" visible="true" version="1" lat="50" lon="9.00001395341" />
  <node id="13029" visible="true" version="1" lat="50" lon="9.00002093011" />
  <node id="13030" visible="true" version="1" lat="50" lon="9.00002790682" />
  <node id="13031" visible="true" version="1" lat="49.99999999999" lon="9.00003488352" />
  <node id="13032" visible="true" version="1" lat="49.99999999999" lon="9.00004186023" />
  <node id="13033" visible="true" version="1" lat="49.99999999999" lon="9.00004883693" />
  <node id="13034" visible="true" version="1" lat="49.99999999999" lon="9.00005581364" />
  <node id="13035" visible="true" version="1" lat="49.99999999998" lon="9.00006279034" />
  <node id="13036" visible="true" version="1" lat="49.99999999998" lon="9.00006976704" />
  <node id="13037" visible="true" version="1" lat="49.99999999997" lon="9.00007674375" />
  <node id="13038" visible="true" version="1" lat="49.99999999997" lon="9.00008372045" />
  <node id="13039" visible="true" version="1" lat="49.99999999996" lon="9.00009069716" />
  <node id="13040" visible="true" version="1" lat="49.99999999996" lon="9.00009767386" />
  <node id="13041" visible="true" version="1" lat="49.99999999995" lon="9.00010465057" />
  <node id="13042" visible="true" version="1" lat="49.99999999995" lon="9.00011162727" />
  <node id="13043" visible="true" version="1" lat="49.99999999994" lon="9.00011860397" />
  <node id="13044" visible="true" version="1" lat="49.99999999993" lon="9.00012558068" />
  <node id="13045" visible="true" version="1" lat="49.99999999992" lon="9.00013255738" />
  <node id="13046" visible="true" version="1" lat="49.99999999992" lon="9.00013953409" />
  <node id="13047" visible="true" version="1" lat="49.99999999991" lon="9.00014651079" />
  <node id="13048" visible="true" version="1" lat="49.9999999999" lon="9.0001534875" />
  <node id="13049" visible="true" version="1" lat="49.99999999989" lon="9.0001604642" />
  <node id="13050" visible="true" version="1" lat="49.99999999988" lon="9.00016744091" />
  <node id="13051" visible="true" version="1" lat="49.99999999987" lon="9.00017441761" />
  <node id="13052" visible="true" version="1" lat="49.99999999986" lon="9.00018139431" />
  <node id="13053" visible="true" version="1" lat="49.99999999985" lon="9.00018837102" />
  <node id="13054" visible="true" version="1" lat="49.99999999984" lon="9.00019534772" />
  <node id="13055" visible="true" version="1" lat="49.99999999982" lon="9.00020232443" />
  <node id="13056" visible="true" version="1" lat="49.99999999981" lon="9.00020930113" />
  <node id="13057" visible="true" version="1" lat="49.9999999998" lon="9.00021627784" />
  <node id="13058" visible="true" version="1" lat="49.99999999979" lon="9.00022325454" />
  <node id="13059" visible="true" version="1" lat="49.99999999977" lon="9.00023023125" />
  <node id="13060" visible="true" version="1" lat="49.99999999976" lon="9.00023720795" />
  <node id="13061" visible="true" version="1" lat="49.99999999974" lon="9.00024418465" />
  <node id="13062" visible="true" version="1" lat="49.99999999973" lon="9.00025116136" />
  <node id="13063" visible="true" version="1" lat="49.99999999971" lon="9.00025813806" />
  <node id="13064" visible="true" version="1" lat="49.9999999997" lon="9.00026511477" />
  <node id="13065" visible="true" version="1" lat="49.99999999968" lon="9.00027209147" />
  <node id="13066" visible="true" version="1" lat="49.99999999966" lon="9.00027906818" />
  <node id="13067" visible="true" version="1" lat="49.99999999965" lon="9.00028604488" />
  <node id="13068" visible="true" version="1" lat="49.99999999963" lon="9.00029302158" />
  <node id="13069" visible="true" version="1" lat="49.99999999961" lon="9.00029999829" />
  <node id="13070" visible="true" version="1" lat="49.99999999959" lon="9.00030697499" />
  <node id="13071" visible="true" version="1" lat="49.99999999958" lon="9.0003139517" />
  <node id="13072" visible="true" version="1" lat="49.99999999956" lon="9.0003209284" />
  <node id="13073" visible="true" version="1" lat="49.99999999954" lon="9.00032790511" />
  <node id="13074" visible="true" version="1" lat="49.99999999952" lon="9.00033488181" />
  <node id="13075" visible="true" version="1" lat="49.9999999995" lon="9.00034185852" />
  <node id="13076" visible="true" version="1" lat="49.99999999948" lon="9.00034883522" />
  <node id="13077" visible="true" version="1" lat="49.99999999945" lon="9.00035581192" />
  <node id="13078" visible="true" version="1" lat="49.99999999943" lon="9.00036278863" />
  <node id="13079" visible="true" version="1" lat="49.99999999941" lon="9.00036976533" />
  <node id="13080" visible="true" version="1" lat="49.99999999939" lon="9.00037674204" />
  <node id="13081" visible="true" version="1" lat="49.99999999937" lon="9.00038371874" />
  <node id="13082" visible="true" version="1" lat="49.99999999934" lon="9.00039069545" />
  <node id="13083" visible="true" version="1" lat="49.99999999932" lon="9.00039767215" />
  <node id="13084" visible="true" version="1" lat="49.99999999929" lon="9.00040464886" />
  <node id="13085" visible="true" version="1" lat="49.99999999927" lon="9.00041162556" />
  <node id="13086" visible="true" version="1" lat="49.99999999924" lon="9.00041860226" />
  <node id="13087" visible="true" version="1" lat="49.99999999922" lon="9.00042557897" />
  <node id="13088" visible="true" version="1" lat="49.99999999919" lon="9.00043255567" />
  <node id="13089" visible="true" version="1" lat="49.99999999917" lon="9.00043953238" />
  <node id="13090" visible="true" version="1" lat="49.99999999914" lon="9.00044650908" />
  <node id="13091" visible="true" version="1" lat="49.99999999911" lon="9.00045348579" />
  <node id="13092" visible="true" version="1" lat="49.99999999909" lon="9.00046046249" />
  <node id="13093" visible="true" version="1" lat="49.99999999906" lon="9.0004674392" />
  <node id="13094" visible="true" version="1" lat="49.99999999903" lon="9.0004744159" />
  <node id="13095" visible="true" version="1" lat="49.999999999" lon="9.0004813926" />
  <node id="13096" visible="true" version="1" lat="49.99999999897" lon="9.00048836931" />
  <node id="13097" visible="true" version="1" lat="49.99999999894" lon="9.00049534601" />
  <node id="13098" visible="true" version="1" lat="49.99999999891" lon="9.00050232272" />
  <node id="13099" visible="true" version="1" lat="49.99999999888" lon="9.00050929942" />
  <node id="13100" visible="true" version="1" lat="49.99999999885" lon="9.00051627613" />
  <node id="13101" visible="true" version="1" lat="49.99999999882" lon="9.00052325283" />
  <node id="13102" visible="true" version="1" lat="49.99999999879" lon="9.00053022953" />
  <node id="13103" visible="true" version="1" lat="49.99999999876" lon="9.00053720624" />
  <node id="13104" visible="true" version="1" lat="49.99999999872" lon="9.00054418294" />
  <node id="13105" visible="true" version="1" lat="49.99999999869" lon="9.00055115965" />
  <node id="13106" visible="true" version="1" lat="49.99999999866" lon="9.00055813635" />
  <node id="13107" visible="true" version="1" lat="49.99999999862" lon="9.00056511306" />
  <node id="13108" visible="true" version="1" lat="49.99999999859" lon="9.00057208976" />
  <node id="13109" visible="true" version="1" lat="49.99999999856" lon="9.00057906647" />
  <node id="13110" visible="true" version="1" lat="49.99999999852" lon="9.00058604317" />
  <node id="13111" visible="true" version="1" lat="49.99999999848" lon="9.00059301987" />
  <node id="13112" visible="true" version="1" lat="49.99999999845" lon="9.00059999658" />
  <node id="13113" visible="true" version="1" lat="49.99999999841" lon="9.00060697328" />
  <node id="13114" visible="true" version="1" lat="49.99999999838" lon="9.00061394999" />
  <node id="13115" visible="true" version="1" lat="49.99999999834" lon="9.00062092669" />
  <node id="13116" visible="true" version="1" lat="49.9999999983" lon="9.0006279034" />
  <node id="13117" visible="true" version="1" lat="49.99999999826" lon="9.0006348801" />
  <node id="13118" visible="true" version="1" lat="49.99999999822" lon="9.00064185681" />
  <node id="13119" visible="true" version="1" lat="49.99999999819" lon="9.00064883351" />
  <node id="13120" visible="true" version="1" lat="49.99999999815" lon="9.00065581021" />
  <node id="13121" visible="true" version="1" lat="49.99999999811" lon="9.00066278692" />
  <node id="13122" visible="true" version="1" lat="49.99999999807" lon="9.00066976362" />
  <node id="13123" visible="true" version="1" lat="49.99999999803" lon="9.00067674033" />
  <node id="13124" visible="true" version="1" lat="49.99999999799" lon="9.00068371703" />
  <node id="13125" visible="true" version="1" lat="49.99999999794" lon="9.00069069374" />
  <node id="13126" visible="true" version="1" lat="49.9999999979" lon="9.00069767044" />
  <node id="13127" visible="true" version="1" lat="49.99999999786" lon="9.00070464714" />
  <node id="13128" visible="true" version="1" lat="49.99999999782" lon="9.00071162385" />
  <node id="13129" visible="true" version="1" lat="49.99999999777" lon="9.00071860055" />
  <node id="13130" visible="true" version="1" lat="49.99999999773" lon="9.00072557726" />
  <node id="13131" visible="true" version="1" lat="49.99999999769" lon="9.00073255396" />
  <node id="13132" visible="true" version="1" lat="49.99999999764" lon="9.00073953067" />
  <node id="13133" visible="true" version="1" lat="49.9999999976" lon="9.00074650737" />
  <node id="13134" visible="true" version="1" lat="49.99999999755" lon="9.00075348408" />
  <node id="13135" visible="true" version="1" lat="49.99999999751" lon="9.00076046078" />
  <node id="13136" visible="true" version="1" lat="49.99999999746" lon="9.00076743748" />
  <node id="13137" visible="true" version="1" lat="49.99999999742" lon="9.00077441419" />
  <node id="13138" visible="true" version="1" lat="49.99999999737" lon="9.00078139089" />
  <node id="13139" visible="true" version="1" lat="49.99999999732" lon="9.0007883676" />
  <node id="13140" visible="true" version="1" lat="49.99999999727" lon="9.0007953443" />
  <node id="13141" visible="true" version="1" lat="49.99999999723" lon="9.00080232101" />
  <node id="13142" visible="true" version="1" lat="49.99999999718" lon="9.00080929771" />
  <node id="13143" visible="true" version="1" lat="49.99999999713" lon="9.00081627442" />
  <node id="13144" visible="true" version="1" lat="49.99999999708" lon="9.00082325112" />
  <node id="13145" visible="true" version="1" lat="49.99999999703" lon="9.00083022782" />
  <node id="13146" visible="true" version="1" lat="49.99999999698" lon="9.00083720453" />
  <node id="13147" visible="true" version="1" lat="49.99999999693" lon="9.00084418123" />
  <node id="13148" visible="true" version="1" lat="49.99999999688" lon="9.00085115794" />
  <node id="13149" visible="true" version="1" lat="49.99999999683" lon="9.00085813464" />
  <node id="13150" visible="true" version="1" lat="49.99999999678" lon="9.00086511135" />
  <node id="13151" visible="true" version="1" lat="49.99999999672" lon="9.00087208805" />
  <node id="13152" visible="true" version="1" lat="49.99999999667" lon="9.00087906475" />
  <node id="13153" visible="true" version="1" lat="49.99999999662" lon="9.00088604146" />
  <node id="13154" visible="true" version="1" lat="49.99999999656" lon="9.00089301816" />
  <node id="13155" visible="true" version="1" lat="49.99999999651" lon="9.00089999487" />
  <node id="13156" visible="true" version="1" lat="49.99999999646" lon="9.00090697157" />
  <node id="13157" visible="true" version="1" lat="49.9999999964" lon="9.00091394828" />
  <node id="13158" visible="true" version="1" lat="49.99999999635" lon="9.00092092498" />
  <node id="13159" visible="true" version="1" lat="49.99999999629" lon="9.00092790169" />
  <node id="13160" visible="true" version="1" lat="49.99999999623" lon="9.00093487839" />
  <node id="13161" visible="true" version="1" lat="49.99999999618" lon="9.00094185509" />
  <node id="13162" visible="true" version="1" lat="49.99999999612" lon="9.0009488318" />
  <node id="13163" visible="true" version="1" lat="49.99999999606" lon="9.0009558085" />
  <node id="13164" visible="true" version="1" lat="49.99999999601" lon="9.00096278521" />
  <node id="13165" visible="true" version="1" lat="49.99999999595" lon="9.00096976191" />
  <node id="13166" visible="true" version="1" lat="49.99999999589" lon="9.00097673862" />
  <node id="13167" visible="true" version="1" lat="49.99999999583" lon="9.00098371532" />
  <node id="13168" visible="true" version="1" lat="49.99999999577" lon="9.00099069203" />
  <node id="13169" visible="true" version="1" lat="49.99999999571" lon="9.00099766873" />
  <node id="13170" visible="true" version="1" lat="49.99999999565" lon="9.00100464543" />
  <node id="13171" visible="true" version="1" lat="49.99999999559" lon="9.00101162214" />
  <node id="13172" visible="true" version="1" lat="49.99999999553" lon="9.00101859884" />
  <node id="13173" visible="true" version="1" lat="49.99999999547" lon="9.00102557555" />
  <node id="13174" visible="true" version="1" lat="49.99999999541" lon="9.00103255225" />
  <node id="13175" visible="true" version="1" lat="49.99999999534" lon="9.00103952896" />
  <node id="13176" visible="true" version="1" lat="49.99999999528" lon="9.00104650566" />
  <node id="13177" visible="true" version="1" lat="49.99999999522" lon="9.00105348236" />
  <node id="13178" visible="true" version="1" lat="49.99999999515" lon="9.00106045907" />
  <node id="13179" visible="true" version="1" lat="49.99999999509" lon="9.00106743577" />
  <node id="13180" visible="true" version="1" lat="49.99999999503" lon="9.00107441248" />
  <node id="13181" visible="true" version="1" lat="49.99999999496" lon="9.00108138918" />
  <node id="13182" visible="true" version="1" lat="49.9999999949" lon="9.00108836589" />
  <node id="13183" visible="true" version="1" lat="49.99999999483" lon="9.00109534259" />
  <node id="13184" visible="true" version="1" lat="49.99999999476" lon="9.0011023193" />
  <node id="13185" visible="true" version="1" lat="49.9999999947" lon="9.001109296" />
  <node id="13186" visible="true" version="1" lat="49.99999999463" lon="9.0011162727" />
  <node id="13187" visible="true" version="1" lat="49.99999999456" lon="9.00112324941" />
  <node id="13188" visible="true" version="1" lat="49.9999999945" lon="9.00113022611" />
  <node id="13189" visible="true" version="1" lat="49.99999999443" lon="9.00113720282" />
  <node id="13190" visible="true" version="1" lat="49.99999999436" lon="9.00114417952" />
  <node id="13191" visible="true" version="1" lat="49.99999999429" lon="9.00115115623" />
  <node id="13192" visible="true" version="1" lat="49.99999999422" lon="9.00115813293" />
  <node id="13193" visible="true" version="1" lat="49.99999999415" lon="9.00116510964" />
  <node id="13194" visible="true" version="1" lat="49.99999999408" lon="9.00117208634" />
  <node id="13195" visible="true" version="1" lat="49.99999999401" lon="9.00117906304" />
  <node id="13196" visible="true" version="1" lat="49.99999999394" lon="9.00118603975" />
  <node id="13197" visible="true" version="1" lat="49.99999999387" lon="9.00119301645" />
  <node id="13198" visible="true" version="1" lat="49.9999999938" lon="9.00119999316" />
  <node id="13199" visible="true" version="1" lat="49.99999999372" lon="9.00120696986" />
  <node id="13200" visible="true" version="1" lat="49.99999999365" lon="9.00121394657" />
  <node id="13201" visible="true" version="1" lat="49.99999999358" lon="9.00122092327" />
  <node id="13202" visible="true" version="1" lat="49.9999999935" lon="9.00122789998" />
  <node id="13203" visible="true" version="1" lat="49.99999999343" lon="9.00123487668" />
  <node id="13204" visible="true" version="1" lat="49.99999999335" lon="9.00124185338" />
  <node id="13205" visible="true" version="1" lat="49.99999999328" lon="9.00124883009" />
  <node id="13206" visible="true" version="1" lat="49.9999999932" lon="9.00125580679" />
  <node id="13207" visible="true" version="1" lat="49.99999999313" lon="9.0012627835" />
  <node id="13208" visible="true" version="1" lat="49.99999999305" lon="9.0012697602" />
  <node id="13209" visible="true" version="1" lat="49.99999999298" lon="9.00127673691" />
  <node id="13210" visible="true" version="1" lat="49.9999999929" lon="9.00128371361" />
  <node id="13211" visible="true" version="1" lat="49.99999999282" lon="9.00129069031" />
  <node id="13212" visible="true" version="1" lat="49.99999999274" lon="9.00129766702" />
  <node id="13213" visible="true" version="1" lat="49.99999999267" lon="9.00130464372" />
  <node id="13214" visible="true" version="1" lat="49.99999999259" lon="9.00131162043" />
  <node id="13215" visible="true" version="1" lat="49.99999999251" lon="9.00131859713" />
  <node id="13216" visible="true" version="1" lat="49.99999999243" lon="9.00132557384" />
  <node id="13217" visible="true" version="1" lat="49.99999999235" lon="9.00133255054" />
  <node id="13218" visible="true" version="1" lat="49.99999999227" lon="9.00133952725" />
  <node id="13219" visible="true" version="1" lat="49.99999999219" lon="9.00134650395" />
  <node id="13220" visible="true" version="1" lat="49.99999999211" lon="9.00135348065" />
  <node id="13221" visible="true" version="1" lat="49.99999999202" lon="9.00136045736" />
  <node id="13222" visible="true" version="1" lat="49.99999999194" lon="9.00136743406" />
  <node id="13223" visible="true" version="1" lat="49.99999999186" lon="9.00137441077" />
  <node id="13224" visible="true" version="1" lat="49.99999999178" lon="9.00138138747" />
  <node id="13225" visible="true" version="1" lat="49.99999999169" lon="9.00138836418" />
  <node id="13226" visible="true" version="1" lat="49.99999999161" lon="9.00139534088" />
  <node id="13227" visible="true" version="1" lat="49.99999999161" lon="9.00139534088" />
  <node id="13228" visible="true" version="1" lat="49.9999999916" lon="9.00140231759" />
  <node id="13229" visible="true" version="1" lat="49.99999999204" lon="9.00140929429" />
  <node id="13230" visible="true" version="1" lat="49.99999999338" lon="9.00141627099" />
  <node id="13231" visible="true" version="1" lat="49.99999999607" lon="9.0014232477" />
  <node id="13232" visible="true" version="1" lat="50.00000000055" lon="9.0014302244" />
  <node id="13233" visible="true" version="1" lat="50.00000000729" lon="9.00143720109" />
  <node id="13234" visible="true" version="1" lat="50.00000001672" lon="9.00144417778" />
  <node id="13235" visible="true" version="1" lat="50.0000000293" lon="9.00145115446" />
  <node id="13236" visible="true" version="1" lat="50.00000004548" lon="9.00145813112" />
  <node id="13237" visible="true" version="1" lat="50.0000000657" lon="9.00146510775" />
  <node id="13238" visible="true" version="1" lat="50.00000009042" lon="9.00147208435" />
  <node id="13239" visible="true" version="1" lat="50.00000012009" lon="9.0014790609" />
  <node id="13240" visible="true" version="1" lat="50.00000015515" lon="9.0014860374" />
  <node id="13241" visible="true" version="1" lat="50.00000019606" lon="9.00149301381" />
  <node id="13242" visible="true" version="1" lat="50.00000024326" lon="9.00149999013" />
  <node id="13243" visible="true" version="1" lat="50.00000029721" lon="9.00150696633" />
  <node id="13244" visible="true" version="1" lat="50.00000035835" lon="9.00151394239" />
  <node id="13245" visible="true" version="1" lat="50.00000042714" lon="9.00152091828" />
  <node id="13246" visible="true" version="1" lat="50.00000050401" lon="9.00152789396" />
  <node id="13247" visible="true" version="1" lat="50.00000058944" lon="9.00153486941" />
  <node id="13248" visible="true" version="1" lat="50.00000068385" lon="9.00154184457" />
  <node id="13249" visible="true" version="1" lat="50.0000007877" lon="9.00154881941" />
  <node id="13250" visible="true" version="1" lat="50.00000090145" lon="9.00155579389" />
  <node id="13251" visible="true" version="1" lat="50.00000102553" lon="9.00156276793" />
  <node id="13252" visible="true" version="1" lat="50.0000011604" lon="9.0015697415" />
  <node id="13253" visible="true" version="1" lat="50.00000130651" lon="9.00157671452" />
  <node id="13254" visible="true" version="1" lat="50.0000014643" lon="9.00158368692" />
  <node id="13255" visible="true" version="1" lat="50.00000163423" lon="9.00159065864" />
  <node id="13256" visible="true" version="1" lat="50.00000181674" lon="9.0015976296" />
  <node id="13257" visible="true" version="1" lat="50.00000201227" lon="9.0016045997" />
  <node id="13258" visible="true" version="1" lat="50.00000222129" lon="9.00161156886" />
  <node id="13259" visible="true" version="1" lat="50.00000244423" lon="9.00161853699" />
  <node id="13260" visible="true" version="1" lat="50.00000268154" lon="9.00162550397" />
  <node id="13261" visible="true" version="1" lat="50.00000293367" lon="9.00163246969" />
  <node id="13262" visible="true" version="1" lat="50.00000320106" lon="9.00163943405" />
  <node id="13263" visible="true" version="1" lat="50.00000348416" lon="9.00164639692" />
  <node id="13264" visible="true" version="1" lat="50.00000378342" lon="9.00165335815" />
  <node id="13265" visible="true" version="1" lat="50.00000409927" lon="9.00166031762" />
  <node id="13266" visible="true" version="1" lat="50.00000443217" lon="9.00166727518" />
  <node id="13267" visible="true" version="1" lat="50.00000478256" lon="9.00167423067" />
  <node id="13268" visible="true" version="1" lat="50.00000515087" lon="9.00168118393" />
  <node id="13269" visible="true" version="1" lat="50.00000553756" lon="9.00168813479" />
  <node id="13270" visible="true" version="1" lat="50.00000594307" lon="9.00169508307" />
  <node id="13271" visible="true" version="1" lat="50.00000636782" lon="9.00170202858" />
  <node id="13272" visible="true" version="1" lat="50.00000681228" lon="9.00170897112" />
  <node id="13273" visible="true" version="1" lat="50.00000727686" lon="9.00171591049" />
  <node id="13274" visible="true" version="1" lat="50.00000776201" lon="9.00172284647" />
  <node id="13275" visible="true" version="1" lat="50.00000826817" lon="9.00172977884" />
  <node id="13276" visible="true" version="1" lat="50.00000879578" lon="9.00173670736" />
  <node id="13277" visible="true" version="1" lat="50.00000934525" lon="9.00174363178" />
  <node id="13278" visible="true" version="1" lat="50.00000934525" lon="9.00174363178" />
  <node id="13279" visible="true" version="1" lat="50.00000991697" lon="9.00175055187" />
  <node id="13280" visible="true" version="1" lat="50.00001051098" lon="9.00175746743" />
  <node id="13281" visible="true" version="1" lat="50.00001112727" lon="9.00176437831" />
  <node id="13282" visible="true" version="1" lat="50.00001176582" lon="9.00177128431" />
  <node id="13283" visible="true" version="1" lat="50.00001242662" lon="9.00177818528" />
  <node id="13284" visible="true" version="1" lat="50.00001310966" lon="9.00178508104" />
  <node id="13285" visible="true" version="1" lat="50.00001381491" lon="9.00179197141" />
  <node id="13286" visible="true" version="1" lat="50.00001454236" lon="9.00179885622" />
  <node id="13287" visible="true" version="1" lat="50.00001529198" lon="9.00180573531" />
  <node id="13288" visible="true" version="1" lat="50.00001606377" lon="9.00181260849" />
  <node id="13289" visible="true" version="1" lat="50.0000168577" lon="9.00181947561" />
  <node id="13290" visible="true" version="1" lat="50.00001767375" lon="9.00182633648" />
  <node id="13291" visible="true" version="1" lat="50.0000185119" lon="9.00183319093" />
  <node id="13292" visible="true" version="1" lat="50.00001937213" lon="9.00184003879" />
  <node id="13293" visible="true" version="1" lat="50.00002025442" lon="9.0018468799" />
  <node id="13294" visible="true" version="1" lat="50.00002115875" lon="9.00185371408" />
  <node id="13295" visible="true" version="1" lat="50.00002208509" lon="9.00186054116" />
  <node id="13296" visible="true" version="1" lat="50.00002303342" lon="9.00186736097" />
  <node id="13297" visible="true" version="1" lat="50.00002400372" lon="9.00187417334" />
  <node id="13298" visible="true" version="1" lat="50.00002499596" lon="9.00188097809" />
  <node id="13299" visible="true" version="1" lat="50.00002601012" lon="9.00188777506" />
  <node id="13300" visible="true" version="1" lat="50.00002704618" lon="9.00189456409" />
  <node id="13301" visible="true" version="1" lat="50.0000281041" lon="9.00190134499" />
  <node id="13302" visible="true" version="1" lat="50.00002918386" lon="9.0019081176" />
  <node id="13303" visible="true" version="1" lat="50.00003028543" lon="9.00191488175" />
  <node id="13304" visible="true" version="1" lat="50.00003140879" lon="9.00192163727" />
  <node id="13305" visible="true" version="1" lat="50.0000325539" lon="9.00192838399" />
  <node id="13306" visible="true" version="1" lat="50.00003372075" lon="9.00193512175" />
  <node id="13307" visible="true" version="1" lat="50.0000349093" lon="9.00194185037" />
  <node id="13308" visible="true" version="1" lat="50.00003611951" lon="9.00194856969" />
  <node id="13309" visible="true" version="1" lat="50.00003735137" lon="9.00195527954" />
  <node id="13310" visible="true" version="1" lat="50.00003860483" lon="9.00196197974" />
  <node id="13311" visible="true" version="1" lat="50.00003987988" lon="9.00196867015" />
  <node id="13312" visible="true" version="1" lat="50.00004117647" lon="9.00197535057" />
  <node id="13313" visible="true" version="1" lat="50.00004249457" lon="9.00198202086" />
  <node id="13314" visible="true" version="1" lat="50.00004383415" lon="9.00198868084" />
  <node id="13315" visible="true" version="1" lat="50.00004519518" lon="9.00199533035" />
  <node id="13316" visible="true" version="1" lat="50.00004657763" lon="9.00200196921" />
  <node id="13317" visible="true" version="1" lat="50.00004798145" lon="9.00200859727" />
  <node id="13318" visible="true" version="1" lat="50.00004940661" lon="9.00201521436" />
  <node id="13319" visible="true" version="1" lat="50.00005085309" lon="9.00202182031" />
  <node id="13320" visible="true" version="1" lat="50.00005232083" lon="9.00202841495" />
  <node id="13321" visible="true" version="1" lat="50.00005380981" lon="9.00203499813" />
  <node id="13322" visible="true" version="1" lat="50.00005531999" lon="9.00204156968" />
  <node id="13323" visible="true" version="1" lat="50.00005685133" lon="9.00204812943" />
  <node id="13324" visible="true" version="1" lat="50.00005840379" lon="9.00205467722" />
  <node id="13325" visible="true" version="1" lat="50.00005997733" lon="9.00206121289" />
  <node id="13326" visible="true" version="1" lat="50.00006157191" lon="9.00206773627" />
  <node id="13327" visible="true" version="1" lat="50.0000631875" lon="9.0020742472" />
  <node id="13328" visible="true" version="1" lat="50.00006482406" lon="9.00208074552" />
  <node id="13329" visible="true" version="1" lat="50.00006648153" lon="9.00208723106" />
  <node id="13330" visible="true" version="1" lat="50.00006815989" lon="9.00209370366" />
  <node id="13331" visible="true" version="1" lat="50.00006985908" lon="9.00210016317" />
  <node id="13332" visible="true" version="1" lat="50.00007157907" lon="9.00210660941" />
  <node id="13333" visible="true" version="1" lat="50.00007331982" lon="9.00211304223" />
  <node id="13334" visible="true" version="1" lat="50.00007508128" lon="9.00211946147" />
  <node id="13335" visible="true" version="1" lat="50.0000768634" lon="9.00212586697" />
  <node id="13336" visible="true" version="1" lat="50.00007866614" lon="9.00213225856" />
  <node id="13337" visible="true" version="1" lat="50.00008048946" lon="9.00213863609" />
  <node id="13338" visible="true" version="1" lat="50.00008233331" lon="9.00214499939" />
  <node id="13339" visible="true" version="1" lat="50.00008419764" lon="9.00215134832" />
  <node id="13340" visible="true" version="1" lat="50.00008608242" lon="9.0021576827" />
  <node id="13341" visible="true" version="1" lat="50.00008798758" lon="9.00216400239" />
  <node id="13342" visible="true" version="1" lat="50.00008991309" lon="9.00217030721" />
  <node id="13343" visible="true" version="1" lat="50.00009185889" lon="9.00217659703" />
  <node id="13344" visible="true" version="1" lat="50.00009382494" lon="9.00218287167" />
  <node id="13345" visible="true" version="1" lat="50.00009581118" lon="9.00218913098" />
  <node id="13346" visible="true" version="1" lat="50.00009781758" lon="9.00219537481" />
  <node id="13347" visible="true" version="1" lat="50.00009984407" lon="9.002201603" />
  <node id="13348" visible="true" version="1" lat="50.00010189061" lon="9.00220781539" />
  <node id="13349" visible="true" version="1" lat="50.00010395714" lon="9.00221401182" />
  <node id="13350" visible="true" version="1" lat="50.00010604362" lon="9.00222019215" />
  <node id="13351" visible="true" version="1" lat="50.00010814999" lon="9.00222635622" />
  <node id="13352" visible="true" version="1" lat="50.0001102762" lon="9.00223250388" />
  <node id="13353" visible="true" version="1" lat="50.0001124222" lon="9.00223863496" />
  <node id="13354" visible="true" version="1" lat="50.00011458793" lon="9.00224474932" />
  <node id="13355" visible="true" version="1" lat="50.00011677333" lon="9.00225084681" />
  <node id="13356" visible="true" version="1" lat="50.00011897837" lon="9.00225692727" />
  <node id="13357" visible="true" version="1" lat="50.00012120296" lon="9.00226299055" />
  <node id="13358" visible="true" version="1" lat="50.00012344708" lon="9.00226903649" />
  <node id="13359" visible="true" version="1" lat="50.00012571065" lon="9.00227506496" />
  <node id="13360" visible="true" version="1" lat="50.00012799362" lon="9.00228107579" />
  <node id="13361" visible="true" version="1" lat="50.00013029593" lon="9.00228706884" />
  <node id="13362" visible="true" version="1" lat="50.00013261753" lon="9.00229304395" />
  <node id="13363" visible="true" version="1" lat="50.00013495835" lon="9.00229900098" />
  <node id="13364" visible="true" version="1" lat="50.00013731835" lon="9.00230493978" />
  <node id="13365" visible="true" version="1" lat="50.00013969745" lon="9.0023108602" />
  <node id="13366" visible="true" version="1" lat="50.00014209561" lon="9.00231676209" />
  <node id="13367" visible="true" version="1" lat="50.00014451276" lon="9.00232264531" />
  <node id="13368" visible="true" version="1" lat="50.00014694883" lon="9.0023285097" />
  <node id="13369" visible="true" version="1" lat="50.00014940378" lon="9.00233435512" />
  <node id="13370" visible="true" version="1" lat="50.00015187754" lon="9.00234018143" />
  <node id="13371" visible="true" version="1" lat="50.00015437004" lon="9.00234598848" />
  <node id="13372" visible="true" version="1" lat="50.00015688122" lon="9.00235177612" />
  <node id="13373" visible="true" version="1" lat="50.00015941103" lon="9.00235754421" />
  <node id="13374" visible="true" version="1" lat="50.00016195939" lon="9.0023632926" />
  <node id="13375" visible="true" version="1" lat="50.00016452625" lon="9.00236902116" />
  <node id="13376" visible="true" version="1" lat="50.00016711154" lon="9.00237472973" />
  <node id="13377" visible="true" version="1" lat="50.00016971519" lon="9.00238041818" />
  <node id="13378" visible="true" version="1" lat="50.00017233714" lon="9.00238608636" />
  <node id="13379" visible="true" version="1" lat="50.00017497733" lon="9.00239173413" />
  <node id="13380" visible="true" version="1" lat="50.00017763569" lon="9.00239736136" />
  <node id="13381" visible="true" version="1" lat="50.00018031215" lon="9.00240296789" />
  <node id="13382" visible="true" version="1" lat="50.00018300664" lon="9.00240855359" />
  <node id="13383" visible="true" version="1" lat="50.0001857191" lon="9.00241411832" />
  <node id="13384" visible="true" version="1" lat="50.00018844947" lon="9.00241966194" />
  <node id="13385" visible="true" version="1" lat="50.00019119766" lon="9.00242518431" />
  <node id="13386" visible="true" version="1" lat="50.00019396362" lon="9.0024306853" />
  <node id="13387" visible="true" version="1" lat="50.00019674727" lon="9.00243616476" />
  <node id="13388" visible="true" version="1" lat="50.00019954855" lon="9.00244162257" />
  <node id="13389" visible="true" version="1" lat="50.00020236738" lon="9.00244705857" />
  <node id="13390" visible="true" version="1" lat="50.00020520369" lon="9.00245247264" />
  <node id="13391" visible="true" version="1" lat="50.00020805742" lon="9.00245786465" />
  <node id="13392" visible="true" version="1" lat="50.00021092849" lon="9.00246323445" />
  <node id="13393" visible="true" version="1" lat="50.00021381683" lon="9.00246858191" />
  <node id="13394" visible="true" version="1" lat="50.00021672237" lon="9.0024739069" />
  <node id="13395" visible="true" version="1" lat="50.00021964503" lon="9.00247920929" />
  <node id="13396" visible="true" version="1" lat="50.00022258474" lon="9.00248448894" />
  <node id="13397" visible="true" version="1" lat="50.00022554144" lon="9.00248974572" />
  <node id="13398" visible="true" version="1" lat="50.00022851503" lon="9.00249497951" />
  <node id="13399" visible="true" version="1" lat="50.00023150546" lon="9.00250019016" />
  <node id="13400" visible="true" version="1" lat="50.00023451265" lon="9.00250537755" />
  <node id="13401" visible="true" version="1" lat="50.00023753651" lon="9.00251054155" />
  <node id="13402" visible="true" version="1" lat="50.00024057698" lon="9.00251568202" />
  <node id="13403" visible="true" version="1" lat="50.00024363398" lon="9.00252079885" />
  <node id="13404" visible="true" version="1" lat="50.00024670743" lon="9.00252589191" />
  <node id="13405" visible="true" version="1" lat="50.00024979725" lon="9.00253096106" />
  <node id="13406" visible="true" version="1" lat="50.00025290338" lon="9.00253600618" />
  <node id="13407" visible="true" version="1" lat="50.00025602572" lon="9.00254102714" />
  <node id="13408" visible="true" version="1" lat="50.00025916421" lon="9.00254602382" />
  <node id="13409" visible="true" version="1" lat="50.00026231876" lon="9.00255099609" />
  <node id="13410" visible="true" version="1" lat="50.0002654893" lon="9.00255594383" />
  <node id="13411" visible="true" version="1" lat="50.00026867574" lon="9.00256086692" />
  <node id="13412" visible="true" version="1" lat="50.00027187801" lon="9.00256576523" />
  <node id="13413" visible="true" version="1" lat="50.00027509602" lon="9.00257063864" />
  <node id="13414" visible="true" version="1" lat="50.00027832971" lon="9.00257548702" />
  <node id="13415" visible="true" version="1" lat="50.00028157897" lon="9.00258031026" />
  <node id="13416" visible="true" version="1" lat="50.00028484374" lon="9.00258510824" />
  <node id="13417" visible="true" version="1" lat="50.00028812393" lon="9.00258988083" />
  <node id="13418" visible="true" version="1" lat="50.00029141947" lon="9.00259462792" />
  <node id="13419" visible="true" version="1" lat="50.00029473026" lon="9.00259934939" />
  <node id="13420" visible="true" version="1" lat="50.00029805622" lon="9.00260404511" />
  <node id="13421" visible="true" version="1" lat="50.00030139728" lon="9.00260871498" />
  <node id="13422" visible="true" version="1" lat="50.00030475334" lon="9.00261335888" />
  <node id="13423" visible="true" version="1" lat="50.00030812433" lon="9.00261797668" />
  <node id="13424" visible="true" version="1" lat="50.00031151016" lon="9.00262256828" />
  <node id="13425" visible="true" version="1" lat="50.00031491075" lon="9.00262713356" />
  <node id="13426" visible="true" version="1" lat="50.00031832601" lon="9.0026316724" />
  <node id="13427" visible="true" version="1" lat="50.00032175585" lon="9.00263618469" />
  <node id="13428" visible="true" version="1" lat="50.00032520019" lon="9.00264067033" />
  <node id="13429" visible="true" version="1" lat="50.00032865894" lon="9.00264512919" />
  <node id="13430" visible="true" version="1" lat="50.00033213202" lon="9.00264956116" />
  <node id="13431" visible="true" version="1" lat="50.00033561934" lon="9.00265396614" />
  <node id="13432" visible="true" version="1" lat="50.00033912082" lon="9.00265834401" />
  <node id="13433" visible="true" version="1" lat="50.00034263636" lon="9.00266269467" />
  <node id="13434" visible="true" version="1" lat="50.00034616587" lon="9.00266701801" />
  <node id="13435" visible="true" version="1" lat="50.00034970928" lon="9.00267131391" />
  <node id="13436" visible="true" version="1" lat="50.00035326648" lon="9.00267558227" />
  <node id="13437" visible="true" version="1" lat="50.0003568374" lon="9.00267982299" />
  <node id="13438" visible="true" version="1" lat="50.00036042194" lon="9.00268403595" />
  <node id="13439" visible="true" version="1" lat="50.00036402002" lon="9.00268822106" />
  <node id="13440" visible="true" version="1" lat="50.00036763153" lon="9.00269237821" />
  <node id="13441" visible="true" version="1" lat="50.0003712564" lon="9.00269650728" />
  <node id="13442" visible="true" version="1" lat="50.00037489453" lon="9.00270060819" />
  <node id="13443" visible="true" version="1" lat="50.00037854583" lon="9.00270468083" />
  <node id="13444" visible="true" version="1" lat="50.00038221021" lon="9.0027087251" />
  <node id="13445" visible="true" version="1" lat="50.00038588758" lon="9.00271274089" />
  <node id="13446" visible="true" version="1" lat="50.00038957785" lon="9.0027167281" />
  <node id="13447" visible="true" version="1" lat="50.00039328092" lon="9.00272068664" />
  <node id="13448" visible="true" version="1" lat="50.0003969967" lon="9.00272461641" />
  <node id="13449" visible="true" version="1" lat="50.0004007251" lon="9.0027285173" />
  <node id="13450" visible="true" version="1" lat="50.00040446602" lon="9.00273238922" />
  <node id="13451" visible="true" version="1" lat="50.00040821938" lon="9.00273623208" />
  <node id="13452" visible="true" version="1" lat="50.00041198507" lon="9.00274004578" />
  <node id="13453" visible="true" version="1" lat="50.00041576301" lon="9.00274383022" />
  <node id="13454" visible="true" version="1" lat="50.00041955309" lon="9.0027475853" />
  <node id="13455" visible="true" version="1" lat="50.00042335524" lon="9.00275131094" />
  <node id="13456" visible="true" version="1" lat="50.00042716934" lon="9.00275500704" />
  <node id="13457" visible="true" version="1" lat="50.0004309953" lon="9.00275867351" />
  <node id="13458" visible="true" version="1" lat="50.00043483304" lon="9.00276231025" />
  <node id="13459" visible="true" version="1" lat="50.00043868244" lon="9.00276591718" />
  <node id="13460" visible="true" version="1" lat="50.00044254343" lon="9.00276949421" />
  <node id="13461" visible="true" version="1" lat="50.00044641589" lon="9.00277304124" />
  <node id="13462" visible="true" version="1" lat="50.00045029973" lon="9.00277655819" />
  <node id="13463" visible="true" version="1" lat="50.00045419487" lon="9.00278004497" />
  <node id="13464" visible="true" version="1" lat="50.00045810119" lon="9.00278350149" />
  <node id="13465" visible="true" version="1" lat="50.0004620186" lon="9.00278692766" />
  <node id="13466" visible="true" version="1" lat="50.000465947" lon="9.00279032341" />
  <node id="13467" visible="true" version="1" lat="50.0004698863" lon="9.00279368864" />
  <node id="13468" visible="true" version="1" lat="50.00047383639" lon="9.00279702327" />
  <node id="13469" visible="true" version="1" lat="50.00047779719" lon="9.00280032722" />
  <node id="13470" visible="true" version="1" lat="50.00048176858" lon="9.00280360041" />
  <node id="13471" visible="true" version="1" lat="50.00048575047" lon="9.00280684275" />
  <node id="13472" visible="true" version="1" lat="50.00048974276" lon="9.00281005416" />
  <node id="13473" visible="true" version="1" lat="50.00049374535" lon="9.00281323456" />
  <node id="13474" visible="true" version="1" lat="50.00049775814" lon="9.00281638388" />
  <node id="13475" visible="true" version="1" lat="50.00050178103" lon="9.00281950203" />
  <node id="13476" visible="true" version="1" lat="50.00050581391" lon="9.00282258893" />
  <node id="13477" visible="true" version="1" lat="50.0005098567" lon="9.00282564451" />
  <node id="13478" visible="true" version="1" lat="50.00051390928" lon="9.0028286687" />
  <node id="13479" visible="true" version="1" lat="50.00051797156" lon="9.00283166141" />
  <node id="13480" visible="true" version="1" lat="50.00052204343" lon="9.00283462258" />
  <node id="13481" visible="true" version="1" lat="50.0005261248" lon="9.00283755212" />
  <node id="13482" visible="true" version="1" lat="50.00053021555" lon="9.00284044996" />
  <node id="13483" visible="true" version="1" lat="50.0005343156" lon="9.00284331604" />
  <node id="13484" visible="true" version="1" lat="50.00053842483" lon="9.00284615028" />
  <node id="13485" visible="true" version="1" lat="50.00054254314" lon="9.00284895261" />
  <node id="13486" visible="true" version="1" lat="50.00054667043" lon="9.00285172295" />
  <node id="13487" visible="true" version="1" lat="50.0005508066" lon="9.00285446125" />
  <node id="13488" visible="true" version="1" lat="50.00055495154" lon="9.00285716743" />
  <node id="13489" visible="true" version="1" lat="50.00055910516" lon="9.00285984142" />
  <node id="13490" visible="true" version="1" lat="50.00056326733" lon="9.00286248316" />
  <node id="13491" visible="true" version="1" lat="50.00056743797" lon="9.00286509258" />
  <node id="13492" visible="true" version="1" lat="50.00057161697" lon="9.00286766962" />
  <node id="13493" visible="true" version="1" lat="50.00057580422" lon="9.00287021421" />
  <node id="13494" visible="true" version="1" lat="50.00057999962" lon="9.00287272628" />
  <node id="13495" visible="true" version="1" lat="50.00058420306" lon="9.00287520578" />
  <node id="13496" visible="true" version="1" lat="50.00058841444" lon="9.00287765265" />
  <node id="13497" visible="true" version="1" lat="50.00059263365" lon="9.00288006681" />
  <node id="13498" visible="true" version="1" lat="50.0005968606" lon="9.00288244822" />
  <node id="13499" visible="true" version="1" lat="50.00060109516" lon="9.00288479681" />
  <node id="13500" visible="true" version="1" lat="50.00060533724" lon="9.00288711252" />
  <node id="13501" visible="true" version="1" lat="50.00060958673" lon="9.0028893953" />
  <node id="13502" visible="true" version="1" lat="50.00061384352" lon="9.00289164509" />
  <node id="13503" visible="true" version="1" lat="50.00061810751" lon="9.00289386183" />
  <node id="13504" visible="true" version="1" lat="50.00062237859" lon="9.00289604546" />
  <node id="13505" visible="true" version="1" lat="50.00062665666" lon="9.00289819594" />
  <node id="13506" visible="true" version="1" lat="50.0006309416" lon="9.0029003132" />
  <node id="13507" visible="true" version="1" lat="50.00063523331" lon="9.0029023972" />
  <node id="13508" visible="true" version="1" lat="50.00063953169" lon="9.00290444788" />
  <node id="13509" visible="true" version="1" lat="50.00064383662" lon="9.0029064652" />
  <node id="13510" visible="true" version="1" lat="50.000648148" lon="9.00290844909" />
  <node id="13511" visible="true" version="1" lat="50.00065246572" lon="9.00291039952" />
  <node id="13512" visible="true" version="1" lat="50.00065678967" lon="9.00291231643" />
  <node id="13513" visible="true" version="1" lat="50.00066111974" lon="9.00291419978" />
  <node id="13514" visible="true" version="1" lat="50.00066545583" lon="9.00291604951" />
  <node id="13515" visible="true" version="1" lat="50.00066979783" lon="9.00291786559" />
  <node id="13516" visible="true" version="1" lat="50.00067414562" lon="9.00291964796" />
  <node id="13517" visible="true" version="1" lat="50.00067849911" lon="9.00292139658" />
  <node id="13518" visible="true" version="1" lat="50.00068285817" lon="9.00292311142" />
  <node id="13519" visible="true" version="1" lat="50.00068722271" lon="9.00292479241" />
  <node id="13520" visible="true" version="1" lat="50.00069159261" lon="9.00292643953" />
  <node id="13521" visible="true" version="1" lat="50.00069596777" lon="9.00292805274" />
  <node id="13522" visible="true" version="1" lat="50.00070034807" lon="9.00292963198" />
  <node id="13523" visible="true" version="1" lat="50.0007047334" lon="9.00293117723" />
  <node id="13524" visible="true" version="1" lat="50.00070912366" lon="9.00293268843" />
  <node id="13525" visible="true" version="1" lat="50.00071351873" lon="9.00293416557" />
  <node id="13526" visible="true" version="1" lat="50.00071791851" lon="9.00293560859" />
  <node id="13527" visible="true" version="1" lat="50.00072232289" lon="9.00293701747" />
  <node id="13528" visible="true" version="1" lat="50.00072673175" lon="9.00293839216" />
  <node id="13529" visible="true" version="1" lat="50.00073114499" lon="9.00293973264" />
  <node id="13530" visible="true" version="1" lat="50.00073556249" lon="9.00294103887" />
  <node id="13531" visible="true" version="1" lat="50.00073998415" lon="9.00294231081" />
  <node id="13532" visible="true" version="1" lat="50.00074440985" lon="9.00294354844" />
  <node id="13533" visible="true" version="1" lat="50.00074883948" lon="9.00294475172" />
  <node id="13534" visible="true" version="1" lat="50.00075327293" lon="9.00294592063" />
  <node id="13535" visible="true" version="1" lat="50.0007577101" lon="9.00294705513" />
  <node id="13536" visible="true" version="1" lat="50.00076215087" lon="9.0029481552" />
  <node id="13537" visible="true" version="1" lat="50.00076659513" lon="9.00294922081" />
  <node id="13538" visible="true" version="1" lat="50.00077104277" lon="9.00295025192" />
  <node id="13539" visible="true" version="1" lat="50.00077549367" lon="9.00295124853" />
  <node id="13540" visible="true" version="1" lat="50.00077994773" lon="9.0029522106" />
  <node id="13541" visible="true" version="1" lat="50.00078440484" lon="9.0029531381" />
  <node id="13542" visible="true" version="1" lat="50.00078886488" lon="9.00295403102" />
  <node id="13543" visible="true" version="1" lat="50.00079332774" lon="9.00295488933" />
  <node id="13544" visible="true" version="1" lat="50.00079779331" lon="9.00295571301" />
  <node id="13545" visible="true" version="1" lat="50.00080226148" lon="9.00295650204" />
  <node id="13546" visible="true" version="1" lat="50.00080673214" lon="9.00295725641" />
  <node id="13547" visible="true" version="1" lat="50.00081120517" lon="9.00295797608" />
  <node id="13548" visible="true" version="1" lat="50.00081568047" lon="9.00295866104" />
  <node id="13549" visible="true" version="1" lat="50.00082015791" lon="9.00295931129" />
  <node id="13550" visible="true" version="1" lat="50.0008246374" lon="9.00295992679" />
  <node id="13551" visible="true" version="1" lat="50.00082911881" lon="9.00296050754" />
  <node id="13552" visible="true" version="1" lat="50.00083360205" lon="9.00296105351" />
  <node id="13553" visible="true" version="1" lat="50.00083808698" lon="9.00296156471" />
  <node id="13554" visible="true" version="1" lat="50.0008425735" lon="9.0029620411" />
  <node id="13555" visible="true" version="1" lat="50.00084706151" lon="9.00296248269" />
  <node id="13556" visible="true" version="1" lat="50.00085155088" lon="9.00296288946" />
  <node id="13557" visible="true" version="1" lat="50.00085604151" lon="9.0029632614" />
  <node id="13558" visible="true" version="1" lat="50.00086053328" lon="9.0029635985" />
  <node id="13559" visible="true" version="1" lat="50.00086502608" lon="9.00296390075" />
  <node id="13560" visible="true" version="1" lat="50.00086951979" lon="9.00296416815" />
  <node id="13561" visible="true" version="1" lat="50.00087401432" lon="9.00296440068" />
  <node id="13562" visible="true" version="1" lat="50.00087850953" lon="9.00296459835" />
  <node id="13563" visible="true" version="1" lat="50.00088300533" lon="9.00296476115" />
  <node id="13564" visible="true" version="1" lat="50.0008875016" lon="9.00296488907" />
  <node id="13565" visible="true" version="1" lat="50.00089199822" lon="9.00296498211" />
  <node id="13566" visible="true" version="1" lat="50.00089649508" lon="9.00296504027" />
  <node id="13567" visible="true" version="1" lat="50.00090099208" lon="9.00296506354" />
  <node id="13568" visible="true" version="1" lat="50.00090548909" lon="9.00296505193" />
  <node id="13569" visible="true" version="1" lat="50.00090998601" lon="9.00296500544" />
  <node id="13570" visible="true" version="1" lat="50.00091448273" lon="9.00296492406" />
  <node id="13571" visible="true" version="1" lat="50.00091897913" lon="9.0029648078" />
  <node id="13572" visible="true" version="1" lat="50.00092347509" lon="9.00296465667" />
  <node id="13573" visible="true" version="1" lat="50.00092797052" lon="9.00296447066" />
  <node id="13574" visible="true" version="1" lat="50.00093246528" lon="9.00296424978" />
  <node id="13575" visible="true" version="1" lat="50.00093695928" lon="9.00296399404" />
  <node id="13576" visible="true" version="1" lat="50.0009414524" lon="9.00296370344" />
  <node id="13577" visible="true" version="1" lat="50.00094594453" lon="9.00296337799" />
  <node id="13578" visible="true" version="1" lat="50.00095043555" lon="9.0029630177" />
  <node id="13579" visible="true" version="1" lat="50.00095492535" lon="9.00296262258" />
  <node id="13580" visible="true" version="1" lat="50.00095941383" lon="9.00296219263" />
  <node id="13581" visible="true" version="1" lat="50.00096390086" lon="9.00296172787" />
  <node id="13582" visible="true" version="1" lat="50.00096838634" lon="9.00296122831" />
  <node id="13583" visible="true" version="1" lat="50.00097287015" lon="9.00296069396" />
  <node id="13584" visible="true" version="1" lat="50.00097735218" lon="9.00296012484" />
  <node id="13585" visible="true" version="1" lat="50.00098183233" lon="9.00295952095" />
  <node id="13586" visible="true" version="1" lat="50.00098631047" lon="9.00295888232" />
  <node id="13587" visible="true" version="1" lat="50.0009907865" lon="9.00295820896" />
  <node id="13588" visible="true" version="1" lat="50.0009952603" lon="9.00295750089" />
  <node id="13589" visible="true" version="1" lat="50.00099973176" lon="9.00295675812" />
  <node id="13590" visible="true" version="1" lat="50.00100420078" lon="9.00295598067" />
  <node id="13591" visible="true" version="1" lat="50.00100866723" lon="9.00295516857" />
  <node id="13592" visible="true" version="1" lat="50.00101313101" lon="9.00295432183" />
  <node id="13593" visible="true" version="1" lat="50.001017592" lon="9.00295344048" />
  <node id="13594" visible="true" version="1" lat="50.0010220501" lon="9.00295252453" />
  <node id="13595" visible="true" version="1" lat="50.00102650519" lon="9.00295157401" />
  <node id="13596" visible="true" version="1" lat="50.00103095717" lon="9.00295058894" />
  <node id="13597" visible="true" version="1" lat="50.00103540591" lon="9.00294956935" />
  <node id="13598" visible="true" version="1" lat="50.00103985131" lon="9.00294851527" />
  <node id="13599" visible="true" version="1" lat="50.00104429325" lon="9.00294742671" />
  <node id="13600" visible="true" version="1" lat="50.00104873164" lon="9.00294630371" />
  <node id="13601" visible="true" version="1" lat="50.00105316635" lon="9.00294514629" />
  <node id="13602" visible="true" version="1" lat="50.00105759727" lon="9.00294395449" />
  <node id="13603" visible="true" version="1" lat="50.0010620243" lon="9.00294272833" />
  <node id="13604" visible="true" version="1" lat="50.00106644732" lon="9.00294146785" />
  <node id="13605" visible="true" version="1" lat="50.00107086622" lon="9.00294017307" />
  <node id="13606" visible="true" version="1" lat="50.00107528089" lon="9.00293884402" />
  <node id="13607" visible="true" version="1" lat="50.00107969123" lon="9.00293748075" />
  <node id="13608" visible="true" version="1" lat="50.00108409712" lon="9.00293608329" />
  <node id="13609" visible="true" version="1" lat="50.00108849844" lon="9.00293465166" />
  <node id="13610" visible="true" version="1" lat="50.0010928951" lon="9.00293318591" />
  <node id="13611" visible="true" version="1" lat="50.00109728698" lon="9.00293168607" />
  <node id="13612" visible="true" version="1" lat="50.00110167398" lon="9.00293015219" />
  <node id="13613" visible="true" version="1" lat="50.00110605597" lon="9.00292858429" />
  <node id="13614" visible="true" version="1" lat="50.00111043286" lon="9.00292698242" />
  <node id="13615" visible="true" version="1" lat="50.00111480453" lon="9.00292534661" />
  <node id="13616" visible="true" version="1" lat="50.00111917087" lon="9.00292367692" />
  <node id="13617" visible="true" version="1" lat="50.00112353177" lon="9.00292197337" />
  <node id="13618" visible="true" version="1" lat="50.00112788714" lon="9.00292023602" />
  <node id="13619" visible="true" version="1" lat="50.00113223684" lon="9.0029184649" />
  <node id="13620" visible="true" version="1" lat="50.00113658079" lon="9.00291666006" />
  <node id="13621" visible="true" version="1" lat="50.00114091886" lon="9.00291482155" />
  <node id="13622" visible="true" version="1" lat="50.00114525096" lon="9.00291294941" />
  <node id="13623" visible="true" version="1" lat="50.00114957697" lon="9.00291104369" />
  <node id="13624" visible="true" version="1" lat="50.00115389678" lon="9.00290910444" />
  <node id="13625" visible="true" version="1" lat="50.00115821029" lon="9.00290713169" />
  <node id="13626" visible="true" version="1" lat="50.00116251738" lon="9.00290512552" />
  <node id="13627" visible="true" version="1" lat="50.00116681796" lon="9.00290308595" />
  <node id="13628" visible="true" version="1" lat="50.00117111191" lon="9.00290101305" />
  <node id="13629" visible="true" version="1" lat="50.00117539913" lon="9.00289890687" />
  <node id="13630" visible="true" version="1" lat="50.0011796795" lon="9.00289676746" />
  <node id="13631" visible="true" version="1" lat="50.00118395293" lon="9.00289459487" />
  <node id="13632" visible="true" version="1" lat="50.0011882193" lon="9.00289238915" />
  <node id="13633" visible="true" version="1" lat="50.0011924785" lon="9.00289015037" />
  <node id="13634" visible="true" version="1" lat="50.00119673044" lon="9.00288787858" />
  <node id="13635" visible="true" version="1" lat="50.00120097501" lon="9.00288557383" />
  <node id="13636" visible="true" version="1" lat="50.00120521209" lon="9.00288323619" />
  <node id="13637" visible="true" version="1" lat="50.00120944159" lon="9.0028808657" />
  <node id="13638" visible="true" version="1" lat="50.0012136634" lon="9.00287846244" />
  <node id="13639" visible="true" version="1" lat="50.00121787741" lon="9.00287602645" />
  <node id="13640" visible="true" version="1" lat="50.00122208351" lon="9.00287355781" />
  <node id="13641" visible="true" version="1" lat="50.0012262816" lon="9.00287105657" />
  <node id="13642" visible="true" version="1" lat="50.00123047159" lon="9.0028685228" />
  <node id="13643" visible="true" version="1" lat="50.00123465335" lon="9.00286595655" />
  <node id="13644" visible="true" version="1" lat="50.00123882679" lon="9.0028633579" />
  <node id="13645" visible="true" version="1" lat="50.0012429918" lon="9.0028607269" />
  <node id="13646" visible="true" version="1" lat="50.00124714829" lon="9.00285806363" />
  <node id="13647" visible="true" version="1" lat="50.00125129613" lon="9.00285536815" />
  <node id="13648" visible="true" version="1" lat="50.00125543524" lon="9.00285264053" />
  <node id="13649" visible="true" version="1" lat="50.00125956551" lon="9.00284988083" />
  <node id="13650" visible="true" version="1" lat="50.00126368683" lon="9.00284708913" />
  <node id="13651" visible="true" version="1" lat="50.0012677991" lon="9.00284426549" />
  <node id="13652" visible="true" version="1" lat="50.00127190222" lon="9.00284140999" />
  <node id="13653" visible="true" version="1" lat="50.00127599609" lon="9.00283852269" />
  <node id="13654" visible="true" version="1" lat="50.0012800806" lon="9.00283560367" />
  <node id="13655" visible="true" version="1" lat="50.00128415565" lon="9.002832653" />
  <node id="13656" visible="true" version="1" lat="50.00128822114" lon="9.00282967076" />
  <node id="13657" visible="true" version="1" lat="50.00129227697" lon="9.00282665702" />
  <node id="13658" visible="true" version="1" lat="50.00129632303" lon="9.00282361186" />
  <node id="13659" visible="true" version="1" lat="50.00130035923" lon="9.00282053534" />
  <node id="13660" visible="true" version="1" lat="50.00130438547" lon="9.00281742756" />
  <node id="13661" visible="true" version="1" lat="50.00130840164" lon="9.00281428858" />
  <node id="13662" visible="true" version="1" lat="50.00131240764" lon="9.00281111848" />
  <node id="13663" visible="true" version="1" lat="50.00131640338" lon="9.00280791735" />
  <node id="13664" visible="true" version="1" lat="50.00132038875" lon="9.00280468526" />
  <node id="13665" visible="true" version="1" lat="50.00132436365" lon="9.0028014223" />
  <node id="13666" visible="true" version="1" lat="50.00132832799" lon="9.00279812854" />
  <node id="13667" visible="true" version="1" lat="50.00133228166" lon="9.00279480407" />
  <node id="13668" visible="true" version="1" lat="50.00133622457" lon="9.00279144897" />
  <node id="13669" visible="true" version="1" lat="50.00134015662" lon="9.00278806333" />
  <node id="13670" visible="true" version="1" lat="50.0013440777" lon="9.00278464723" />
  <node id="13671" visible="true" version="1" lat="50.00134798773" lon="9.00278120075" />
  <node id="13672" visible="true" version="1" lat="50.0013518866" lon="9.00277772399" />
  <node id="13673" visible="true" version="1" lat="50.00135577422" lon="9.00277421702" />
  <node id="13674" visible="true" version="1" lat="50.00135965049" lon="9.00277067994" />
  <node id="13675" visible="true" version="1" lat="50.00136351531" lon="9.00276711284" />
  <node id="13676" visible="true" version="1" lat="50.00136736858" lon="9.0027635158" />
  <node id="13677" visible="true" version="1" lat="50.00137121022" lon="9.00275988891" />
  <node id="13678" visible="true" version="1" lat="50.00137504011" lon="9.00275623227" />
  <node id="13679" visible="true" version="1" lat="50.00137885818" lon="9.00275254596" />
  <node id="13680" visible="true" version="1" lat="50.00138266432" lon="9.00274883008" />
  <node id="13681" visible="true" version="1" lat="50.00138645843" lon="9.00274508472" />
  <node id="13682" visible="true" version="1" lat="50.00139024043" lon="9.00274130998" />
  <node id="13683" visible="true" version="1" lat="50.00139401021" lon="9.00273750594" />
  <node id="13684" visible="true" version="1" lat="50.00139776769" lon="9.00273367271" />
  <node id="13685" visible="true" version="1" lat="50.00140151276" lon="9.00272981038" />
  <node id="13686" visible="true" version="1" lat="50.00140524534" lon="9.00272591904" />
  <node id="13687" visible="true" version="1" lat="50.00140896534" lon="9.0027219988" />
  <node id="13688" visible="true" version="1" lat="50.00141267265" lon="9.00271804975" />
  <node id="13689" visible="true" version="1" lat="50.00141636719" lon="9.00271407199" />
  <node id="13690" visible="true" version="1" lat="50.00142004886" lon="9.00271006562" />
  <node id="13691" visible="true" version="1" lat="50.00142371758" lon="9.00270603074" />
  <node id="13692" visible="true" version="1" lat="50.00142737324" lon="9.00270196745" />
  <node id="13693" visible="true" version="1" lat="50.00143101577" lon="9.00269787585" />
  <node id="13694" visible="true" version="1" lat="50.00143464506" lon="9.00269375605" />
  <node id="13695" visible="true" version="1" lat="50.00143826103" lon="9.00268960815" />
  <node id="13696" visible="true" version="1" lat="50.00144186359" lon="9.00268543224" />
  <node id="13697" visible="true" version="1" lat="50.00144545264" lon="9.00268122845" />
  <node id="13698" visible="true" version="1" lat="50.00144902811" lon="9.00267699686" />
  <node id="13699" visible="true" version="1" lat="50.00145258989" lon="9.00267273759" />
  <node id="13700" visible="true" version="1" lat="50.00145613789" lon="9.00266845074" />
  <node id="13701" visible="true" version="1" lat="50.00145967204" lon="9.00266413642" />
  <node id="13702" visible="true" version="1" lat="50.00146319224" lon="9.00265979475" />
  <node id="13703" visible="true" version="1" lat="50.0014666984" lon="9.00265542581" />
  <node id="13704" visible="true" version="1" lat="50.00147019044" lon="9.00265102974" />
  <node id="13705" visible="true" version="1" lat="50.00147366827" lon="9.00264660663" />
  <node id="13706" visible="true" version="1" lat="50.0014771318" lon="9.00264215659" />
  <node id="13707" visible="true" version="1" lat="50.00148058094" lon="9.00263767975" />
  <node id="13708" visible="true" version="1" lat="50.00148401562" lon="9.0026331762" />
  <node id="13709" visible="true" version="1" lat="50.00148743573" lon="9.00262864607" />
  <node id="13710" visible="true" version="1" lat="50.0014908412" lon="9.00262408946" />
  <node id="13711" visible="true" version="1" lat="50.00149423195" lon="9.00261950649" />
  <node id="13712" visible="true" version="1" lat="50.00149760788" lon="9.00261489727" />
  <node id="13713" visible="true" version="1" lat="50.00150096892" lon="9.00261026192" />
  <node id="13714" visible="true" version="1" lat="50.00150431498" lon="9.00260560056" />
  <node id="13715" visible="true" version="1" lat="50.00150764597" lon="9.0026009133" />
  <node id="13716" visible="true" version="1" lat="50.00151096181" lon="9.00259620026" />
  <node id="13717" visible="true" version="1" lat="50.00151426242" lon="9.00259146155" />
  <node id="13718" visible="true" version="1" lat="50.00151754772" lon="9.0025866973" />
  <node id="13719" visible="true" version="1" lat="50.00152081763" lon="9.00258190763" />
  <node id="13720" visible="true" version="1" lat="50.00152407205" lon="9.00257709264" />
  <node id="13721" visible="true" version="1" lat="50.00152731092" lon="9.00257225247" />
  <node id="13722" visible="true" version="1" lat="50.00153053415" lon="9.00256738724" />
  <node id="13723" visible="true" version="1" lat="50.00153374166" lon="9.00256249707" />
  <node id="13724" visible="true" version="1" lat="50.00153693337" lon="9.00255758207" />
  <node id="13725" visible="true" version="1" lat="50.0015401092" lon="9.00255264237" />
  <node id="13726" visible="true" version="1" lat="50.00154326907" lon="9.0025476781" />
  <node id="13727" visible="true" version="1" lat="50.0015464129" lon="9.00254268938" />
  <node id="13728" visible="true" version="1" lat="50.00154954061" lon="9.00253767634" />
  <node id="13729" visible="true" version="1" lat="50.00155265213" lon="9.00253263909" />
  <node id="13730" visible="true" version="1" lat="50.00155574738" lon="9.00252757777" />
  <node id="13731" visible="true" version="1" lat="50.00155882627" lon="9.0025224925" />
  <node id="13732" visible="true" version="1" lat="50.00156188874" lon="9.00251738341" />
  <node id="13733" visible="true" version="1" lat="50.0015649347" lon="9.00251225063" />
  <node id="13734" visible="true" version="1" lat="50.00156796409" lon="9.00250709428" />
  <node id="13735" visible="true" version="1" lat="50.00157097681" lon="9.0025019145" />
  <node id="13736" visible="true" version="1" lat="50.00157397281" lon="9.00249671141" />
  <node id="13737" visible="true" version="1" lat="50.001576952" lon="9.00249148514" />
  <node id="13738" visible="true" version="1" lat="50.00157991431" lon="9.00248623583" />
  <node id="13739" visible="true" version="1" lat="50.00158285967" lon="9.0024809636" />
  <node id="13740" visible="true" version="1" lat="50.001585788" lon="9.00247566859" />
  <node id="13741" visible="true" version="1" lat="50.00158869922" lon="9.00247035093" />
  <node id="13742" visible="true" version="1" lat="50.00159159327" lon="9.00246501076" />
  <node id="13743" visible="true" version="1" lat="50.00159447008" lon="9.0024596482" />
  <node id="13744" visible="true" version="1" lat="50.00159732957" lon="9.00245426339" />
  <node id="13745" visible="true" version="1" lat="50.00160017166" lon="9.00244885646" />
  <node id="13746" visible="true" version="1" lat="50.0016029963" lon="9.00244342756" />
  <node id="13747" visible="true" version="1" lat="50.0016058034" lon="9.00243797681" />
  <node id="13748" visible="true" version="1" lat="50.00160859291" lon="9.00243250435" />
  <node id="13749" visible="true" version="1" lat="50.00161136474" lon="9.00242701033" />
  <node id="13750" visible="true" version="1" lat="50.00161411883" lon="9.00242149486" />
  <node id="13751" visible="true" version="1" lat="50.00161685511" lon="9.00241595811" />
  <node id="13752" visible="true" version="1" lat="50.00161957351" lon="9.00241040019" />
  <node id="13753" visible="true" version="1" lat="50.00162227396" lon="9.00240482126" />
  <node id="13754" visible="true" version="1" lat="50.00162495641" lon="9.00239922145" />
  <node id="13755" visible="true" version="1" lat="50.00162762077" lon="9.0023936009" />
  <node id="13756" visible="true" version="1" lat="50.00163026698" lon="9.00238795975" />
  <node id="13757" visible="true" version="1" lat="50.00163289498" lon="9.00238229814" />
  <node id="13758" visible="true" version="1" lat="50.0016355047" lon="9.00237661622" />
  <node id="13759" visible="true" version="1" lat="50.00163809608" lon="9.00237091412" />
  <node id="13760" visible="true" version="1" lat="50.00164066905" lon="9.00236519199" />
  <node id="13761" visible="true" version="1" lat="50.00164322355" lon="9.00235944997" />
  <node id="13762" visible="true" version="1" lat="50.0016457595" lon="9.00235368821" />
  <node id="13763" visible="true" version="1" lat="50.00164827686" lon="9.00234790685" />
  <node id="13764" visible="true" version="1" lat="50.00165077555" lon="9.00234210603" />
  <node id="13765" visible="true" version="1" lat="50.00165325552" lon="9.0023362859" />
  <node id="13766" visible="true" version="1" lat="50.0016557167" lon="9.00233044661" />
  <node id="13767" visible="true" version="1" lat="50.00165815903" lon="9.0023245883" />
  <node id="13768" visible="true" version="1" lat="50.00166058244" lon="9.00231871111" />
  <node id="13769" visible="true" version="1" lat="50.00166298689" lon="9.00231281519" />
  <node id="13770" visible="true" version="1" lat="50.0016653723" lon="9.0023069007" />
  <node id="13771" visible="true" version="1" lat="50.00166773863" lon="9.00230096778" />
  <node id="13772" visible="true" version="1" lat="50.0016700858" lon="9.00229501657" />
  <node id="13773" visible="true" version="1" lat="50.00167241377" lon="9.00228904723" />
  <node id="13774" visible="true" version="1" lat="50.00167472246" lon="9.00228305991" />
  <node id="13775" visible="true" version="1" lat="50.00167701184" lon="9.00227705475" />
  <node id="13776" visible="true" version="1" lat="50.00167928183" lon="9.00227103191" />
  <node id="13777" visible="true" version="1" lat="50.00168153238" lon="9.00226499153" />
  <node id="13778" visible="true" version="1" lat="50.00168376344" lon="9.00225893377" />
  <node id="13779" visible="true" version="1" lat="50.00168597494" lon="9.00225285877" />
  <node id="13780" visible="true" version="1" lat="50.00168816684" lon="9.0022467667" />
  <node id="13781" visible="true" version="1" lat="50.00169033908" lon="9.0022406577" />
  <node id="13782" visible="true" version="1" lat="50.0016924916" lon="9.00223453193" />
  <node id="13783" visible="true" version="1" lat="50.00169462436" lon="9.00222838953" />
  <node id="13784" visible="true" version="1" lat="50.00169673729" lon="9.00222223066" />
  <node id="13785" visible="true" version="1" lat="50.00169883034" lon="9.00221605549" />
  <node id="13786" visible="true" version="1" lat="50.00170090347" lon="9.00220986415" />
  <node id="13787" visible="true" version="1" lat="50.00170295662" lon="9.0022036568" />
  <node id="13788" visible="true" version="1" lat="50.00170498974" lon="9.00219743361" />
  <node id="13789" visible="true" version="1" lat="50.00170700278" lon="9.00219119472" />
  <node id="13790" visible="true" version="1" lat="50.00170899568" lon="9.0021849403" />
  <node id="13791" visible="true" version="1" lat="50.0017109684" lon="9.00217867049" />
  <node id="13792" visible="true" version="1" lat="50.0017129209" lon="9.00217238546" />
  <node id="13793" visible="true" version="1" lat="50.00171485311" lon="9.00216608536" />
  <node id="13794" visible="true" version="1" lat="50.00171676499" lon="9.00215977034" />
  <node id="13795" visible="true" version="1" lat="50.0017186565" lon="9.00215344058" />
  <node id="13796" visible="true" version="1" lat="50.00172052758" lon="9.00214709622" />
  <node id="13797" visible="true" version="1" lat="50.0017223782" lon="9.00214073743" />
  <node id="13798" visible="true" version="1" lat="50.0017242083" lon="9.00213436436" />
  <node id="13799" visible="true" version="1" lat="50.00172601783" lon="9.00212797717" />
  <node id="13800" visible="true" version="1" lat="50.00172780676" lon="9.00212157603" />
  <node id="13801" visible="true" version="1" lat="50.00172957504" lon="9.00211516108" />
  <node id="13802" visible="true" version="1" lat="50.00173132262" lon="9.0021087325" />
  <node id="13803" visible="true" version="1" lat="50.00173304946" lon="9.00210229045" />
  <node id="13804" visible="true" version="1" lat="50.00173475552" lon="9.00209583507" />
  <node id="13805" visible="true" version="1" lat="50.00173644075" lon="9.00208936655" />
  <node id="13806" visible="true" version="1" lat="50.00173810511" lon="9.00208288503" />
  <node id="13807" visible="true" version="1" lat="50.00173974857" lon="9.00207639068" />
  <node id="13808" visible="true" version="1" lat="50.00174137107" lon="9.00206988366" />
  <node id="13809" visible="true" version="1" lat="50.00174297258" lon="9.00206336414" />
  <node id="13810" visible="true" version="1" lat="50.00174455306" lon="9.00205683227" />
  <node id="13811" visible="true" version="1" lat="50.00174611247" lon="9.00205028823" />
  <node id="13812" visible="true" version="1" lat="50.00174765077" lon="9.00204373217" />
  <node id="13813" visible="true" version="1" lat="50.00174916793" lon="9.00203716426" />
  <node id="13814" visible="true" version="1" lat="50.00175066389" lon="9.00203058466" />
  <node id="13815" visible="true" version="1" lat="50.00175213863" lon="9.00202399354" />
  <node id="13816" visible="true" version="1" lat="50.00175359212" lon="9.00201739106" />
  <node id="13817" visible="true" version="1" lat="50.0017550243" lon="9.00201077739" />
  <node id="13818" visible="true" version="1" lat="50.00175643516" lon="9.00200415269" />
  <node id="13819" visible="true" version="1" lat="50.00175782464" lon="9.00199751713" />
  <node id="13820" visible="true" version="1" lat="50.00175919272" lon="9.00199087088" />
  <node id="13821" visible="true" version="1" lat="50.00176053937" lon="9.00198421409" />
  <node id="13822" visible="true" version="1" lat="50.00176186455" lon="9.00197754694" />
  <node id="13823" visible="true" version="1" lat="50.00176316822" lon="9.00197086959" />
  <node id="13824" visible="true" version="1" lat="50.00176445035" lon="9.00196418221" />
  <node id="13825" visible="true" version="1" lat="50.00176571092" lon="9.00195748497" />
  <node id="13826" visible="true" version="1" lat="50.00176694989" lon="9.00195077804" />
  <node id="13827" visible="true" version="1" lat="50.00176816723" lon="9.00194406158" />
  <node id="13828" visible="true" version="1" lat="50.0017693629" lon="9.00193733575" />
  <node id="13829" visible="true" version="1" lat="50.00177053689" lon="9.00193060074" />
  <node id="13830" visible="true" version="1" lat="50.00177168915" lon="9.0019238567" />
  <node id="13831" visible="true" version="1" lat="50.00177281967" lon="9.00191710381" />
  <node id="13832" visible="true" version="1" lat="50.00177392841" lon="9.00191034224" />
  <node id="13833" visible="true" version="1" lat="50.00177501534" lon="9.00190357214" />
  <node id="13834" visible="true" version="1" lat="50.00177608044" lon="9.0018967937" />
  <node id="13835" visible="true" version="1" lat="50.00177712368" lon="9.00189000709" />
  <node id="13836" visible="true" version="1" lat="50.00177814504" lon="9.00188321246" />
  <node id="13837" visible="true" version="1" lat="50.00177914449" lon="9.00187640999" />
  <node id="13838" visible="true" version="1" lat="50.001780122" lon="9.00186959986" />
  <node id="13839" visible="true" version="1" lat="50.00178107755" lon="9.00186278223" />
  <node id="13840" visible="true" version="1" lat="50.00178201111" lon="9.00185595727" />
  <node id="13841" visible="true" version="1" lat="50.00178292267" lon="9.00184912516" />
  <node id="13842" visible="true" version="1" lat="50.0017838122" lon="9.00184228605" />
  <node id="13843" visible="true" version="1" lat="50.00178467968" lon="9.00183544014" />
  <node id="13844" visible="true" version="1" lat="50.00178552508" lon="9.00182858758" />
  <node id="13845" visible="true" version="1" lat="50.00178634839" lon="9.00182172854" />
  <node id="13846" visible="true" version="1" lat="50.00178714958" lon="9.00181486321" />
  <node id="13847" visible="true" version="1" lat="50.00178792864" lon="9.00180799175" />
  <node id="13848" visible="true" version="1" lat="50.00178868554" lon="9.00180111433" />
  <node id="13849" visible="true" version="1" lat="50.00178942027" lon="9.00179423112" />
  <node id="13850" visible="true" version="1" lat="50.00179013281" lon="9.0017873423" />
  <node id="13851" visible="true" version="1" lat="50.00179082313" lon="9.00178044804" />
  <node id="13852" visible="true" version="1" lat="50.00179149123" lon="9.0017735485" />
  <node id="13853" visible="true" version="1" lat="50.00179213708" lon="9.00176664388" />
  <node id="13854" visible="true" version="1" lat="50.00179276067" lon="9.00175973432" />
  <node id="13855" visible="true" version="1" lat="50.00179336199" lon="9.00175282002" />
  <node id="13856" visible="true" version="1" lat="50.00179394101" lon="9.00174590114" />
  <node id="13857" visible="true" version="1" lat="50.00179449773" lon="9.00173897785" />
  <node id="13858" visible="true" version="1" lat="50.00179503214" lon="9.00173205034" />
  <node id="13859" visible="true" version="1" lat="50.0017955442" lon="9.00172511876" />
  <node id="13860" visible="true" version="1" lat="50.00179603393" lon="9.00171818329" />
  <node id="13861" visible="true" version="1" lat="50.00179650129" lon="9.00171124412" />
  <node id="13862" visible="true" version="1" lat="50.00179694629" lon="9.0017043014" />
  <node id="13863" visible="true" version="1" lat="50.0017973689" lon="9.00169735532" />
  <node id="13864" visible="true" version="1" lat="50.00179776912" lon="9.00169040605" />
  <node id="13865" visible="true" version="1" lat="50.00179814694" lon="9.00168345376" />
  <node id="13866" visible="true" version="1" lat="50.00179850236" lon="9.00167649863" />
  <node id="13867" visible="true" version="1" lat="50.00179883535" lon="9.00166954082" />
  <node id="13868" visible="true" version="1" lat="50.00179914591" lon="9.00166258052" />
  <node id="13869" visible="true" version="1" lat="50.00179943404" lon="9.0016556179" />
  <node id="13870" visible="true" version="1" lat="50.00179969973" lon="9.00164865313" />
  <node id="13871" visible="true" version="1" lat="50.00179994296" lon="9.00164168639" />
  <node id="13872" visible="true" version="1" lat="50.00180016374" lon="9.00163471784" />
  <node id="13873" visible="true" version="1" lat="50.00180036206" lon="9.00162774767" />
  <node id="13874" visible="true" version="1" lat="50.00180053791" lon="9.00162077605" />
  <node id="13875" visible="true" version="1" lat="50.0018006913" lon="9.00161380315" />
  <node id="13876" visible="true" version="1" lat="50.00180082221" lon="9.00160682915" />
  <node id="13877" visible="true" version="1" lat="50.00180093064" lon="9.00159985422" />
  <node id="13878" visible="true" version="1" lat="50.00180101659" lon="9.00159287854" />
  <way id="10463" visible="true" version="1">
    <nd ref="9610" />
    <nd ref="9611" />
    <nd ref="9612" />
    <nd ref="9613" />
    <nd ref="9614" />
    <nd ref="9615" />
    <nd ref="9616" />
    <nd ref="9617" />
    <nd ref="9618" />
    <nd ref="9619" />
    <nd ref="9620" />
    <nd ref="9621" />
    <nd ref="9622" />
    <nd ref="9623" />
    <nd ref="9624" />
    <nd ref="9625" />
    <nd ref="9626" />
    <nd ref="9627" />
    <nd ref="9628" />
    <nd ref="9629" />
    <nd ref="9630" />
    <nd ref="9631" />
    <nd ref="9632" />
    <nd ref="9633" />
    <nd ref="9634" />
    <nd ref="9635" />
    <nd ref="9636" />
    <nd ref="9637" />
    <nd ref="9638" />
    <nd ref="9639" />
    <nd ref="9640" />
    <nd ref="9641" />
    <nd ref="9642" />
    <nd ref="9643" />
    <nd ref="9644" />
    <nd ref="9645" />
    <nd ref="9646" />
    <nd ref="9647" />
    <nd ref="9648" />
    <nd ref="9649" />
    <nd ref="9650" />
    <nd ref="9651" />
    <nd ref="9652" />
    <nd ref="9653" />
    <nd ref="9654" />
    <nd ref="9655" />
    <nd ref="9656" />
    <nd ref="9657" />
    <nd ref="9658" />
    <nd ref="9659" />
    <nd ref="9660" />
    <nd ref="9661" />
    <nd ref="9662" />
    <nd ref="9663" />
    <nd ref="9664" />
    <nd ref="9665" />
    <nd ref="9666" />
    <nd ref="9667" />
    <nd ref="9668" />
    <nd ref="9669" />
    <nd ref="9670" />
    <nd ref="9671" />
    <nd ref="9672" />
    <nd ref="9673" />
    <nd ref="9674" />
    <nd ref="9675" />
    <nd ref="9676" />
    <nd ref="9677" />
    <nd ref="9678" />
    <nd ref="9679" />
    <nd ref="9680" />
    <nd ref="9681" />
    <nd ref="9682" />
    <nd ref="9683" />
    <nd ref="9684" />
    <nd ref="9685" />
    <nd ref="9686" />
    <nd ref="9687" />
    <nd ref="9688" />
    <nd ref="9689" />
    <nd ref="9690" />
    <nd ref="9691" />
    <nd ref="9692" />
    <nd ref="9693" />
    <nd ref="9694" />
    <nd ref="9695" />
    <nd ref="9696" />
    <nd ref="9697" />
    <nd ref="9698" />
    <nd ref="9699" />
    <nd ref="9700" />
    <nd ref="9701" />
    <nd ref="9702" />
    <nd ref="9703" />
    <nd ref="9704" />
    <nd ref="9705" />
    <nd ref="9706" />
    <nd ref="9707" />
    <nd ref="9708" />
    <nd ref="9709" />
    <nd ref="9710" />
    <nd ref="9711" />
    <nd ref="9712" />
    <nd ref="9713" />
    <nd ref="9714" />
    <nd ref="9715" />
    <nd ref="9716" />
    <nd ref="9717" />
    <nd ref="9718" />
    <nd ref="9719" />
    <nd ref="9720" />
    <nd ref="9721" />
    <nd ref="9722" />
    <nd ref="9723" />
    <nd ref="9724" />
    <nd ref="9725" />
    <nd ref="9726" />
    <nd ref="9727" />
    <nd ref="9728" />
    <nd ref="9729" />
    <nd ref="9730" />
    <nd ref="9731" />
    <nd ref="9732" />
    <nd ref="9733" />
    <nd ref="9734" />
    <nd ref="9735" />
    <nd ref="9736" />
    <nd ref="9737" />
    <nd ref="9738" />
    <nd ref="9739" />
    <nd ref="9740" />
    <nd ref="9741" />
    <nd ref="9742" />
    <nd ref="9743" />
    <nd ref="9744" />
    <nd ref="9745" />
    <nd ref="9746" />
    <nd ref="9747" />
    <nd ref="9748" />
    <nd ref="9749" />
    <nd ref="9750" />
    <nd ref="9751" />
    <nd ref="9752" />
    <nd ref="9753" />
    <nd ref="9754" />
    <nd ref="9755" />
    <nd ref="9756" />
    <nd ref="9757" />
    <nd ref="9758" />
    <nd ref="9759" />
    <nd ref="9760" />
    <nd ref="9761" />
    <nd ref="9762" />
    <nd ref="9763" />
    <nd ref="9764" />
    <nd ref="9765" />
    <nd ref="9766" />
    <nd ref="9767" />
    <nd ref="9768" />
    <nd ref="9769" />
    <nd ref="9770" />
    <nd ref="9771" />
    <nd ref="9772" />
    <nd ref="9773" />
    <nd ref="9774" />
    <nd ref="9775" />
    <nd ref="9776" />
    <nd ref="9777" />
    <nd ref="9778" />
    <nd ref="9779" />
    <nd ref="9780" />
    <nd ref="9781" />
    <nd ref="9782" />
    <nd ref="9783" />
    <nd ref="9784" />
    <nd ref="9785" />
    <nd ref="9786" />
    <nd ref="9787" />
    <nd ref="9788" />
    <nd ref="9789" />
    <nd ref="9790" />
    <nd ref="9791" />
    <nd ref="9792" />
    <nd ref="9793" />
    <nd ref="9794" />
    <nd ref="9795" />
    <nd ref="9796" />
    <nd ref="9797" />
    <nd ref="9798" />
    <nd ref="9799" />
    <nd ref="9800" />
    <nd ref="9801" />
    <nd ref="9802" />
    <nd ref="9803" />
    <nd ref="9804" />
    <nd ref="9805" />
    <nd ref="9806" />
    <nd ref="9807" />
    <nd ref="9808" />
    <nd ref="9809" />
    <nd ref="9810" />
    <nd ref="9811" />
    <nd ref="9812" />
    <nd ref="9813" />
    <nd ref="9814" />
    <nd ref="9815" />
    <nd ref="9816" />
    <nd ref="9817" />
    <nd ref="9818" />
    <nd ref="9819" />
    <nd ref="9820" />
    <nd ref="9821" />
    <nd ref="9822" />
    <nd ref="9823" />
    <nd ref="9824" />
    <nd ref="9825" />
    <nd ref="9826" />
    <nd ref="9827" />
    <nd ref="9828" />
    <nd ref="9829" />
    <nd ref="9830" />
    <nd ref="9831" />
    <nd ref="9832" />
    <nd ref="9833" />
    <nd ref="9834" />
    <nd ref="9835" />
    <nd ref="9836" />
    <nd ref="9837" />
    <nd ref="9838" />
    <nd ref="9839" />
    <nd ref="9840" />
    <nd ref="9841" />
    <nd ref="9842" />
    <nd ref="9843" />
    <nd ref="9844" />
    <nd ref="9845" />
    <nd ref="9846" />
    <nd ref="9847" />
    <nd ref="9848" />
    <nd ref="9849" />
    <nd ref="9850" />
    <nd ref="9851" />
    <nd ref="9852" />
    <nd ref="9853" />
    <nd ref="9854" />
    <nd ref="9855" />
    <nd ref="9856" />
    <nd ref="9857" />
    <nd ref="9858" />
    <nd ref="9859" />
    <nd ref="9860" />
    <nd ref="9861" />
    <nd ref="9862" />
    <nd ref="9863" />
    <nd ref="9864" />
    <nd ref="9865" />
    <nd ref="9866" />
    <nd ref="9867" />
    <nd ref="9868" />
    <nd ref="9869" />
    <nd ref="9870" />
    <nd ref="9871" />
    <nd ref="9872" />
    <nd ref="9873" />
    <nd ref="9874" />
    <nd ref="9875" />
    <nd ref="9876" />
    <nd ref="9877" />
    <nd ref="9878" />
    <nd ref="9879" />
    <nd ref="9880" />
    <nd ref="9881" />
    <nd ref="9882" />
    <nd ref="9883" />
    <nd ref="9884" />
    <nd ref="9885" />
    <nd ref="9886" />
    <nd ref="9887" />
    <nd ref="9888" />
    <nd ref="9889" />
    <nd ref="9890" />
    <nd ref="9891" />
    <nd ref="9892" />
    <nd ref="9893" />
    <nd ref="9894" />
    <nd ref="9895" />
    <nd ref="9896" />
    <nd ref="9897" />
    <nd ref="9898" />
    <nd ref="9899" />
    <nd ref="9900" />
    <nd ref="9901" />
    <nd ref="9902" />
    <nd ref="9903" />
    <nd ref="9904" />
    <nd ref="9905" />
    <nd ref="9906" />
    <nd ref="9907" />
    <nd ref="9908" />
    <nd ref="9909" />
    <nd ref="9910" />
    <nd ref="9911" />
    <nd ref="9912" />
    <nd ref="9913" />
    <nd ref="9914" />
    <nd ref="9915" />
    <nd ref="9916" />
    <nd ref="9917" />
    <nd ref="9918" />
    <nd ref="9919" />
    <nd ref="9920" />
    <nd ref="9921" />
    <nd ref="9922" />
    <nd ref="9923" />
    <nd ref="9924" />
    <nd ref="9925" />
    <nd ref="9926" />
    <nd ref="9927" />
    <nd ref="9928" />
    <nd ref="9929" />
    <nd ref="9930" />
    <nd ref="9931" />
    <nd ref="9932" />
    <nd ref="9933" />
    <nd ref="9934" />
    <nd ref="9935" />
    <nd ref="9936" />
    <nd ref="9937" />
    <nd ref="9938" />
    <nd ref="9939" />
    <nd ref="9940" />
    <nd ref="9941" />
    <nd ref="9942" />
    <nd ref="9943" />
    <nd ref="9944" />
    <nd ref="9945" />
    <nd ref="9946" />
    <nd ref="9947" />
    <nd ref="9948" />
    <nd ref="9949" />
    <nd ref="9950" />
    <nd ref="9951" />
    <nd ref="9952" />
    <nd ref="9953" />
    <nd ref="9954" />
    <nd ref="9955" />
    <nd ref="9956" />
    <nd ref="9957" />
    <nd ref="9958" />
    <nd ref="9959" />
    <nd ref="9960" />
    <nd ref="9961" />
    <nd ref="9962" />
    <nd ref="9963" />
    <nd ref="9964" />
    <nd ref="9965" />
    <nd ref="9966" />
    <nd ref="9967" />
    <nd ref="9968" />
    <nd ref="9969" />
    <nd ref="9970" />
    <nd ref="9971" />
    <nd ref="9972" />
    <nd ref="9973" />
    <nd ref="9974" />
    <nd ref="9975" />
    <nd ref="9976" />
    <nd ref="9977" />
    <nd ref="9978" />
    <nd ref="9979" />
    <nd ref="9980" />
    <nd ref="9981" />
    <nd ref="9982" />
    <nd ref="9983" />
    <nd ref="9984" />
    <nd ref="9985" />
    <nd ref="9986" />
    <nd ref="9987" />
    <nd ref="9988" />
    <nd ref="9989" />
    <nd ref="9990" />
    <nd ref="9991" />
    <nd ref="9992" />
    <nd ref="9993" />
    <nd ref="9994" />
    <nd ref="9995" />
    <nd ref="9996" />
    <nd ref="9997" />
    <nd ref="9998" />
    <nd ref="9999" />
    <nd ref="10000" />
    <nd ref="10001" />
    <nd ref="10002" />
    <nd ref="10003" />
    <nd ref="10004" />
    <nd ref="10005" />
    <nd ref="10006" />
    <nd ref="10007" />
    <nd ref="10008" />
    <nd ref="10009" />
    <nd ref="10010" />
    <nd ref="10011" />
    <nd ref="10012" />
    <nd ref="10013" />
    <nd ref="10014" />
    <nd ref="10015" />
    <nd ref="10016" />
    <nd ref="10017" />
    <nd ref="10018" />
    <nd ref="10019" />
    <nd ref="10020" />
    <nd ref="10021" />
    <nd ref="10022" />
    <nd ref="10023" />
    <nd ref="10024" />
    <nd ref="10025" />
    <nd ref="10026" />
    <nd ref="10027" />
    <nd ref="10028" />
    <nd ref="10029" />
    <nd ref="10030" />
    <nd ref="10031" />
    <nd ref="10032" />
    <nd ref="10033" />
    <nd ref="10034" />
    <nd ref="10035" />
    <nd ref="10036" />
    <nd ref="10037" />
    <nd ref="10038" />
    <nd ref="10039" />
    <nd ref="10040" />
    <nd ref="10041" />
    <nd ref="10042" />
    <nd ref="10043" />
    <nd ref="10044" />
    <nd ref="10045" />
    <nd ref="10046" />
    <nd ref="10047" />
    <nd ref="10048" />
    <nd ref="10049" />
    <nd ref="10050" />
    <nd ref="10051" />
    <nd ref="10052" />
    <nd ref="10053" />
    <nd ref="10054" />
    <nd ref="10055" />
    <nd ref="10056" />
    <nd ref="10057" />
    <nd ref="10058" />
    <nd ref="10059" />
    <nd ref="10060" />
    <nd ref="10061" />
    <nd ref="10062" />
    <nd ref="10063" />
    <nd ref="10064" />
    <nd ref="10065" />
    <nd ref="10066" />
    <nd ref="10067" />
    <nd ref="10068" />
    <nd ref="10069" />
    <nd ref="10070" />
    <nd ref="10071" />
    <nd ref="10072" />
    <nd ref="10073" />
    <nd ref="10074" />
    <nd ref="10075" />
    <nd ref="10076" />
    <nd ref="10077" />
    <nd ref="10078" />
    <nd ref="10079" />
    <nd ref="10080" />
    <nd ref="10081" />
    <nd ref="10082" />
    <nd ref="10083" />
    <nd ref="10084" />
    <nd ref="10085" />
    <nd ref="10086" />
    <nd ref="10087" />
    <nd ref="10088" />
    <nd ref="10089" />
    <nd ref="10090" />
    <nd ref="10091" />
    <nd ref="10092" />
    <nd ref="10093" />
    <nd ref="10094" />
    <nd ref="10095" />
    <nd ref="10096" />
    <nd ref="10097" />
    <nd ref="10098" />
    <nd ref="10099" />
    <nd ref="10100" />
    <nd ref="10101" />
    <nd ref="10102" />
    <nd ref="10103" />
    <nd ref="10104" />
    <nd ref="10105" />
    <nd ref="10106" />
    <nd ref="10107" />
    <nd ref="10108" />
    <nd ref="10109" />
    <nd ref="10110" />
    <nd ref="10111" />
    <nd ref="10112" />
    <nd ref="10113" />
    <nd ref="10114" />
    <nd ref="10115" />
    <nd ref="10116" />
    <nd ref="10117" />
    <nd ref="10118" />
    <nd ref="10119" />
    <nd ref="10120" />
    <nd ref="10121" />
    <nd ref="10122" />
    <nd ref="10123" />
    <nd ref="10124" />
    <nd ref="10125" />
    <nd ref="10126" />
    <nd ref="10127" />
    <nd ref="10128" />
    <nd ref="10129" />
    <nd ref="10130" />
    <nd ref="10131" />
    <nd ref="10132" />
    <nd ref="10133" />
    <nd ref="10134" />
    <nd ref="10135" />
    <nd ref="10136" />
    <nd ref="10137" />
    <nd ref="10138" />
    <nd ref="10139" />
    <nd ref="10140" />
    <nd ref="10141" />
    <nd ref="10142" />
    <nd ref="10143" />
    <nd ref="10144" />
    <nd ref="10145" />
    <nd ref="10146" />
    <nd ref="10147" />
    <nd ref="10148" />
    <nd ref="10149" />
    <nd ref="10150" />
    <nd ref="10151" />
    <nd ref="10152" />
    <nd ref="10153" />
    <nd ref="10154" />
    <nd ref="10155" />
    <nd ref="10156" />
    <nd ref="10157" />
    <nd ref="10158" />
    <nd ref="10159" />
    <nd ref="10160" />
    <nd ref="10161" />
    <nd ref="10162" />
    <nd ref="10163" />
    <nd ref="10164" />
    <nd ref="10165" />
    <nd ref="10166" />
    <nd ref="10167" />
    <nd ref="10168" />
    <nd ref="10169" />
    <nd ref="10170" />
    <nd ref="10171" />
    <nd ref="10172" />
    <nd ref="10173" />
    <nd ref="10174" />
    <nd ref="10175" />
    <nd ref="10176" />
    <nd ref="10177" />
    <nd ref="10178" />
    <nd ref="10179" />
    <nd ref="10180" />
    <nd ref="10181" />
    <nd ref="10182" />
    <nd ref="10183" />
    <nd ref="10184" />
    <nd ref="10185" />
    <nd ref="10186" />
    <nd ref="10187" />
    <nd ref="10188" />
    <nd ref="10189" />
    <nd ref="10190" />
    <nd ref="10191" />
    <nd ref="10192" />
    <nd ref="10193" />
    <nd ref="10194" />
    <nd ref="10195" />
    <nd ref="10196" />
    <nd ref="10197" />
    <nd ref="10198" />
    <nd ref="10199" />
    <nd ref="10200" />
    <nd ref="10201" />
    <nd ref="10202" />
    <nd ref="10203" />
    <nd ref="10204" />
    <nd ref="10205" />
    <nd ref="10206" />
    <nd ref="10207" />
    <nd ref="10208" />
    <nd ref="10209" />
    <nd ref="10210" />
    <nd ref="10211" />
    <nd ref="10212" />
    <nd ref="10213" />
    <nd ref="10214" />
    <nd ref="10215" />
    <nd ref="10216" />
    <nd ref="10217" />
    <nd ref="10218" />
    <nd ref="10219" />
    <nd ref="10220" />
    <nd ref="10221" />
    <nd ref="10222" />
    <nd ref="10223" />
    <nd ref="10224" />
    <nd ref="10225" />
    <nd ref="10226" />
    <nd ref="10227" />
    <nd ref="10228" />
    <nd ref="10229" />
    <nd ref="10230" />
    <nd ref="10231" />
    <nd ref="10232" />
    <nd ref="10233" />
    <nd ref="10234" />
    <nd ref="10235" />
    <nd ref="10236" />
    <nd ref="10237" />
    <nd ref="10238" />
    <nd ref="10239" />
    <nd ref="10240" />
    <nd ref="10241" />
    <nd ref="10242" />
    <nd ref="10243" />
    <nd ref="10244" />
    <nd ref="10245" />
    <nd ref="10246" />
    <nd ref="10247" />
    <nd ref="10248" />
    <nd ref="10249" />
    <nd ref="10250" />
    <nd ref="10251" />
    <nd ref="10252" />
    <nd ref="10253" />
    <nd ref="10254" />
    <nd ref="10255" />
    <nd ref="10256" />
    <nd ref="10257" />
    <nd ref="10258" />
    <nd ref="10259" />
    <nd ref="10260" />
    <nd ref="10261" />
    <nd ref="10262" />
    <nd ref="10263" />
    <nd ref="10264" />
    <nd ref="10265" />
    <nd ref="10266" />
    <nd ref="10267" />
    <nd ref="10268" />
    <nd ref="10269" />
    <nd ref="10270" />
    <nd ref="10271" />
    <nd ref="10272" />
    <nd ref="10273" />
    <nd ref="10274" />
    <nd ref="10275" />
    <nd ref="10276" />
    <nd ref="10277" />
    <nd ref="10278" />
    <nd ref="10279" />
    <nd ref="10280" />
    <nd ref="10281" />
    <nd ref="10282" />
    <nd ref="10283" />
    <nd ref="10284" />
    <nd ref="10285" />
    <nd ref="10286" />
    <nd ref="10287" />
    <nd ref="10288" />
    <nd ref="10289" />
    <nd ref="10290" />
    <nd ref="10291" />
    <nd ref="10292" />
    <nd ref="10293" />
    <nd ref="10294" />
    <nd ref="10295" />
    <nd ref="10296" />
    <nd ref="10297" />
    <nd ref="10298" />
    <nd ref="10299" />
    <nd ref="10300" />
    <nd ref="10301" />
    <nd ref="10302" />
    <nd ref="10303" />
    <nd ref="10304" />
    <nd ref="10305" />
    <nd ref="10306" />
    <nd ref="10307" />
    <nd ref="10308" />
    <nd ref="10309" />
    <nd ref="10310" />
    <nd ref="10311" />
    <nd ref="10312" />
    <nd ref="10313" />
    <nd ref="10314" />
    <nd ref="10315" />
    <nd ref="10316" />
    <nd ref="10317" />
    <nd ref="10318" />
    <nd ref="10319" />
    <nd ref="10320" />
    <nd ref="10321" />
    <nd ref="10322" />
    <nd ref="10323" />
    <nd ref="10324" />
    <nd ref="10325" />
    <nd ref="10326" />
    <nd ref="10327" />
    <nd ref="10328" />
    <nd ref="10329" />
    <nd ref="10330" />
    <nd ref="10331" />
    <nd ref="10332" />
    <nd ref="10333" />
    <nd ref="10334" />
    <nd ref="10335" />
    <nd ref="10336" />
    <nd ref="10337" />
    <nd ref="10338" />
    <nd ref="10339" />
    <nd ref="10340" />
    <nd ref="10341" />
    <nd ref="10342" />
    <nd ref="10343" />
    <nd ref="10344" />
    <nd ref="10345" />
    <nd ref="10346" />
    <nd ref="10347" />
    <nd ref="10348" />
    <nd ref="10349" />
    <nd ref="10350" />
    <nd ref="10351" />
    <nd ref="10352" />
    <nd ref="10353" />
    <nd ref="10354" />
    <nd ref="10355" />
    <nd ref="10356" />
    <nd ref="10357" />
    <nd ref="10358" />
    <nd ref="10359" />
    <nd ref="10360" />
    <nd ref="10361" />
    <nd ref="10362" />
    <nd ref="10363" />
    <nd ref="10364" />
    <nd ref="10365" />
    <nd ref="10366" />
    <nd ref="10367" />
    <nd ref="10368" />
    <nd ref="10369" />
    <nd ref="10370" />
    <nd ref="10371" />
    <nd ref="10372" />
    <nd ref="10373" />
    <nd ref="10374" />
    <nd ref="10375" />
    <nd ref="10376" />
    <nd ref="10377" />
    <nd ref="10378" />
    <nd ref="10379" />
    <nd ref="10380" />
    <nd ref="10381" />
    <nd ref="10382" />
    <nd ref="10383" />
    <nd ref="10384" />
    <nd ref="10385" />
    <nd ref="10386" />
    <nd ref="10387" />
    <nd ref="10388" />
    <nd ref="10389" />
    <nd ref="10390" />
    <nd ref="10391" />
    <nd ref="10392" />
    <nd ref="10393" />
    <nd ref="10394" />
    <nd ref="10395" />
    <nd ref="10396" />
    <nd ref="10397" />
    <nd ref="10398" />
    <nd ref="10399" />
    <nd ref="10400" />
    <nd ref="10401" />
    <nd ref="10402" />
    <nd ref="10403" />
    <nd ref="10404" />
    <nd ref="10405" />
    <nd ref="10406" />
    <nd ref="10407" />
    <nd ref="10408" />
    <nd ref="10409" />
    <nd ref="10410" />
    <nd ref="10411" />
    <nd ref="10412" />
    <nd ref="10413" />
    <nd ref="10414" />
    <nd ref="10415" />
    <nd ref="10416" />
    <nd ref="10417" />
    <nd ref="10418" />
    <nd ref="10419" />
    <nd ref="10420" />
    <nd ref="10421" />
    <nd ref="10422" />
    <nd ref="10423" />
    <nd ref="10424" />
    <nd ref="10425" />
    <nd ref="10426" />
    <nd ref="10427" />
    <nd ref="10428" />
    <nd ref="10429" />
    <nd ref="10430" />
    <nd ref="10431" />
    <nd ref="10432" />
    <nd ref="10433" />
    <nd ref="10434" />
    <nd ref="10435" />
    <nd ref="10436" />
    <nd ref="10437" />
    <nd ref="10438" />
    <nd ref="10439" />
    <nd ref="10440" />
    <nd ref="10441" />
    <nd ref="10442" />
    <nd ref="10443" />
    <nd ref="10444" />
    <nd ref="10445" />
    <nd ref="10446" />
    <nd ref="10447" />
    <nd ref="10448" />
    <nd ref="10449" />
    <nd ref="10450" />
    <nd ref="10451" />
    <nd ref="10452" />
    <nd ref="10453" />
    <nd ref="10454" />
    <nd ref="10455" />
    <nd ref="10456" />
    <nd ref="10457" />
    <nd ref="10458" />
    <nd ref="10459" />
    <nd ref="10460" />
    <nd ref="10461" />
    <nd ref="10462" />
    <tag k="subtype" v="solid" />
    <tag k="type" v="line_thin" />
  </way>
  <way id="11317" visible="true" version="1">
    <nd ref="10464" />
    <nd ref="10465" />
    <nd ref="10466" />
    <nd ref="10467" />
    <nd ref="10468" />
    <nd ref="10469" />
    <nd ref="10470" />
    <nd ref="10471" />
    <nd ref="10472" />
    <nd ref="10473" />
    <nd ref="10474" />
    <nd ref="10475" />
    <nd ref="10476" />
    <nd ref="10477" />
    <nd ref="10478" />
    <nd ref="10479" />
    <nd ref="10480" />
    <nd ref="10481" />
    <nd ref="10482" />
    <nd ref="10483" />
    <nd ref="10484" />
    <nd ref="10485" />
    <nd ref="10486" />
    <nd ref="10487" />
    <nd ref="10488" />
    <nd ref="10489" />
    <nd ref="10490" />
    <nd ref="10491" />
    <nd ref="10492" />
    <nd ref="10493" />
    <nd ref="10494" />
    <nd ref="10495" />
    <nd ref="10496" />
    <nd ref="10497" />
    <nd ref="10498" />
    <nd ref="10499" />
    <nd ref="10500" />
    <nd ref="10501" />
    <nd ref="10502" />
    <nd ref="10503" />
    <nd ref="10504" />
    <nd ref="10505" />
    <nd ref="10506" />
    <nd ref="10507" />
    <nd ref="10508" />
    <nd ref="10509" />
    <nd ref="10510" />
    <nd ref="10511" />
    <nd ref="10512" />
    <nd ref="10513" />
    <nd ref="10514" />
    <nd ref="10515" />
    <nd ref="10516" />
    <nd ref="10517" />
    <nd ref="10518" />
    <nd ref="10519" />
    <nd ref="10520" />
    <nd ref="10521" />
    <nd ref="10522" />
    <nd ref="10523" />
    <nd ref="10524" />
    <nd ref="10525" />
    <nd ref="10526" />
    <nd ref="10527" />
    <nd ref="10528" />
    <nd ref="10529" />
    <nd ref="10530" />
    <nd ref="10531" />
    <nd ref="10532" />
    <nd ref="10533" />
    <nd ref="10534" />
    <nd ref="10535" />
    <nd ref="10536" />
    <nd ref="10537" />
    <nd ref="10538" />
    <nd ref="10539" />
    <nd ref="10540" />
    <nd ref="10541" />
    <nd ref="10542" />
    <nd ref="10543" />
    <nd ref="10544" />
    <nd ref="10545" />
    <nd ref="10546" />
    <nd ref="10547" />
    <nd ref="10548" />
    <nd ref="10549" />
    <nd ref="10550" />
    <nd ref="10551" />
    <nd ref="10552" />
    <nd ref="10553" />
    <nd ref="10554" />
    <nd ref="10555" />
    <nd ref="10556" />
    <nd ref="10557" />
    <nd ref="10558" />
    <nd ref="10559" />
    <nd ref="10560" />
    <nd ref="10561" />
    <nd ref="10562" />
    <nd ref="10563" />
    <nd ref="10564" />
    <nd ref="10565" />
    <nd ref="10566" />
    <nd ref="10567" />
    <nd ref="10568" />
    <nd ref="10569" />
    <nd ref="10570" />
    <nd ref="10571" />
    <nd ref="10572" />
    <nd ref="10573" />
    <nd ref="10574" />
    <nd ref="10575" />
    <nd ref="10576" />
    <nd ref="10577" />
    <nd ref="10578" />
    <nd ref="10579" />
    <nd ref="10580" />
    <nd ref="10581" />
    <nd ref="10582" />
    <nd ref="10583" />
    <nd ref="10584" />
    <nd ref="10585" />
    <nd ref="10586" />
    <nd ref="10587" />
    <nd ref="10588" />
    <nd ref="10589" />
    <nd ref="10590" />
    <nd ref="10591" />
    <nd ref="10592" />
    <nd ref="10593" />
    <nd ref="10594" />
    <nd ref="10595" />
    <nd ref="10596" />
    <nd ref="10597" />
    <nd ref="10598" />
    <nd ref="10599" />
    <nd ref="10600" />
    <nd ref="10601" />
    <nd ref="10602" />
    <nd ref="10603" />
    <nd ref="10604" />
    <nd ref="10605" />
    <nd ref="10606" />
    <nd ref="10607" />
    <nd ref="10608" />
    <nd ref="10609" />
    <nd ref="10610" />
    <nd ref="10611" />
    <nd ref="10612" />
    <nd ref="10613" />
    <nd ref="10614" />
    <nd ref="10615" />
    <nd ref="10616" />
    <nd ref="10617" />
    <nd ref="10618" />
    <nd ref="10619" />
    <nd ref="10620" />
    <nd ref="10621" />
    <nd ref="10622" />
    <nd ref="10623" />
    <nd ref="10624" />
    <nd ref="10625" />
    <nd ref="10626" />
    <nd ref="10627" />
    <nd ref="10628" />
    <nd ref="10629" />
    <nd ref="10630" />
    <nd ref="10631" />
    <nd ref="10632" />
    <nd ref="10633" />
    <nd ref="10634" />
    <nd ref="10635" />
    <nd ref="10636" />
    <nd ref="10637" />
    <nd ref="10638" />
    <nd ref="10639" />
    <nd ref="10640" />
    <nd ref="10641" />
    <nd ref="10642" />
    <nd ref="10643" />
    <nd ref="10644" />
    <nd ref="10645" />
    <nd ref="10646" />
    <nd ref="10647" />
    <nd ref="10648" />
    <nd ref="10649" />
    <nd ref="10650" />
    <nd ref="10651" />
    <nd ref="10652" />
    <nd ref="10653" />
    <nd ref="10654" />
    <nd ref="10655" />
    <nd ref="10656" />
    <nd ref="10657" />
    <nd ref="10658" />
    <nd ref="10659" />
    <nd ref="10660" />
    <nd ref="10661" />
    <nd ref="10662" />
    <nd ref="10663" />
    <nd ref="10664" />
    <nd ref="10665" />
    <nd ref="10666" />
    <nd ref="10667" />
    <nd ref="10668" />
    <nd ref="10669" />
    <nd ref="10670" />
    <nd ref="10671" />
    <nd ref="10672" />
    <nd ref="10673" />
    <nd ref="10674" />
    <nd ref="10675" />
    <nd ref="10676" />
    <nd ref="10677" />
    <nd ref="10678" />
    <nd ref="10679" />
    <nd ref="10680" />
    <nd ref="10681" />
    <nd ref="10682" />
    <nd ref="10683" />
    <nd ref="10684" />
    <nd ref="10685" />
    <nd ref="10686" />
    <nd ref="10687" />
    <nd ref="10688" />
    <nd ref="10689" />
    <nd ref="10690" />
    <nd ref="10691" />
    <nd ref="10692" />
    <nd ref="10693" />
    <nd ref="10694" />
    <nd ref="10695" />
    <nd ref="10696" />
    <nd ref="10697" />
    <nd ref="10698" />
    <nd ref="10699" />
    <nd ref="10700" />
    <nd ref="10701" />
    <nd ref="10702" />
    <nd ref="10703" />
    <nd ref="10704" />
    <nd ref="10705" />
    <nd ref="10706" />
    <nd ref="10707" />
    <nd ref="10708" />
    <nd ref="10709" />
    <nd ref="10710" />
    <nd ref="10711" />
    <nd ref="10712" />
    <nd ref="10713" />
    <nd ref="10714" />
    <nd ref="10715" />
    <nd ref="10716" />
    <nd ref="10717" />
    <nd ref="10718" />
    <nd ref="10719" />
    <nd ref="10720" />
    <nd ref="10721" />
    <nd ref="10722" />
    <nd ref="10723" />
    <nd ref="10724" />
    <nd ref="10725" />
    <nd ref="10726" />
    <nd ref="10727" />
    <nd ref="10728" />
    <nd ref="10729" />
    <nd ref="10730" />
    <nd ref="10731" />
    <nd ref="10732" />
    <nd ref="10733" />
    <nd ref="10734" />
    <nd ref="10735" />
    <nd ref="10736" />
    <nd ref="10737" />
    <nd ref="10738" />
    <nd ref="10739" />
    <nd ref="10740" />
    <nd ref="10741" />
    <nd ref="10742" />
    <nd ref="10743" />
    <nd ref="10744" />
    <nd ref="10745" />
    <nd ref="10746" />
    <nd ref="10747" />
    <nd ref="10748" />
    <nd ref="10749" />
    <nd ref="10750" />
    <nd ref="10751" />
    <nd ref="10752" />
    <nd ref="10753" />
    <nd ref="10754" />
    <nd ref="10755" />
    <nd ref="10756" />
    <nd ref="10757" />
    <nd ref="10758" />
    <nd ref="10759" />
    <nd ref="10760" />
    <nd ref="10761" />
    <nd ref="10762" />
    <nd ref="10763" />
    <nd ref="10764" />
    <nd ref="10765" />
    <nd ref="10766" />
    <nd ref="10767" />
    <nd ref="10768" />
    <nd ref="10769" />
    <nd ref="10770" />
    <nd ref="10771" />
    <nd ref="10772" />
    <nd ref="10773" />
    <nd ref="10774" />
    <nd ref="10775" />
    <nd ref="10776" />
    <nd ref="10777" />
    <nd ref="10778" />
    <nd ref="10779" />
    <nd ref="10780" />
    <nd ref="10781" />
    <nd ref="10782" />
    <nd ref="10783" />
    <nd ref="10784" />
    <nd ref="10785" />
    <nd ref="10786" />
    <nd ref="10787" />
    <nd ref="10788" />
    <nd ref="10789" />
    <nd ref="10790" />
    <nd ref="10791" />
    <nd ref="10792" />
    <nd ref="10793" />
    <nd ref="10794" />
    <nd ref="10795" />
    <nd ref="10796" />
    <nd ref="10797" />
    <nd ref="10798" />
    <nd ref="10799" />
    <nd ref="10800" />
    <nd ref="10801" />
    <nd ref="10802" />
    <nd ref="10803" />
    <nd ref="10804" />
    <nd ref="10805" />
    <nd ref="10806" />
    <nd ref="10807" />
    <nd ref="10808" />
    <nd ref="10809" />
    <nd ref="10810" />
    <nd ref="10811" />
    <nd ref="10812" />
    <nd ref="10813" />
    <nd ref="10814" />
    <nd ref="10815" />
    <nd ref="10816" />
    <nd ref="10817" />
    <nd ref="10818" />
    <nd ref="10819" />
    <nd ref="10820" />
    <nd ref="10821" />
    <nd ref="10822" />
    <nd ref="10823" />
    <nd ref="10824" />
    <nd ref="10825" />
    <nd ref="10826" />
    <nd ref="10827" />
    <nd ref="10828" />
    <nd ref="10829" />
    <nd ref="10830" />
    <nd ref="10831" />
    <nd ref="10832" />
    <nd ref="10833" />
    <nd ref="10834" />
    <nd ref="10835" />
    <nd ref="10836" />
    <nd ref="10837" />
    <nd ref="10838" />
    <nd ref="10839" />
    <nd ref="10840" />
    <nd ref="10841" />
    <nd ref="10842" />
    <nd ref="10843" />
    <nd ref="10844" />
    <nd ref="10845" />
    <nd ref="10846" />
    <nd ref="10847" />
    <nd ref="10848" />
    <nd ref="10849" />
    <nd ref="10850" />
    <nd ref="10851" />
    <nd ref="10852" />
    <nd ref="10853" />
    <nd ref="10854" />
    <nd ref="10855" />
    <nd ref="10856" />
    <nd ref="10857" />
    <nd ref="10858" />
    <nd ref="10859" />
    <nd ref="10860" />
    <nd ref="10861" />
    <nd ref="10862" />
    <nd ref="10863" />
    <nd ref="10864" />
    <nd ref="10865" />
    <nd ref="10866" />
    <nd ref="10867" />
    <nd ref="10868" />
    <nd ref="10869" />
    <nd ref="10870" />
    <nd ref="10871" />
    <nd ref="10872" />
    <nd ref="10873" />
    <nd ref="10874" />
    <nd ref="10875" />
    <nd ref="10876" />
    <nd ref="10877" />
    <nd ref="10878" />
    <nd ref="10879" />
    <nd ref="10880" />
    <nd ref="10881" />
    <nd ref="10882" />
    <nd ref="10883" />
    <nd ref="10884" />
    <nd ref="10885" />
    <nd ref="10886" />
    <nd ref="10887" />
    <nd ref="10888" />
    <nd ref="10889" />
    <nd ref="10890" />
    <nd ref="10891" />
    <nd ref="10892" />
    <nd ref="10893" />
    <nd ref="10894" />
    <nd ref="10895" />
    <nd ref="10896" />
    <nd ref="10897" />
    <nd ref="10898" />
    <nd ref="10899" />
    <nd ref="10900" />
    <nd ref="10901" />
    <nd ref="10902" />
    <nd ref="10903" />
    <nd ref="10904" />
    <nd ref="10905" />
    <nd ref="10906" />
    <nd ref="10907" />
    <nd ref="10908" />
    <nd ref="10909" />
    <nd ref="10910" />
    <nd ref="10911" />
    <nd ref="10912" />
    <nd ref="10913" />
    <nd ref="10914" />
    <nd ref="10915" />
    <nd ref="10916" />
    <nd ref="10917" />
    <nd ref="10918" />
    <nd ref="10919" />
    <nd ref="10920" />
    <nd ref="10921" />
    <nd ref="10922" />
    <nd ref="10923" />
    <nd ref="10924" />
    <nd ref="10925" />
    <nd ref="10926" />
    <nd ref="10927" />
    <nd ref="10928" />
    <nd ref="10929" />
    <nd ref="10930" />
    <nd ref="10931" />
    <nd ref="10932" />
    <nd ref="10933" />
    <nd ref="10934" />
    <nd ref="10935" />
    <nd ref="10936" />
    <nd ref="10937" />
    <nd ref="10938" />
    <nd ref="10939" />
    <nd ref="10940" />
    <nd ref="10941" />
    <nd ref="10942" />
    <nd ref="10943" />
    <nd ref="10944" />
    <nd ref="10945" />
    <nd ref="10946" />
    <nd ref="10947" />
    <nd ref="10948" />
    <nd ref="10949" />
    <nd ref="10950" />
    <nd ref="10951" />
    <nd ref="10952" />
    <nd ref="10953" />
    <nd ref="10954" />
    <nd ref="10955" />
    <nd ref="10956" />
    <nd ref="10957" />
    <nd ref="10958" />
    <nd ref="10959" />
    <nd ref="10960" />
    <nd ref="10961" />
    <nd ref="10962" />
    <nd ref="10963" />
    <nd ref="10964" />
    <nd ref="10965" />
    <nd ref="10966" />
    <nd ref="10967" />
    <nd ref="10968" />
    <nd ref="10969" />
    <nd ref="10970" />
    <nd ref="10971" />
    <nd ref="10972" />
    <nd ref="10973" />
    <nd ref="10974" />
    <nd ref="10975" />
    <nd ref="10976" />
    <nd ref="10977" />
    <nd ref="10978" />
    <nd ref="10979" />
    <nd ref="10980" />
    <nd ref="10981" />
    <nd ref="10982" />
    <nd ref="10983" />
    <nd ref="10984" />
    <nd ref="10985" />
    <nd ref="10986" />
    <nd ref="10987" />
    <nd ref="10988" />
    <nd ref="10989" />
    <nd ref="10990" />
    <nd ref="10991" />
    <nd ref="10992" />
    <nd ref="10993" />
    <nd ref="10994" />
    <nd ref="10995" />
    <nd ref="10996" />
    <nd ref="10997" />
    <nd ref="10998" />
    <nd ref="10999" />
    <nd ref="11000" />
    <nd ref="11001" />
    <nd ref="11002" />
    <nd ref="11003" />
    <nd ref="11004" />
    <nd ref="11005" />
    <nd ref="11006" />
    <nd ref="11007" />
    <nd ref="11008" />
    <nd ref="11009" />
    <nd ref="11010" />
    <nd ref="11011" />
    <nd ref="11012" />
    <nd ref="11013" />
    <nd ref="11014" />
    <nd ref="11015" />
    <nd ref="11016" />
    <nd ref="11017" />
    <nd ref="11018" />
    <nd ref="11019" />
    <nd ref="11020" />
    <nd ref="11021" />
    <nd ref="11022" />
    <nd ref="11023" />
    <nd ref="11024" />
    <nd ref="11025" />
    <nd ref="11026" />
    <nd ref="11027" />
    <nd ref="11028" />
    <nd ref="11029" />
    <nd ref="11030" />
    <nd ref="11031" />
    <nd ref="11032" />
    <nd ref="11033" />
    <nd ref="11034" />
    <nd ref="11035" />
    <nd ref="11036" />
    <nd ref="11037" />
    <nd ref="11038" />
    <nd ref="11039" />
    <nd ref="11040" />
    <nd ref="11041" />
    <nd ref="11042" />
    <nd ref="11043" />
    <nd ref="11044" />
    <nd ref="11045" />
    <nd ref="11046" />
    <nd ref="11047" />
    <nd ref="11048" />
    <nd ref="11049" />
    <nd ref="11050" />
    <nd ref="11051" />
    <nd ref="11052" />
    <nd ref="11053" />
    <nd ref="11054" />
    <nd ref="11055" />
    <nd ref="11056" />
    <nd ref="11057" />
    <nd ref="11058" />
    <nd ref="11059" />
    <nd ref="11060" />
    <nd ref="11061" />
    <nd ref="11062" />
    <nd ref="11063" />
    <nd ref="11064" />
    <nd ref="11065" />
    <nd ref="11066" />
    <nd ref="11067" />
    <nd ref="11068" />
    <nd ref="11069" />
    <nd ref="11070" />
    <nd ref="11071" />
    <nd ref="11072" />
    <nd ref="11073" />
    <nd ref="11074" />
    <nd ref="11075" />
    <nd ref="11076" />
    <nd ref="11077" />
    <nd ref="11078" />
    <nd ref="11079" />
    <nd ref="11080" />
    <nd ref="11081" />
    <nd ref="11082" />
    <nd ref="11083" />
    <nd ref="11084" />
    <nd ref="11085" />
    <nd ref="11086" />
    <nd ref="11087" />
    <nd ref="11088" />
    <nd ref="11089" />
    <nd ref="11090" />
    <nd ref="11091" />
    <nd ref="11092" />
    <nd ref="11093" />
    <nd ref="11094" />
    <nd ref="11095" />
    <nd ref="11096" />
    <nd ref="11097" />
    <nd ref="11098" />
    <nd ref="11099" />
    <nd ref="11100" />
    <nd ref="11101" />
    <nd ref="11102" />
    <nd ref="11103" />
    <nd ref="11104" />
    <nd ref="11105" />
    <nd ref="11106" />
    <nd ref="11107" />
    <nd ref="11108" />
    <nd ref="11109" />
    <nd ref="11110" />
    <nd ref="11111" />
    <nd ref="11112" />
    <nd ref="11113" />
    <nd ref="11114" />
    <nd ref="11115" />
    <nd ref="11116" />
    <nd ref="11117" />
    <nd ref="11118" />
    <nd ref="11119" />
    <nd ref="11120" />
    <nd ref="11121" />
    <nd ref="11122" />
    <nd ref="11123" />
    <nd ref="11124" />
    <nd ref="11125" />
    <nd ref="11126" />
    <nd ref="11127" />
    <nd ref="11128" />
    <nd ref="11129" />
    <nd ref="11130" />
    <nd ref="11131" />
    <nd ref="11132" />
    <nd ref="11133" />
    <nd ref="11134" />
    <nd ref="11135" />
    <nd ref="11136" />
    <nd ref="11137" />
    <nd ref="11138" />
    <nd ref="11139" />
    <nd ref="11140" />
    <nd ref="11141" />
    <nd ref="11142" />
    <nd ref="11143" />
    <nd ref="11144" />
    <nd ref="11145" />
    <nd ref="11146" />
    <nd ref="11147" />
    <nd ref="11148" />
    <nd ref="11149" />
    <nd ref="11150" />
    <nd ref="11151" />
    <nd ref="11152" />
    <nd ref="11153" />
    <nd ref="11154" />
    <nd ref="11155" />
    <nd ref="11156" />
    <nd ref="11157" />
    <nd ref="11158" />
    <nd ref="11159" />
    <nd ref="11160" />
    <nd ref="11161" />
    <nd ref="11162" />
    <nd ref="11163" />
    <nd ref="11164" />
    <nd ref="11165" />
    <nd ref="11166" />
    <nd ref="11167" />
    <nd ref="11168" />
    <nd ref="11169" />
    <nd ref="11170" />
    <nd ref="11171" />
    <nd ref="11172" />
    <nd ref="11173" />
    <nd ref="11174" />
    <nd ref="11175" />
    <nd ref="11176" />
    <nd ref="11177" />
    <nd ref="11178" />
    <nd ref="11179" />
    <nd ref="11180" />
    <nd ref="11181" />
    <nd ref="11182" />
    <nd ref="11183" />
    <nd ref="11184" />
    <nd ref="11185" />
    <nd ref="11186" />
    <nd ref="11187" />
    <nd ref="11188" />
    <nd ref="11189" />
    <nd ref="11190" />
    <nd ref="11191" />
    <nd ref="11192" />
    <nd ref="11193" />
    <nd ref="11194" />
    <nd ref="11195" />
    <nd ref="11196" />
    <nd ref="11197" />
    <nd ref="11198" />
    <nd ref="11199" />
    <nd ref="11200" />
    <nd ref="11201" />
    <nd ref="11202" />
    <nd ref="11203" />
    <nd ref="11204" />
    <nd ref="11205" />
    <nd ref="11206" />
    <nd ref="11207" />
    <nd ref="11208" />
    <nd ref="11209" />
    <nd ref="11210" />
    <nd ref="11211" />
    <nd ref="11212" />
    <nd ref="11213" />
    <nd ref="11214" />
    <nd ref="11215" />
    <nd ref="11216" />
    <nd ref="11217" />
    <nd ref="11218" />
    <nd ref="11219" />
    <nd ref="11220" />
    <nd ref="11221" />
    <nd ref="11222" />
    <nd ref="11223" />
    <nd ref="11224" />
    <nd ref="11225" />
    <nd ref="11226" />
    <nd ref="11227" />
    <nd ref="11228" />
    <nd ref="11229" />
    <nd ref="11230" />
    <nd ref="11231" />
    <nd ref="11232" />
    <nd ref="11233" />
    <nd ref="11234" />
    <nd ref="11235" />
    <nd ref="11236" />
    <nd ref="11237" />
    <nd ref="11238" />
    <nd ref="11239" />
    <nd ref="11240" />
    <nd ref="11241" />
    <nd ref="11242" />
    <nd ref="11243" />
    <nd ref="11244" />
    <nd ref="11245" />
    <nd ref="11246" />
    <nd ref="11247" />
    <nd ref="11248" />
    <nd ref="11249" />
    <nd ref="11250" />
    <nd ref="11251" />
    <nd ref="11252" />
    <nd ref="11253" />
    <nd ref="11254" />
    <nd ref="11255" />
    <nd ref="11256" />
    <nd ref="11257" />
    <nd ref="11258" />
    <nd ref="11259" />
    <nd ref="11260" />
    <nd ref="11261" />
    <nd ref="11262" />
    <nd ref="11263" />
    <nd ref="11264" />
    <nd ref="11265" />
    <nd ref="11266" />
    <nd ref="11267" />
    <nd ref="11268" />
    <nd ref="11269" />
    <nd ref="11270" />
    <nd ref="11271" />
    <nd ref="11272" />
    <nd ref="11273" />
    <nd ref="11274" />
    <nd ref="11275" />
    <nd ref="11276" />
    <nd ref="11277" />
    <nd ref="11278" />
    <nd ref="11279" />
    <nd ref="11280" />
    <nd ref="11281" />
    <nd ref="11282" />
    <nd ref="11283" />
    <nd ref="11284" />
    <nd ref="11285" />
    <nd ref="11286" />
    <nd ref="11287" />
    <nd ref="11288" />
    <nd ref="11289" />
    <nd ref="11290" />
    <nd ref="11291" />
    <nd ref="11292" />
    <nd ref="11293" />
    <nd ref="11294" />
    <nd ref="11295" />
    <nd ref="11296" />
    <nd ref="11297" />
    <nd ref="11298" />
    <nd ref="11299" />
    <nd ref="11300" />
    <nd ref="11301" />
    <nd ref="11302" />
    <nd ref="11303" />
    <nd ref="11304" />
    <nd ref="11305" />
    <nd ref="11306" />
    <nd ref="11307" />
    <nd ref="11308" />
    <nd ref="11309" />
    <nd ref="11310" />
    <nd ref="11311" />
    <nd ref="11312" />
    <nd ref="11313" />
    <nd ref="11314" />
    <nd ref="11315" />
    <nd ref="11316" />
    <tag k="type" v="centerline" />
  </way>
  <way id="12171" visible="true" version="1">
    <nd ref="11318" />
    <nd ref="11319" />
    <nd ref="11320" />
    <nd ref="11321" />
    <nd ref="11322" />
    <nd ref="11323" />
    <nd ref="11324" />
    <nd ref="11325" />
    <nd ref="11326" />
    <nd ref="11327" />
    <nd ref="11328" />
    <nd ref="11329" />
    <nd ref="11330" />
    <nd ref="11331" />
    <nd ref="11332" />
    <nd ref="11333" />
    <nd ref="11334" />
    <nd ref="11335" />
    <nd ref="11336" />
    <nd ref="11337" />
    <nd ref="11338" />
    <nd ref="11339" />
    <nd ref="11340" />
    <nd ref="11341" />
    <nd ref="11342" />
    <nd ref="11343" />
    <nd ref="11344" />
    <nd ref="11345" />
    <nd ref="11346" />
    <nd ref="11347" />
    <nd ref="11348" />
    <nd ref="11349" />
    <nd ref="11350" />
    <nd ref="11351" />
    <nd ref="11352" />
    <nd ref="11353" />
    <nd ref="11354" />
    <nd ref="11355" />
    <nd ref="11356" />
    <nd ref="11357" />
    <nd ref="11358" />
    <nd ref="11359" />
    <nd ref="11360" />
    <nd ref="11361" />
    <nd ref="11362" />
    <nd ref="11363" />
    <nd ref="11364" />
    <nd ref="11365" />
    <nd ref="11366" />
    <nd ref="11367" />
    <nd ref="11368" />
    <nd ref="11369" />
    <nd ref="11370" />
    <nd ref="11371" />
    <nd ref="11372" />
    <nd ref="11373" />
    <nd ref="11374" />
    <nd ref="11375" />
    <nd ref="11376" />
    <nd ref="11377" />
    <nd ref="11378" />
    <nd ref="11379" />
    <nd ref="11380" />
    <nd ref="11381" />
    <nd ref="11382" />
    <nd ref="11383" />
    <nd ref="11384" />
    <nd ref="11385" />
    <nd ref="11386" />
    <nd ref="11387" />
    <nd ref="11388" />
    <nd ref="11389" />
    <nd ref="11390" />
    <nd ref="11391" />
    <nd ref="11392" />
    <nd ref="11393" />
    <nd ref="11394" />
    <nd ref="11395" />
    <nd ref="11396" />
    <nd ref="11397" />
    <nd ref="11398" />
    <nd ref="11399" />
    <nd ref="11400" />
    <nd ref="11401" />
    <nd ref="11402" />
    <nd ref="11403" />
    <nd ref="11404" />
    <nd ref="11405" />
    <nd ref="11406" />
    <nd ref="11407" />
    <nd ref="11408" />
    <nd ref="11409" />
    <nd ref="11410" />
    <nd ref="11411" />
    <nd ref="11412" />
    <nd ref="11413" />
    <nd ref="11414" />
    <nd ref="11415" />
    <nd ref="11416" />
    <nd ref="11417" />
    <nd ref="11418" />
    <nd ref="11419" />
    <nd ref="11420" />
    <nd ref="11421" />
    <nd ref="11422" />
    <nd ref="11423" />
    <nd ref="11424" />
    <nd ref="11425" />
    <nd ref="11426" />
    <nd ref="11427" />
    <nd ref="11428" />
    <nd ref="11429" />
    <nd ref="11430" />
    <nd ref="11431" />
    <nd ref="11432" />
    <nd ref="11433" />
    <nd ref="11434" />
    <nd ref="11435" />
    <nd ref="11436" />
    <nd ref="11437" />
    <nd ref="11438" />
    <nd ref="11439" />
    <nd ref="11440" />
    <nd ref="11441" />
    <nd ref="11442" />
    <nd ref="11443" />
    <nd ref="11444" />
    <nd ref="11445" />
    <nd ref="11446" />
    <nd ref="11447" />
    <nd ref="11448" />
    <nd ref="11449" />
    <nd ref="11450" />
    <nd ref="11451" />
    <nd ref="11452" />
    <nd ref="11453" />
    <nd ref="11454" />
    <nd ref="11455" />
    <nd ref="11456" />
    <nd ref="11457" />
    <nd ref="11458" />
    <nd ref="11459" />
    <nd ref="11460" />
    <nd ref="11461" />
    <nd ref="11462" />
    <nd ref="11463" />
    <nd ref="11464" />
    <nd ref="11465" />
    <nd ref="11466" />
    <nd ref="11467" />
    <nd ref="11468" />
    <nd ref="11469" />
    <nd ref="11470" />
    <nd ref="11471" />
    <nd ref="11472" />
    <nd ref="11473" />
    <nd ref="11474" />
    <nd ref="11475" />
    <nd ref="11476" />
    <nd ref="11477" />
    <nd ref="11478" />
    <nd ref="11479" />
    <nd ref="11480" />
    <nd ref="11481" />
    <nd ref="11482" />
    <nd ref="11483" />
    <nd ref="11484" />
    <nd ref="11485" />
    <nd ref="11486" />
    <nd ref="11487" />
    <nd ref="11488" />
    <nd ref="11489" />
    <nd ref="11490" />
    <nd ref="11491" />
    <nd ref="11492" />
    <nd ref="11493" />
    <nd ref="11494" />
    <nd ref="11495" />
    <nd ref="11496" />
    <nd ref="11497" />
    <nd ref="11498" />
    <nd ref="11499" />
    <nd ref="11500" />
    <nd ref="11501" />
    <nd ref="11502" />
    <nd ref="11503" />
    <nd ref="11504" />
    <nd ref="11505" />
    <nd ref="11506" />
    <nd ref="11507" />
    <nd ref="11508" />
    <nd ref="11509" />
    <nd ref="11510" />
    <nd ref="11511" />
    <nd ref="11512" />
    <nd ref="11513" />
    <nd ref="11514" />
    <nd ref="11515" />
    <nd ref="11516" />
    <nd ref="11517" />
    <nd ref="11518" />
    <nd ref="11519" />
    <nd ref="11520" />
    <nd ref="11521" />
    <nd ref="11522" />
    <nd ref="11523" />
    <nd ref="11524" />
    <nd ref="11525" />
    <nd ref="11526" />
    <nd ref="11527" />
    <nd ref="11528" />
    <nd ref="11529" />
    <nd ref="11530" />
    <nd ref="11531" />
    <nd ref="11532" />
    <nd ref="11533" />
    <nd ref="11534" />
    <nd ref="11535" />
    <nd ref="11536" />
    <nd ref="11537" />
    <nd ref="11538" />
    <nd ref="11539" />
    <nd ref="11540" />
    <nd ref="11541" />
    <nd ref="11542" />
    <nd ref="11543" />
    <nd ref="11544" />
    <nd ref="11545" />
    <nd ref="11546" />
    <nd ref="11547" />
    <nd ref="11548" />
    <nd ref="11549" />
    <nd ref="11550" />
    <nd ref="11551" />
    <nd ref="11552" />
    <nd ref="11553" />
    <nd ref="11554" />
    <nd ref="11555" />
    <nd ref="11556" />
    <nd ref="11557" />
    <nd ref="11558" />
    <nd ref="11559" />
    <nd ref="11560" />
    <nd ref="11561" />
    <nd ref="11562" />
    <nd ref="11563" />
    <nd ref="11564" />
    <nd ref="11565" />
    <nd ref="11566" />
    <nd ref="11567" />
    <nd ref="11568" />
    <nd ref="11569" />
    <nd ref="11570" />
    <nd ref="11571" />
    <nd ref="11572" />
    <nd ref="11573" />
    <nd ref="11574" />
    <nd ref="11575" />
    <nd ref="11576" />
    <nd ref="11577" />
    <nd ref="11578" />
    <nd ref="11579" />
    <nd ref="11580" />
    <nd ref="11581" />
    <nd ref="11582" />
    <nd ref="11583" />
    <nd ref="11584" />
    <nd ref="11585" />
    <nd ref="11586" />
    <nd ref="11587" />
    <nd ref="11588" />
    <nd ref="11589" />
    <nd ref="11590" />
    <nd ref="11591" />
    <nd ref="11592" />
    <nd ref="11593" />
    <nd ref="11594" />
    <nd ref="11595" />
    <nd ref="11596" />
    <nd ref="11597" />
    <nd ref="11598" />
    <nd ref="11599" />
    <nd ref="11600" />
    <nd ref="11601" />
    <nd ref="11602" />
    <nd ref="11603" />
    <nd ref="11604" />
    <nd ref="11605" />
    <nd ref="11606" />
    <nd ref="11607" />
    <nd ref="11608" />
    <nd ref="11609" />
    <nd ref="11610" />
    <nd ref="11611" />
    <nd ref="11612" />
    <nd ref="11613" />
    <nd ref="11614" />
    <nd ref="11615" />
    <nd ref="11616" />
    <nd ref="11617" />
    <nd ref="11618" />
    <nd ref="11619" />
    <nd ref="11620" />
    <nd ref="11621" />
    <nd ref="11622" />
    <nd ref="11623" />
    <nd ref="11624" />
    <nd ref="11625" />
    <nd ref="11626" />
    <nd ref="11627" />
    <nd ref="11628" />
    <nd ref="11629" />
    <nd ref="11630" />
    <nd ref="11631" />
    <nd ref="11632" />
    <nd ref="11633" />
    <nd ref="11634" />
    <nd ref="11635" />
    <nd ref="11636" />
    <nd ref="11637" />
    <nd ref="11638" />
    <nd ref="11639" />
    <nd ref="11640" />
    <nd ref="11641" />
    <nd ref="11642" />
    <nd ref="11643" />
    <nd ref="11644" />
    <nd ref="11645" />
    <nd ref="11646" />
    <nd ref="11647" />
    <nd ref="11648" />
    <nd ref="11649" />
    <nd ref="11650" />
    <nd ref="11651" />
    <nd ref="11652" />
    <nd ref="11653" />
    <nd ref="11654" />
    <nd ref="11655" />
    <nd ref="11656" />
    <nd ref="11657" />
    <nd ref="11658" />
    <nd ref="11659" />
    <nd ref="11660" />
    <nd ref="11661" />
    <nd ref="11662" />
    <nd ref="11663" />
    <nd ref="11664" />
    <nd ref="11665" />
    <nd ref="11666" />
    <nd ref="11667" />
    <nd ref="11668" />
    <nd ref="11669" />
    <nd ref="11670" />
    <nd ref="11671" />
    <nd ref="11672" />
    <nd ref="11673" />
    <nd ref="11674" />
    <nd ref="11675" />
    <nd ref="11676" />
    <nd ref="11677" />
    <nd ref="11678" />
    <nd ref="11679" />
    <nd ref="11680" />
    <nd ref="11681" />
    <nd ref="11682" />
    <nd ref="11683" />
    <nd ref="11684" />
    <nd ref="11685" />
    <nd ref="11686" />
    <nd ref="11687" />
    <nd ref="11688" />
    <nd ref="11689" />
    <nd ref="11690" />
    <nd ref="11691" />
    <nd ref="11692" />
    <nd ref="11693" />
    <nd ref="11694" />
    <nd ref="11695" />
    <nd ref="11696" />
    <nd ref="11697" />
    <nd ref="11698" />
    <nd ref="11699" />
    <nd ref="11700" />
    <nd ref="11701" />
    <nd ref="11702" />
    <nd ref="11703" />
    <nd ref="11704" />
    <nd ref="11705" />
    <nd ref="11706" />
    <nd ref="11707" />
    <nd ref="11708" />
    <nd ref="11709" />
    <nd ref="11710" />
    <nd ref="11711" />
    <nd ref="11712" />
    <nd ref="11713" />
    <nd ref="11714" />
    <nd ref="11715" />
    <nd ref="11716" />
    <nd ref="11717" />
    <nd ref="11718" />
    <nd ref="11719" />
    <nd ref="11720" />
    <nd ref="11721" />
    <nd ref="11722" />
    <nd ref="11723" />
    <nd ref="11724" />
    <nd ref="11725" />
    <nd ref="11726" />
    <nd ref="11727" />
    <nd ref="11728" />
    <nd ref="11729" />
    <nd ref="11730" />
    <nd ref="11731" />
    <nd ref="11732" />
    <nd ref="11733" />
    <nd ref="11734" />
    <nd ref="11735" />
    <nd ref="11736" />
    <nd ref="11737" />
    <nd ref="11738" />
    <nd ref="11739" />
    <nd ref="11740" />
    <nd ref="11741" />
    <nd ref="11742" />
    <nd ref="11743" />
    <nd ref="11744" />
    <nd ref="11745" />
    <nd ref="11746" />
    <nd ref="11747" />
    <nd ref="11748" />
    <nd ref="11749" />
    <nd ref="11750" />
    <nd ref="11751" />
    <nd ref="11752" />
    <nd ref="11753" />
    <nd ref="11754" />
    <nd ref="11755" />
    <nd ref="11756" />
    <nd ref="11757" />
    <nd ref="11758" />
    <nd ref="11759" />
    <nd ref="11760" />
    <nd ref="11761" />
    <nd ref="11762" />
    <nd ref="11763" />
    <nd ref="11764" />
    <nd ref="11765" />
    <nd ref="11766" />
    <nd ref="11767" />
    <nd ref="11768" />
    <nd ref="11769" />
    <nd ref="11770" />
    <nd ref="11771" />
    <nd ref="11772" />
    <nd ref="11773" />
    <nd ref="11774" />
    <nd ref="11775" />
    <nd ref="11776" />
    <nd ref="11777" />
    <nd ref="11778" />
    <nd ref="11779" />
    <nd ref="11780" />
    <nd ref="11781" />
    <nd ref="11782" />
    <nd ref="11783" />
    <nd ref="11784" />
    <nd ref="11785" />
    <nd ref="11786" />
    <nd ref="11787" />
    <nd ref="11788" />
    <nd ref="11789" />
    <nd ref="11790" />
    <nd ref="11791" />
    <nd ref="11792" />
    <nd ref="11793" />
    <nd ref="11794" />
    <nd ref="11795" />
    <nd ref="11796" />
    <nd ref="11797" />
    <nd ref="11798" />
    <nd ref="11799" />
    <nd ref="11800" />
    <nd ref="11801" />
    <nd ref="11802" />
    <nd ref="11803" />
    <nd ref="11804" />
    <nd ref="11805" />
    <nd ref="11806" />
    <nd ref="11807" />
    <nd ref="11808" />
    <nd ref="11809" />
    <nd ref="11810" />
    <nd ref="11811" />
    <nd ref="11812" />
    <nd ref="11813" />
    <nd ref="11814" />
    <nd ref="11815" />
    <nd ref="11816" />
    <nd ref="11817" />
    <nd ref="11818" />
    <nd ref="11819" />
    <nd ref="11820" />
    <nd ref="11821" />
    <nd ref="11822" />
    <nd ref="11823" />
    <nd ref="11824" />
    <nd ref="11825" />
    <nd ref="11826" />
    <nd ref="11827" />
    <nd ref="11828" />
    <nd ref="11829" />
    <nd ref="11830" />
    <nd ref="11831" />
    <nd ref="11832" />
    <nd ref="11833" />
    <nd ref="11834" />
    <nd ref="11835" />
    <nd ref="11836" />
    <nd ref="11837" />
    <nd ref="11838" />
    <nd ref="11839" />
    <nd ref="11840" />
    <nd ref="11841" />
    <nd ref="11842" />
    <nd ref="11843" />
    <nd ref="11844" />
    <nd ref="11845" />
    <nd ref="11846" />
    <nd ref="11847" />
    <nd ref="11848" />
    <nd ref="11849" />
    <nd ref="11850" />
    <nd ref="11851" />
    <nd ref="11852" />
    <nd ref="11853" />
    <nd ref="11854" />
    <nd ref="11855" />
    <nd ref="11856" />
    <nd ref="11857" />
    <nd ref="11858" />
    <nd ref="11859" />
    <nd ref="11860" />
    <nd ref="11861" />
    <nd ref="11862" />
    <nd ref="11863" />
    <nd ref="11864" />
    <nd ref="11865" />
    <nd ref="11866" />
    <nd ref="11867" />
    <nd ref="11868" />
    <nd ref="11869" />
    <nd ref="11870" />
    <nd ref="11871" />
    <nd ref="11872" />
    <nd ref="11873" />
    <nd ref="11874" />
    <nd ref="11875" />
    <nd ref="11876" />
    <nd ref="11877" />
    <nd ref="11878" />
    <nd ref="11879" />
    <nd ref="11880" />
    <nd ref="11881" />
    <nd ref="11882" />
    <nd ref="11883" />
    <nd ref="11884" />
    <nd ref="11885" />
    <nd ref="11886" />
    <nd ref="11887" />
    <nd ref="11888" />
    <nd ref="11889" />
    <nd ref="11890" />
    <nd ref="11891" />
    <nd ref="11892" />
    <nd ref="11893" />
    <nd ref="11894" />
    <nd ref="11895" />
    <nd ref="11896" />
    <nd ref="11897" />
    <nd ref="11898" />
    <nd ref="11899" />
    <nd ref="11900" />
    <nd ref="11901" />
    <nd ref="11902" />
    <nd ref="11903" />
    <nd ref="11904" />
    <nd ref="11905" />
    <nd ref="11906" />
    <nd ref="11907" />
    <nd ref="11908" />
    <nd ref="11909" />
    <nd ref="11910" />
    <nd ref="11911" />
    <nd ref="11912" />
    <nd ref="11913" />
    <nd ref="11914" />
    <nd ref="11915" />
    <nd ref="11916" />
    <nd ref="11917" />
    <nd ref="11918" />
    <nd ref="11919" />
    <nd ref="11920" />
    <nd ref="11921" />
    <nd ref="11922" />
    <nd ref="11923" />
    <nd ref="11924" />
    <nd ref="11925" />
    <nd ref="11926" />
    <nd ref="11927" />
    <nd ref="11928" />
    <nd ref="11929" />
    <nd ref="11930" />
    <nd ref="11931" />
    <nd ref="11932" />
    <nd ref="11933" />
    <nd ref="11934" />
    <nd ref="11935" />
    <nd ref="11936" />
    <nd ref="11937" />
    <nd ref="11938" />
    <nd ref="11939" />
    <nd ref="11940" />
    <nd ref="11941" />
    <nd ref="11942" />
    <nd ref="11943" />
    <nd ref="11944" />
    <nd ref="11945" />
    <nd ref="11946" />
    <nd ref="11947" />
    <nd ref="11948" />
    <nd ref="11949" />
    <nd ref="11950" />
    <nd ref="11951" />
    <nd ref="11952" />
    <nd ref="11953" />
    <nd ref="11954" />
    <nd ref="11955" />
    <nd ref="11956" />
    <nd ref="11957" />
    <nd ref="11958" />
    <nd ref="11959" />
    <nd ref="11960" />
    <nd ref="11961" />
    <nd ref="11962" />
    <nd ref="11963" />
    <nd ref="11964" />
    <nd ref="11965" />
    <nd ref="11966" />
    <nd ref="11967" />
    <nd ref="11968" />
    <nd ref="11969" />
    <nd ref="11970" />
    <nd ref="11971" />
    <nd ref="11972" />
    <nd ref="11973" />
    <nd ref="11974" />
    <nd ref="11975" />
    <nd ref="11976" />
    <nd ref="11977" />
    <nd ref="11978" />
    <nd ref="11979" />
    <nd ref="11980" />
    <nd ref="11981" />
    <nd ref="11982" />
    <nd ref="11983" />
    <nd ref="11984" />
    <nd ref="11985" />
    <nd ref="11986" />
    <nd ref="11987" />
    <nd ref="11988" />
    <nd ref="11989" />
    <nd ref="11990" />
    <nd ref="11991" />
    <nd ref="11992" />
    <nd ref="11993" />
    <nd ref="11994" />
    <nd ref="11995" />
    <nd ref="11996" />
    <nd ref="11997" />
    <nd ref="11998" />
    <nd ref="11999" />
    <nd ref="12000" />
    <nd ref="12001" />
    <nd ref="12002" />
    <nd ref="12003" />
    <nd ref="12004" />
    <nd ref="12005" />
    <nd ref="12006" />
    <nd ref="12007" />
    <nd ref="12008" />
    <nd ref="12009" />
    <nd ref="12010" />
    <nd ref="12011" />
    <nd ref="12012" />
    <nd ref="12013" />
    <nd ref="12014" />
    <nd ref="12015" />
    <nd ref="12016" />
    <nd ref="12017" />
    <nd ref="12018" />
    <nd ref="12019" />
    <nd ref="12020" />
    <nd ref="12021" />
    <nd ref="12022" />
    <nd ref="12023" />
    <nd ref="12024" />
    <nd ref="12025" />
    <nd ref="12026" />
    <nd ref="12027" />
    <nd ref="12028" />
    <nd ref="12029" />
    <nd ref="12030" />
    <nd ref="12031" />
    <nd ref="12032" />
    <nd ref="12033" />
    <nd ref="12034" />
    <nd ref="12035" />
    <nd ref="12036" />
    <nd ref="12037" />
    <nd ref="12038" />
    <nd ref="12039" />
    <nd ref="12040" />
    <nd ref="12041" />
    <nd ref="12042" />
    <nd ref="12043" />
    <nd ref="12044" />
    <nd ref="12045" />
    <nd ref="12046" />
    <nd ref="12047" />
    <nd ref="12048" />
    <nd ref="12049" />
    <nd ref="12050" />
    <nd ref="12051" />
    <nd ref="12052" />
    <nd ref="12053" />
    <nd ref="12054" />
    <nd ref="12055" />
    <nd ref="12056" />
    <nd ref="12057" />
    <nd ref="12058" />
    <nd ref="12059" />
    <nd ref="12060" />
    <nd ref="12061" />
    <nd ref="12062" />
    <nd ref="12063" />
    <nd ref="12064" />
    <nd ref="12065" />
    <nd ref="12066" />
    <nd ref="12067" />
    <nd ref="12068" />
    <nd ref="12069" />
    <nd ref="12070" />
    <nd ref="12071" />
    <nd ref="12072" />
    <nd ref="12073" />
    <nd ref="12074" />
    <nd ref="12075" />
    <nd ref="12076" />
    <nd ref="12077" />
    <nd ref="12078" />
    <nd ref="12079" />
    <nd ref="12080" />
    <nd ref="12081" />
    <nd ref="12082" />
    <nd ref="12083" />
    <nd ref="12084" />
    <nd ref="12085" />
    <nd ref="12086" />
    <nd ref="12087" />
    <nd ref="12088" />
    <nd ref="12089" />
    <nd ref="12090" />
    <nd ref="12091" />
    <nd ref="12092" />
    <nd ref="12093" />
    <nd ref="12094" />
    <nd ref="12095" />
    <nd ref="12096" />
    <nd ref="12097" />
    <nd ref="12098" />
    <nd ref="12099" />
    <nd ref="12100" />
    <nd ref="12101" />
    <nd ref="12102" />
    <nd ref="12103" />
    <nd ref="12104" />
    <nd ref="12105" />
    <nd ref="12106" />
    <nd ref="12107" />
    <nd ref="12108" />
    <nd ref="12109" />
    <nd ref="12110" />
    <nd ref="12111" />
    <nd ref="12112" />
    <nd ref="12113" />
    <nd ref="12114" />
    <nd ref="12115" />
    <nd ref="12116" />
    <nd ref="12117" />
    <nd ref="12118" />
    <nd ref="12119" />
    <nd ref="12120" />
    <nd ref="12121" />
    <nd ref="12122" />
    <nd ref="12123" />
    <nd ref="12124" />
    <nd ref="12125" />
    <nd ref="12126" />
    <nd ref="12127" />
    <nd ref="12128" />
    <nd ref="12129" />
    <nd ref="12130" />
    <nd ref="12131" />
    <nd ref="12132" />
    <nd ref="12133" />
    <nd ref="12134" />
    <nd ref="12135" />
    <nd ref="12136" />
    <nd ref="12137" />
    <nd ref="12138" />
    <nd ref="12139" />
    <nd ref="12140" />
    <nd ref="12141" />
    <nd ref="12142" />
    <nd ref="12143" />
    <nd ref="12144" />
    <nd ref="12145" />
    <nd ref="12146" />
    <nd ref="12147" />
    <nd ref="12148" />
    <nd ref="12149" />
    <nd ref="12150" />
    <nd ref="12151" />
    <nd ref="12152" />
    <nd ref="12153" />
    <nd ref="12154" />
    <nd ref="12155" />
    <nd ref="12156" />
    <nd ref="12157" />
    <nd ref="12158" />
    <nd ref="12159" />
    <nd ref="12160" />
    <nd ref="12161" />
    <nd ref="12162" />
    <nd ref="12163" />
    <nd ref="12164" />
    <nd ref="12165" />
    <nd ref="12166" />
    <nd ref="12167" />
    <nd ref="12168" />
    <nd ref="12169" />
    <nd ref="12170" />
    <tag k="subtype" v="dashed" />
    <tag k="type" v="line_thin" />
  </way>
  <way id="13025" visible="true" version="1">
    <nd ref="12172" />
    <nd ref="12173" />
    <nd ref="12174" />
    <nd ref="12175" />
    <nd ref="12176" />
    <nd ref="12177" />
    <nd ref="12178" />
    <nd ref="12179" />
    <nd ref="12180" />
    <nd ref="12181" />
    <nd ref="12182" />
    <nd ref="12183" />
    <nd ref="12184" />
    <nd ref="12185" />
    <nd ref="12186" />
    <nd ref="12187" />
    <nd ref="12188" />
    <nd ref="12189" />
    <nd ref="12190" />
    <nd ref="12191" />
    <nd ref="12192" />
    <nd ref="12193" />
    <nd ref="12194" />
    <nd ref="12195" />
    <nd ref="12196" />
    <nd ref="12197" />
    <nd ref="12198" />
    <nd ref="12199" />
    <nd ref="12200" />
    <nd ref="12201" />
    <nd ref="12202" />
    <nd ref="12203" />
    <nd ref="12204" />
    <nd ref="12205" />
    <nd ref="12206" />
    <nd ref="12207" />
    <nd ref="12208" />
    <nd ref="12209" />
    <nd ref="12210" />
    <nd ref="12211" />
    <nd ref="12212" />
    <nd ref="12213" />
    <nd ref="12214" />
    <nd ref="12215" />
    <nd ref="12216" />
    <nd ref="12217" />
    <nd ref="12218" />
    <nd ref="12219" />
    <nd ref="12220" />
    <nd ref="12221" />
    <nd ref="12222" />
    <nd ref="12223" />
    <nd ref="12224" />
    <nd ref="12225" />
    <nd ref="12226" />
    <nd ref="12227" />
    <nd ref="12228" />
    <nd ref="12229" />
    <nd ref="12230" />
    <nd ref="12231" />
    <nd ref="12232" />
    <nd ref="12233" />
    <nd ref="12234" />
    <nd ref="12235" />
    <nd ref="12236" />
    <nd ref="12237" />
    <nd ref="12238" />
    <nd ref="12239" />
    <nd ref="12240" />
    <nd ref="12241" />
    <nd ref="12242" />
    <nd ref="12243" />
    <nd ref="12244" />
    <nd ref="12245" />
    <nd ref="12246" />
    <nd ref="12247" />
    <nd ref="12248" />
    <nd ref="12249" />
    <nd ref="12250" />
    <nd ref="12251" />
    <nd ref="12252" />
    <nd ref="12253" />
    <nd ref="12254" />
    <nd ref="12255" />
    <nd ref="12256" />
    <nd ref="12257" />
    <nd ref="12258" />
    <nd ref="12259" />
    <nd ref="12260" />
    <nd ref="12261" />
    <nd ref="12262" />
    <nd ref="12263" />
    <nd ref="12264" />
    <nd ref="12265" />
    <nd ref="12266" />
    <nd ref="12267" />
    <nd ref="12268" />
    <nd ref="12269" />
    <nd ref="12270" />
    <nd ref="12271" />
    <nd ref="12272" />
    <nd ref="12273" />
    <nd ref="12274" />
    <nd ref="12275" />
    <nd ref="12276" />
    <nd ref="12277" />
    <nd ref="12278" />
    <nd ref="12279" />
    <nd ref="12280" />
    <nd ref="12281" />
    <nd ref="12282" />
    <nd ref="12283" />
    <nd ref="12284" />
    <nd ref="12285" />
    <nd ref="12286" />
    <nd ref="12287" />
    <nd ref="12288" />
    <nd ref="12289" />
    <nd ref="12290" />
    <nd ref="12291" />
    <nd ref="12292" />
    <nd ref="12293" />
    <nd ref="12294" />
    <nd ref="12295" />
    <nd ref="12296" />
    <nd ref="12297" />
    <nd ref="12298" />
    <nd ref="12299" />
    <nd ref="12300" />
    <nd ref="12301" />
    <nd ref="12302" />
    <nd ref="12303" />
    <nd ref="12304" />
    <nd ref="12305" />
    <nd ref="12306" />
    <nd ref="12307" />
    <nd ref="12308" />
    <nd ref="12309" />
    <nd ref="12310" />
    <nd ref="12311" />
    <nd ref="12312" />
    <nd ref="12313" />
    <nd ref="12314" />
    <nd ref="12315" />
    <nd ref="12316" />
    <nd ref="12317" />
    <nd ref="12318" />
    <nd ref="12319" />
    <nd ref="12320" />
    <nd ref="12321" />
    <nd ref="12322" />
    <nd ref="12323" />
    <nd ref="12324" />
    <nd ref="12325" />
    <nd ref="12326" />
    <nd ref="12327" />
    <nd ref="12328" />
    <nd ref="12329" />
    <nd ref="12330" />
    <nd ref="12331" />
    <nd ref="12332" />
    <nd ref="12333" />
    <nd ref="12334" />
    <nd ref="12335" />
    <nd ref="12336" />
    <nd ref="12337" />
    <nd ref="12338" />
    <nd ref="12339" />
    <nd ref="12340" />
    <nd ref="12341" />
    <nd ref="12342" />
    <nd ref="12343" />
    <nd ref="12344" />
    <nd ref="12345" />
    <nd ref="12346" />
    <nd ref="12347" />
    <nd ref="12348" />
    <nd ref="12349" />
    <nd ref="12350" />
    <nd ref="12351" />
    <nd ref="12352" />
    <nd ref="12353" />
    <nd ref="12354" />
    <nd ref="12355" />
    <nd ref="12356" />
    <nd ref="12357" />
    <nd ref="12358" />
    <nd ref="12359" />
    <nd ref="12360" />
    <nd ref="12361" />
    <nd ref="12362" />
    <nd ref="12363" />
    <nd ref="12364" />
    <nd ref="12365" />
    <nd ref="12366" />
    <nd ref="12367" />
    <nd ref="12368" />
    <nd ref="12369" />
    <nd ref="12370" />
    <nd ref="12371" />
    <nd ref="12372" />
    <nd ref="12373" />
    <nd ref="12374" />
    <nd ref="12375" />
    <nd ref="12376" />
    <nd ref="12377" />
    <nd ref="12378" />
    <nd ref="12379" />
    <nd ref="12380" />
    <nd ref="12381" />
    <nd ref="12382" />
    <nd ref="12383" />
    <nd ref="12384" />
    <nd ref="12385" />
    <nd ref="12386" />
    <nd ref="12387" />
    <nd ref="12388" />
    <nd ref="12389" />
    <nd ref="12390" />
    <nd ref="12391" />
    <nd ref="12392" />
    <nd ref="12393" />
    <nd ref="12394" />
    <nd ref="12395" />
    <nd ref="12396" />
    <nd ref="12397" />
    <nd ref="12398" />
    <nd ref="12399" />
    <nd ref="12400" />
    <nd ref="12401" />
    <nd ref="12402" />
    <nd ref="12403" />
    <nd ref="12404" />
    <nd ref="12405" />
    <nd ref="12406" />
    <nd ref="12407" />
    <nd ref="12408" />
    <nd ref="12409" />
    <nd ref="12410" />
    <nd ref="12411" />
    <nd ref="12412" />
    <nd ref="12413" />
    <nd ref="12414" />
    <nd ref="12415" />
    <nd ref="12416" />
    <nd ref="12417" />
    <nd ref="12418" />
    <nd ref="12419" />
    <nd ref="12420" />
    <nd ref="12421" />
    <nd ref="12422" />
    <nd ref="12423" />
    <nd ref="12424" />
    <nd ref="12425" />
    <nd ref="12426" />
    <nd ref="12427" />
    <nd ref="12428" />
    <nd ref="12429" />
    <nd ref="12430" />
    <nd ref="12431" />
    <nd ref="12432" />
    <nd ref="12433" />
    <nd ref="12434" />
    <nd ref="12435" />
    <nd ref="12436" />
    <nd ref="12437" />
    <nd ref="12438" />
    <nd ref="12439" />
    <nd ref="12440" />
    <nd ref="12441" />
    <nd ref="12442" />
    <nd ref="12443" />
    <nd ref="12444" />
    <nd ref="12445" />
    <nd ref="12446" />
    <nd ref="12447" />
    <nd ref="12448" />
    <nd ref="12449" />
    <nd ref="12450" />
    <nd ref="12451" />
    <nd ref="12452" />
    <nd ref="12453" />
    <nd ref="12454" />
    <nd ref="12455" />
    <nd ref="12456" />
    <nd ref="12457" />
    <nd ref="12458" />
    <nd ref="12459" />
    <nd ref="12460" />
    <nd ref="12461" />
    <nd ref="12462" />
    <nd ref="12463" />
    <nd ref="12464" />
    <nd ref="12465" />
    <nd ref="12466" />
    <nd ref="12467" />
    <nd ref="12468" />
    <nd ref="12469" />
    <nd ref="12470" />
    <nd ref="12471" />
    <nd ref="12472" />
    <nd ref="12473" />
    <nd ref="12474" />
    <nd ref="12475" />
    <nd ref="12476" />
    <nd ref="12477" />
    <nd ref="12478" />
    <nd ref="12479" />
    <nd ref="12480" />
    <nd ref="12481" />
    <nd ref="12482" />
    <nd ref="12483" />
    <nd ref="12484" />
    <nd ref="12485" />
    <nd ref="12486" />
    <nd ref="12487" />
    <nd ref="12488" />
    <nd ref="12489" />
    <nd ref="12490" />
    <nd ref="12491" />
    <nd ref="12492" />
    <nd ref="12493" />
    <nd ref="12494" />
    <nd ref="12495" />
    <nd ref="12496" />
    <nd ref="12497" />
    <nd ref="12498" />
    <nd ref="12499" />
    <nd ref="12500" />
    <nd ref="12501" />
    <nd ref="12502" />
    <nd ref="12503" />
    <nd ref="12504" />
    <nd ref="12505" />
    <nd ref="12506" />
    <nd ref="12507" />
    <nd ref="12508" />
    <nd ref="12509" />
    <nd ref="12510" />
    <nd ref="12511" />
    <nd ref="12512" />
    <nd ref="12513" />
    <nd ref="12514" />
    <nd ref="12515" />
    <nd ref="12516" />
    <nd ref="12517" />
    <nd ref="12518" />
    <nd ref="12519" />
    <nd ref="12520" />
    <nd ref="12521" />
    <nd ref="12522" />
    <nd ref="12523" />
    <nd ref="12524" />
    <nd ref="12525" />
    <nd ref="12526" />
    <nd ref="12527" />
    <nd ref="12528" />
    <nd ref="12529" />
    <nd ref="12530" />
    <nd ref="12531" />
    <nd ref="12532" />
    <nd ref="12533" />
    <nd ref="12534" />
    <nd ref="12535" />
    <nd ref="12536" />
    <nd ref="12537" />
    <nd ref="12538" />
    <nd ref="12539" />
    <nd ref="12540" />
    <nd ref="12541" />
    <nd ref="12542" />
    <nd ref="12543" />
    <nd ref="12544" />
    <nd ref="12545" />
    <nd ref="12546" />
    <nd ref="12547" />
    <nd ref="12548" />
    <nd ref="12549" />
    <nd ref="12550" />
    <nd ref="12551" />
    <nd ref="12552" />
    <nd ref="12553" />
    <nd ref="12554" />
    <nd ref="12555" />
    <nd ref="12556" />
    <nd ref="12557" />
    <nd ref="12558" />
    <nd ref="12559" />
    <nd ref="12560" />
    <nd ref="12561" />
    <nd ref="12562" />
    <nd ref="12563" />
    <nd ref="12564" />
    <nd ref="12565" />
    <nd ref="12566" />
    <nd ref="12567" />
    <nd ref="12568" />
    <nd ref="12569" />
    <nd ref="12570" />
    <nd ref="12571" />
    <nd ref="12572" />
    <nd ref="12573" />
    <nd ref="12574" />
    <nd ref="12575" />
    <nd ref="12576" />
    <nd ref="12577" />
    <nd ref="12578" />
    <nd ref="12579" />
    <nd ref="12580" />
    <nd ref="12581" />
    <nd ref="12582" />
    <nd ref="12583" />
    <nd ref="12584" />
    <nd ref="12585" />
    <nd ref="12586" />
    <nd ref="12587" />
    <nd ref="12588" />
    <nd ref="12589" />
    <nd ref="12590" />
    <nd ref="12591" />
    <nd ref="12592" />
    <nd ref="12593" />
    <nd ref="12594" />
    <nd ref="12595" />
    <nd ref="12596" />
    <nd ref="12597" />
    <nd ref="12598" />
    <nd ref="12599" />
    <nd ref="12600" />
    <nd ref="12601" />
    <nd ref="12602" />
    <nd ref="12603" />
    <nd ref="12604" />
    <nd ref="12605" />
    <nd ref="12606" />
    <nd ref="12607" />
    <nd ref="12608" />
    <nd ref="12609" />
    <nd ref="12610" />
    <nd ref="12611" />
    <nd ref="12612" />
    <nd ref="12613" />
    <nd ref="12614" />
    <nd ref="12615" />
    <nd ref="12616" />
    <nd ref="12617" />
    <nd ref="12618" />
    <nd ref="12619" />
    <nd ref="12620" />
    <nd ref="12621" />
    <nd ref="12622" />
    <nd ref="12623" />
    <nd ref="12624" />
    <nd ref="12625" />
    <nd ref="12626" />
    <nd ref="12627" />
    <nd ref="12628" />
    <nd ref="12629" />
    <nd ref="12630" />
    <nd ref="12631" />
    <nd ref="12632" />
    <nd ref="12633" />
    <nd ref="12634" />
    <nd ref="12635" />
    <nd ref="12636" />
    <nd ref="12637" />
    <nd ref="12638" />
    <nd ref="12639" />
    <nd ref="12640" />
    <nd ref="12641" />
    <nd ref="12642" />
    <nd ref="12643" />
    <nd ref="12644" />
    <nd ref="12645" />
    <nd ref="12646" />
    <nd ref="12647" />
    <nd ref="12648" />
    <nd ref="12649" />
    <nd ref="12650" />
    <nd ref="12651" />
    <nd ref="12652" />
    <nd ref="12653" />
    <nd ref="12654" />
    <nd ref="12655" />
    <nd ref="12656" />
    <nd ref="12657" />
    <nd ref="12658" />
    <nd ref="12659" />
    <nd ref="12660" />
    <nd ref="12661" />
    <nd ref="12662" />
    <nd ref="12663" />
    <nd ref="12664" />
    <nd ref="12665" />
    <nd ref="12666" />
    <nd ref="12667" />
    <nd ref="12668" />
    <nd ref="12669" />
    <nd ref="12670" />
    <nd ref="12671" />
    <nd ref="12672" />
    <nd ref="12673" />
    <nd ref="12674" />
    <nd ref="12675" />
    <nd ref="12676" />
    <nd ref="12677" />
    <nd ref="12678" />
    <nd ref="12679" />
    <nd ref="12680" />
    <nd ref="12681" />
    <nd ref="12682" />
    <nd ref="12683" />
    <nd ref="12684" />
    <nd ref="12685" />
    <nd ref="12686" />
    <nd ref="12687" />
    <nd ref="12688" />
    <nd ref="12689" />
    <nd ref="12690" />
    <nd ref="12691" />
    <nd ref="12692" />
    <nd ref="12693" />
    <nd ref="12694" />
    <nd ref="12695" />
    <nd ref="12696" />
    <nd ref="12697" />
    <nd ref="12698" />
    <nd ref="12699" />
    <nd ref="12700" />
    <nd ref="12701" />
    <nd ref="12702" />
    <nd ref="12703" />
    <nd ref="12704" />
    <nd ref="12705" />
    <nd ref="12706" />
    <nd ref="12707" />
    <nd ref="12708" />
    <nd ref="12709" />
    <nd ref="12710" />
    <nd ref="12711" />
    <nd ref="12712" />
    <nd ref="12713" />
    <nd ref="12714" />
    <nd ref="12715" />
    <nd ref="12716" />
    <nd ref="12717" />
    <nd ref="12718" />
    <nd ref="12719" />
    <nd ref="12720" />
    <nd ref="12721" />
    <nd ref="12722" />
    <nd ref="12723" />
    <nd ref="12724" />
    <nd ref="12725" />
    <nd ref="12726" />
    <nd ref="12727" />
    <nd ref="12728" />
    <nd ref="12729" />
    <nd ref="12730" />
    <nd ref="12731" />
    <nd ref="12732" />
    <nd ref="12733" />
    <nd ref="12734" />
    <nd ref="12735" />
    <nd ref="12736" />
    <nd ref="12737" />
    <nd ref="12738" />
    <nd ref="12739" />
    <nd ref="12740" />
    <nd ref="12741" />
    <nd ref="12742" />
    <nd ref="12743" />
    <nd ref="12744" />
    <nd ref="12745" />
    <nd ref="12746" />
    <nd ref="12747" />
    <nd ref="12748" />
    <nd ref="12749" />
    <nd ref="12750" />
    <nd ref="12751" />
    <nd ref="12752" />
    <nd ref="12753" />
    <nd ref="12754" />
    <nd ref="12755" />
    <nd ref="12756" />
    <nd ref="12757" />
    <nd ref="12758" />
    <nd ref="12759" />
    <nd ref="12760" />
    <nd ref="12761" />
    <nd ref="12762" />
    <nd ref="12763" />
    <nd ref="12764" />
    <nd ref="12765" />
    <nd ref="12766" />
    <nd ref="12767" />
    <nd ref="12768" />
    <nd ref="12769" />
    <nd ref="12770" />
    <nd ref="12771" />
    <nd ref="12772" />
    <nd ref="12773" />
    <nd ref="12774" />
    <nd ref="12775" />
    <nd ref="12776" />
    <nd ref="12777" />
    <nd ref="12778" />
    <nd ref="12779" />
    <nd ref="12780" />
    <nd ref="12781" />
    <nd ref="12782" />
    <nd ref="12783" />
    <nd ref="12784" />
    <nd ref="12785" />
    <nd ref="12786" />
    <nd ref="12787" />
    <nd ref="12788" />
    <nd ref="12789" />
    <nd ref="12790" />
    <nd ref="12791" />
    <nd ref="12792" />
    <nd ref="12793" />
    <nd ref="12794" />
    <nd ref="12795" />
    <nd ref="12796" />
    <nd ref="12797" />
    <nd ref="12798" />
    <nd ref="12799" />
    <nd ref="12800" />
    <nd ref="12801" />
    <nd ref="12802" />
    <nd ref="12803" />
    <nd ref="12804" />
    <nd ref="12805" />
    <nd ref="12806" />
    <nd ref="12807" />
    <nd ref="12808" />
    <nd ref="12809" />
    <nd ref="12810" />
    <nd ref="12811" />
    <nd ref="12812" />
    <nd ref="12813" />
    <nd ref="12814" />
    <nd ref="12815" />
    <nd ref="12816" />
    <nd ref="12817" />
    <nd ref="12818" />
    <nd ref="12819" />
    <nd ref="12820" />
    <nd ref="12821" />
    <nd ref="12822" />
    <nd ref="12823" />
    <nd ref="12824" />
    <nd ref="12825" />
    <nd ref="12826" />
    <nd ref="12827" />
    <nd ref="12828" />
    <nd ref="12829" />
    <nd ref="12830" />
    <nd ref="12831" />
    <nd ref="12832" />
    <nd ref="12833" />
    <nd ref="12834" />
    <nd ref="12835" />
    <nd ref="12836" />
    <nd ref="12837" />
    <nd ref="12838" />
    <nd ref="12839" />
    <nd ref="12840" />
    <nd ref="12841" />
    <nd ref="12842" />
    <nd ref="12843" />
    <nd ref="12844" />
    <nd ref="12845" />
    <nd ref="12846" />
    <nd ref="12847" />
    <nd ref="12848" />
    <nd ref="12849" />
    <nd ref="12850" />
    <nd ref="12851" />
    <nd ref="12852" />
    <nd ref="12853" />
    <nd ref="12854" />
    <nd ref="12855" />
    <nd ref="12856" />
    <nd ref="12857" />
    <nd ref="12858" />
    <nd ref="12859" />
    <nd ref="12860" />
    <nd ref="12861" />
    <nd ref="12862" />
    <nd ref="12863" />
    <nd ref="12864" />
    <nd ref="12865" />
    <nd ref="12866" />
    <nd ref="12867" />
    <nd ref="12868" />
    <nd ref="12869" />
    <nd ref="12870" />
    <nd ref="12871" />
    <nd ref="12872" />
    <nd ref="12873" />
    <nd ref="12874" />
    <nd ref="12875" />
    <nd ref="12876" />
    <nd ref="12877" />
    <nd ref="12878" />
    <nd ref="12879" />
    <nd ref="12880" />
    <nd ref="12881" />
    <nd ref="12882" />
    <nd ref="12883" />
    <nd ref="12884" />
    <nd ref="12885" />
    <nd ref="12886" />
    <nd ref="12887" />
    <nd ref="12888" />
    <nd ref="12889" />
    <nd ref="12890" />
    <nd ref="12891" />
    <nd ref="12892" />
    <nd ref="12893" />
    <nd ref="12894" />
    <nd ref="12895" />
    <nd ref="12896" />
    <nd ref="12897" />
    <nd ref="12898" />
    <nd ref="12899" />
    <nd ref="12900" />
    <nd ref="12901" />
    <nd ref="12902" />
    <nd ref="12903" />
    <nd ref="12904" />
    <nd ref="12905" />
    <nd ref="12906" />
    <nd ref="12907" />
    <nd ref="12908" />
    <nd ref="12909" />
    <nd ref="12910" />
    <nd ref="12911" />
    <nd ref="12912" />
    <nd ref="12913" />
    <nd ref="12914" />
    <nd ref="12915" />
    <nd ref="12916" />
    <nd ref="12917" />
    <nd ref="12918" />
    <nd ref="12919" />
    <nd ref="12920" />
    <nd ref="12921" />
    <nd ref="12922" />
    <nd ref="12923" />
    <nd ref="12924" />
    <nd ref="12925" />
    <nd ref="12926" />
    <nd ref="12927" />
    <nd ref="12928" />
    <nd ref="12929" />
    <nd ref="12930" />
    <nd ref="12931" />
    <nd ref="12932" />
    <nd ref="12933" />
    <nd ref="12934" />
    <nd ref="12935" />
    <nd ref="12936" />
    <nd ref="12937" />
    <nd ref="12938" />
    <nd ref="12939" />
    <nd ref="12940" />
    <nd ref="12941" />
    <nd ref="12942" />
    <nd ref="12943" />
    <nd ref="12944" />
    <nd ref="12945" />
    <nd ref="12946" />
    <nd ref="12947" />
    <nd ref="12948" />
    <nd ref="12949" />
    <nd ref="12950" />
    <nd ref="12951" />
    <nd ref="12952" />
    <nd ref="12953" />
    <nd ref="12954" />
    <nd ref="12955" />
    <nd ref="12956" />
    <nd ref="12957" />
    <nd ref="12958" />
    <nd ref="12959" />
    <nd ref="12960" />
    <nd ref="12961" />
    <nd ref="12962" />
    <nd ref="12963" />
    <nd ref="12964" />
    <nd ref="12965" />
    <nd ref="12966" />
    <nd ref="12967" />
    <nd ref="12968" />
    <nd ref="12969" />
    <nd ref="12970" />
    <nd ref="12971" />
    <nd ref="12972" />
    <nd ref="12973" />
    <nd ref="12974" />
    <nd ref="12975" />
    <nd ref="12976" />
    <nd ref="12977" />
    <nd ref="12978" />
    <nd ref="12979" />
    <nd ref="12980" />
    <nd ref="12981" />
    <nd ref="12982" />
    <nd ref="12983" />
    <nd ref="12984" />
    <nd ref="12985" />
    <nd ref="12986" />
    <nd ref="12987" />
    <nd ref="12988" />
    <nd ref="12989" />
    <nd ref="12990" />
    <nd ref="12991" />
    <nd ref="12992" />
    <nd ref="12993" />
    <nd ref="12994" />
    <nd ref="12995" />
    <nd ref="12996" />
    <nd ref="12997" />
    <nd ref="12998" />
    <nd ref="12999" />
    <nd ref="13000" />
    <nd ref="13001" />
    <nd ref="13002" />
    <nd ref="13003" />
    <nd ref="13004" />
    <nd ref="13005" />
    <nd ref="13006" />
    <nd ref="13007" />
    <nd ref="13008" />
    <nd ref="13009" />
    <nd ref="13010" />
    <nd ref="13011" />
    <nd ref="13012" />
    <nd ref="13013" />
    <nd ref="13014" />
    <nd ref="13015" />
    <nd ref="13016" />
    <nd ref="13017" />
    <nd ref="13018" />
    <nd ref="13019" />
    <nd ref="13020" />
    <nd ref="13021" />
    <nd ref="13022" />
    <nd ref="13023" />
    <nd ref="13024" />
    <tag k="type" v="centerline" />
  </way>
  <way id="13879" visible="true" version="1">
    <nd ref="13026" />
    <nd ref="13027" />
    <nd ref="13028" />
    <nd ref="13029" />
    <nd ref="13030" />
    <nd ref="13031" />
    <nd ref="13032" />
    <nd ref="13033" />
    <nd ref="13034" />
    <nd ref="13035" />
    <nd ref="13036" />
    <nd ref="13037" />
    <nd ref="13038" />
    <nd ref="13039" />
    <nd ref="13040" />
    <nd ref="13041" />
    <nd ref="13042" />
    <nd ref="13043" />
    <nd ref="13044" />
    <nd ref="13045" />
    <nd ref="13046" />
    <nd ref="13047" />
    <nd ref="13048" />
    <nd ref="13049" />
    <nd ref="13050" />
    <nd ref="13051" />
    <nd ref="13052" />
    <nd ref="13053" />
    <nd ref="13054" />
    <nd ref="13055" />
    <nd ref="13056" />
    <nd ref="13057" />
    <nd ref="13058" />
    <nd ref="13059" />
    <nd ref="13060" />
    <nd ref="13061" />
    <nd ref="13062" />
    <nd ref="13063" />
    <nd ref="13064" />
    <nd ref="13065" />
    <nd ref="13066" />
    <nd ref="13067" />
    <nd ref="13068" />
    <nd ref="13069" />
    <nd ref="13070" />
    <nd ref="13071" />
    <nd ref="13072" />
    <nd ref="13073" />
    <nd ref="13074" />
    <nd ref="13075" />
    <nd ref="13076" />
    <nd ref="13077" />
    <nd ref="13078" />
    <nd ref="13079" />
    <nd ref="13080" />
    <nd ref="13081" />
    <nd ref="13082" />
    <nd ref="13083" />
    <nd ref="13084" />
    <nd ref="13085" />
    <nd ref="13086" />
    <nd ref="13087" />
    <nd ref="13088" />
    <nd ref="13089" />
    <nd ref="13090" />
    <nd ref="13091" />
    <nd ref="13092" />
    <nd ref="13093" />
    <nd ref="13094" />
    <nd ref="13095" />
    <nd ref="13096" />
    <nd ref="13097" />
    <nd ref="13098" />
    <nd ref="13099" />
    <nd ref="13100" />
    <nd ref="13101" />
    <nd ref="13102" />
    <nd ref="13103" />
    <nd ref="13104" />
    <nd ref="13105" />
    <nd ref="13106" />
    <nd ref="13107" />
    <nd ref="13108" />
    <nd ref="13109" />
    <nd ref="13110" />
    <nd ref="13111" />
    <nd ref="13112" />
    <nd ref="13113" />
    <nd ref="13114" />
    <nd ref="13115" />
    <nd ref="13116" />
    <nd ref="13117" />
    <nd ref="13118" />
    <nd ref="13119" />
    <nd ref="13120" />
    <nd ref="13121" />
    <nd ref="13122" />
    <nd ref="13123" />
    <nd ref="13124" />
    <nd ref="13125" />
    <nd ref="13126" />
    <nd ref="13127" />
    <nd ref="13128" />
    <nd ref="13129" />
    <nd ref="13130" />
    <nd ref="13131" />
    <nd ref="13132" />
    <nd ref="13133" />
    <nd ref="13134" />
    <nd ref="13135" />
    <nd ref="13136" />
    <nd ref="13137" />
    <nd ref="13138" />
    <nd ref="13139" />
    <nd ref="13140" />
    <nd ref="13141" />
    <nd ref="13142" />
    <nd ref="13143" />
    <nd ref="13144" />
    <nd ref="13145" />
    <nd ref="13146" />
    <nd ref="13147" />
    <nd ref="13148" />
    <nd ref="13149" />
    <nd ref="13150" />
    <nd ref="13151" />
    <nd ref="13152" />
    <nd ref="13153" />
    <nd ref="13154" />
    <nd ref="13155" />
    <nd ref="13156" />
    <nd ref="13157" />
    <nd ref="13158" />
    <nd ref="13159" />
    <nd ref="13160" />
    <nd ref="13161" />
    <nd ref="13162" />
    <nd ref="13163" />
    <nd ref="13164" />
    <nd ref="13165" />
    <nd ref="13166" />
    <nd ref="13167" />
    <nd ref="13168" />
    <nd ref="13169" />
    <nd ref="13170" />
    <nd ref="13171" />
    <nd ref="13172" />
    <nd ref="13173" />
    <nd ref="13174" />
    <nd ref="13175" />
    <nd ref="13176" />
    <nd ref="13177" />
    <nd ref="13178" />
    <nd ref="13179" />
    <nd ref="13180" />
    <nd ref="13181" />
    <nd ref="13182" />
    <nd ref="13183" />
    <nd ref="13184" />
    <nd ref="13185" />
    <nd ref="13186" />
    <nd ref="13187" />
    <nd ref="13188" />
    <nd ref="13189" />
    <nd ref="13190" />
    <nd ref="13191" />
    <nd ref="13192" />
    <nd ref="13193" />
    <nd ref="13194" />
    <nd ref="13195" />
    <nd ref="13196" />
    <nd ref="13197" />
    <nd ref="13198" />
    <nd ref="13199" />
    <nd ref="13200" />
    <nd ref="13201" />
    <nd ref="13202" />
    <nd ref="13203" />
    <nd ref="13204" />
    <nd ref="13205" />
    <nd ref="13206" />
    <nd ref="13207" />
    <nd ref="13208" />
    <nd ref="13209" />
    <nd ref="13210" />
    <nd ref="13211" />
    <nd ref="13212" />
    <nd ref="13213" />
    <nd ref="13214" />
    <nd ref="13215" />
    <nd ref="13216" />
    <nd ref="13217" />
    <nd ref="13218" />
    <nd ref="13219" />
    <nd ref="13220" />
    <nd ref="13221" />
    <nd ref="13222" />
    <nd ref="13223" />
    <nd ref="13224" />
    <nd ref="13225" />
    <nd ref="13226" />
    <nd ref="13227" />
    <nd ref="13228" />
    <nd ref="13229" />
    <nd ref="13230" />
    <nd ref="13231" />
    <nd ref="13232" />
    <nd ref="13233" />
    <nd ref="13234" />
    <nd ref="13235" />
    <nd ref="13236" />
    <nd ref="13237" />
    <nd ref="13238" />
    <nd ref="13239" />
    <nd ref="13240" />
    <nd ref="13241" />
    <nd ref="13242" />
    <nd ref="13243" />
    <nd ref="13244" />
    <nd ref="13245" />
    <nd ref="13246" />
    <nd ref="13247" />
    <nd ref="13248" />
    <nd ref="13249" />
    <nd ref="13250" />
    <nd ref="13251" />
    <nd ref="13252" />
    <nd ref="13253" />
    <nd ref="13254" />
    <nd ref="13255" />
    <nd ref="13256" />
    <nd ref="13257" />
    <nd ref="13258" />
    <nd ref="13259" />
    <nd ref="13260" />
    <nd ref="13261" />
    <nd ref="13262" />
    <nd ref="13263" />
    <nd ref="13264" />
    <nd ref="13265" />
    <nd ref="13266" />
    <nd ref="13267" />
    <nd ref="13268" />
    <nd ref="13269" />
    <nd ref="13270" />
    <nd ref="13271" />
    <nd ref="13272" />
    <nd ref="13273" />
    <nd ref="13274" />
    <nd ref="13275" />
    <nd ref="13276" />
    <nd ref="13277" />
    <nd ref="13278" />
    <nd ref="13279" />
    <nd ref="13280" />
    <nd ref="13281" />
    <nd ref="13282" />
    <nd ref="13283" />
    <nd ref="13284" />
    <nd ref="13285" />
    <nd ref="13286" />
    <nd ref="13287" />
    <nd ref="13288" />
    <nd ref="13289" />
    <nd ref="13290" />
    <nd ref="13291" />
    <nd ref="13292" />
    <nd ref="13293" />
    <nd ref="13294" />
    <nd ref="13295" />
    <nd ref="13296" />
    <nd ref="13297" />
    <nd ref="13298" />
    <nd ref="13299" />
    <nd ref="13300" />
    <nd ref="13301" />
    <nd ref="13302" />
    <nd ref="13303" />
    <nd ref="13304" />
    <nd ref="13305" />
    <nd ref="13306" />
    <nd ref="13307" />
    <nd ref="13308" />
    <nd ref="13309" />
    <nd ref="13310" />
    <nd ref="13311" />
    <nd ref="13312" />
    <nd ref="13313" />
    <nd ref="13314" />
    <nd ref="13315" />
    <nd ref="13316" />
    <nd ref="13317" />
    <nd ref="13318" />
    <nd ref="13319" />
    <nd ref="13320" />
    <nd ref="13321" />
    <nd ref="13322" />
    <nd ref="13323" />
    <nd ref="13324" />
    <nd ref="13325" />
    <nd ref="13326" />
    <nd ref="13327" />
    <nd ref="13328" />
    <nd ref="13329" />
    <nd ref="13330" />
    <nd ref="13331" />
    <nd ref="13332" />
    <nd ref="13333" />
    <nd ref="13334" />
    <nd ref="13335" />
    <nd ref="13336" />
    <nd ref="13337" />
    <nd ref="13338" />
    <nd ref="13339" />
    <nd ref="13340" />
    <nd ref="13341" />
    <nd ref="13342" />
    <nd ref="13343" />
    <nd ref="13344" />
    <nd ref="13345" />
    <nd ref="13346" />
    <nd ref="13347" />
    <nd ref="13348" />
    <nd ref="13349" />
    <nd ref="13350" />
    <nd ref="13351" />
    <nd ref="13352" />
    <nd ref="13353" />
    <nd ref="13354" />
    <nd ref="13355" />
    <nd ref="13356" />
    <nd ref="13357" />
    <nd ref="13358" />
    <nd ref="13359" />
    <nd ref="13360" />
    <nd ref="13361" />
    <nd ref="13362" />
    <nd ref="13363" />
    <nd ref="13364" />
    <nd ref="13365" />
    <nd ref="13366" />
    <nd ref="13367" />
    <nd ref="13368" />
    <nd ref="13369" />
    <nd ref="13370" />
    <nd ref="13371" />
    <nd ref="13372" />
    <nd ref="13373" />
    <nd ref="13374" />
    <nd ref="13375" />
    <nd ref="13376" />
    <nd ref="13377" />
    <nd ref="13378" />
    <nd ref="13379" />
    <nd ref="13380" />
    <nd ref="13381" />
    <nd ref="13382" />
    <nd ref="13383" />
    <nd ref="13384" />
    <nd ref="13385" />
    <nd ref="13386" />
    <nd ref="13387" />
    <nd ref="13388" />
    <nd ref="13389" />
    <nd ref="13390" />
    <nd ref="13391" />
    <nd ref="13392" />
    <nd ref="13393" />
    <nd ref="13394" />
    <nd ref="13395" />
    <nd ref="13396" />
    <nd ref="13397" />
    <nd ref="13398" />
    <nd ref="13399" />
    <nd ref="13400" />
    <nd ref="13401" />
    <nd ref="13402" />
    <nd ref="13403" />
    <nd ref="13404" />
    <nd ref="13405" />
    <nd ref="13406" />
    <nd ref="13407" />
    <nd ref="13408" />
    <nd ref="13409" />
    <nd ref="13410" />
    <nd ref="13411" />
    <nd ref="13412" />
    <nd ref="13413" />
    <nd ref="13414" />
    <nd ref="13415" />
    <nd ref="13416" />
    <nd ref="13417" />
    <nd ref="13418" />
    <nd ref="13419" />
    <nd ref="13420" />
    <nd ref="13421" />
    <nd ref="13422" />
    <nd ref="13423" />
    <nd ref="13424" />
    <nd ref="13425" />
    <nd ref="13426" />
    <nd ref="13427" />
    <nd ref="13428" />
    <nd ref="13429" />
    <nd ref="13430" />
    <nd ref="13431" />
    <nd ref="13432" />
    <nd ref="13433" />
    <nd ref="13434" />
    <nd ref="13435" />
    <nd ref="13436" />
    <nd ref="13437" />
    <nd ref="13438" />
    <nd ref="13439" />
    <nd ref="13440" />
    <nd ref="13441" />
    <nd ref="13442" />
    <nd ref="13443" />
    <nd ref="13444" />
    <nd ref="13445" />
    <nd ref="13446" />
    <nd ref="13447" />
    <nd ref="13448" />
    <nd ref="13449" />
    <nd ref="13450" />
    <nd ref="13451" />
    <nd ref="13452" />
    <nd ref="13453" />
    <nd ref="13454" />
    <nd ref="13455" />
    <nd ref="13456" />
    <nd ref="13457" />
    <nd ref="13458" />
    <nd ref="13459" />
    <nd ref="13460" />
    <nd ref="13461" />
    <nd ref="13462" />
    <nd ref="13463" />
    <nd ref="13464" />
    <nd ref="13465" />
    <nd ref="13466" />
    <nd ref="13467" />
    <nd ref="13468" />
    <nd ref="13469" />
    <nd ref="13470" />
    <nd ref="13471" />
    <nd ref="13472" />
    <nd ref="13473" />
    <nd ref="13474" />
    <nd ref="13475" />
    <nd ref="13476" />
    <nd ref="13477" />
    <nd ref="13478" />
    <nd ref="13479" />
    <nd ref="13480" />
    <nd ref="13481" />
    <nd ref="13482" />
    <nd ref="13483" />
    <nd ref="13484" />
    <nd ref="13485" />
    <nd ref="13486" />
    <nd ref="13487" />
    <nd ref="13488" />
    <nd ref="13489" />
    <nd ref="13490" />
    <nd ref="13491" />
    <nd ref="13492" />
    <nd ref="13493" />
    <nd ref="13494" />
    <nd ref="13495" />
    <nd ref="13496" />
    <nd ref="13497" />
    <nd ref="13498" />
    <nd ref="13499" />
    <nd ref="13500" />
    <nd ref="13501" />
    <nd ref="13502" />
    <nd ref="13503" />
    <nd ref="13504" />
    <nd ref="13505" />
    <nd ref="13506" />
    <nd ref="13507" />
    <nd ref="13508" />
    <nd ref="13509" />
    <nd ref="13510" />
    <nd ref="13511" />
    <nd ref="13512" />
    <nd ref="13513" />
    <nd ref="13514" />
    <nd ref="13515" />
    <nd ref="13516" />
    <nd ref="13517" />
    <nd ref="13518" />
    <nd ref="13519" />
    <nd ref="13520" />
    <nd ref="13521" />
    <nd ref="13522" />
    <nd ref="13523" />
    <nd ref="13524" />
    <nd ref="13525" />
    <nd ref="13526" />
    <nd ref="13527" />
    <nd ref="13528" />
    <nd ref="13529" />
    <nd ref="13530" />
    <nd ref="13531" />
    <nd ref="13532" />
    <nd ref="13533" />
    <nd ref="13534" />
    <nd ref="13535" />
    <nd ref="13536" />
    <nd ref="13537" />
    <nd ref="13538" />
    <nd ref="13539" />
    <nd ref="13540" />
    <nd ref="13541" />
    <nd ref="13542" />
    <nd ref="13543" />
    <nd ref="13544" />
    <nd ref="13545" />
    <nd ref="13546" />
    <nd ref="13547" />
    <nd ref="13548" />
    <nd ref="13549" />
    <nd ref="13550" />
    <nd ref="13551" />
    <nd ref="13552" />
    <nd ref="13553" />
    <nd ref="13554" />
    <nd ref="13555" />
    <nd ref="13556" />
    <nd ref="13557" />
    <nd ref="13558" />
    <nd ref="13559" />
    <nd ref="13560" />
    <nd ref="13561" />
    <nd ref="13562" />
    <nd ref="13563" />
    <nd ref="13564" />
    <nd ref="13565" />
    <nd ref="13566" />
    <nd ref="13567" />
    <nd ref="13568" />
    <nd ref="13569" />
    <nd ref="13570" />
    <nd ref="13571" />
    <nd ref="13572" />
    <nd ref="13573" />
    <nd ref="13574" />
    <nd ref="13575" />
    <nd ref="13576" />
    <nd ref="13577" />
    <nd ref="13578" />
    <nd ref="13579" />
    <nd ref="13580" />
    <nd ref="13581" />
    <nd ref="13582" />
    <nd ref="13583" />
    <nd ref="13584" />
    <nd ref="13585" />
    <nd ref="13586" />
    <nd ref="13587" />
    <nd ref="13588" />
    <nd ref="13589" />
    <nd ref="13590" />
    <nd ref="13591" />
    <nd ref="13592" />
    <nd ref="13593" />
    <nd ref="13594" />
    <nd ref="13595" />
    <nd ref="13596" />
    <nd ref="13597" />
    <nd ref="13598" />
    <nd ref="13599" />
    <nd ref="13600" />
    <nd ref="13601" />
    <nd ref="13602" />
    <nd ref="13603" />
    <nd ref="13604" />
    <nd ref="13605" />
    <nd ref="13606" />
    <nd ref="13607" />
    <nd ref="13608" />
    <nd ref="13609" />
    <nd ref="13610" />
    <nd ref="13611" />
    <nd ref="13612" />
    <nd ref="13613" />
    <nd ref="13614" />
    <nd ref="13615" />
    <nd ref="13616" />
    <nd ref="13617" />
    <nd ref="13618" />
    <nd ref="13619" />
    <nd ref="13620" />
    <nd ref="13621" />
    <nd ref="13622" />
    <nd ref="13623" />
    <nd ref="13624" />
    <nd ref="13625" />
    <nd ref="13626" />
    <nd ref="13627" />
    <nd ref="13628" />
    <nd ref="13629" />
    <nd ref="13630" />
    <nd ref="13631" />
    <nd ref="13632" />
    <nd ref="13633" />
    <nd ref="13634" />
    <nd ref="13635" />
    <nd ref="13636" />
    <nd ref="13637" />
    <nd ref="13638" />
    <nd ref="13639" />
    <nd ref="13640" />
    <nd ref="13641" />
    <nd ref="13642" />
    <nd ref="13643" />
    <nd ref="13644" />
    <nd ref="13645" />
    <nd ref="13646" />
    <nd ref="13647" />
    <nd ref="13648" />
    <nd ref="13649" />
    <nd ref="13650" />
    <nd ref="13651" />
    <nd ref="13652" />
    <nd ref="13653" />
    <nd ref="13654" />
    <nd ref="13655" />
    <nd ref="13656" />
    <nd ref="13657" />
    <nd ref="13658" />
    <nd ref="13659" />
    <nd ref="13660" />
    <nd ref="13661" />
    <nd ref="13662" />
    <nd ref="13663" />
    <nd ref="13664" />
    <nd ref="13665" />
    <nd ref="13666" />
    <nd ref="13667" />
    <nd ref="13668" />
    <nd ref="13669" />
    <nd ref="13670" />
    <nd ref="13671" />
    <nd ref="13672" />
    <nd ref="13673" />
    <nd ref="13674" />
    <nd ref="13675" />
    <nd ref="13676" />
    <nd ref="13677" />
    <nd ref="13678" />
    <nd ref="13679" />
    <nd ref="13680" />
    <nd ref="13681" />
    <nd ref="13682" />
    <nd ref="13683" />
    <nd ref="13684" />
    <nd ref="13685" />
    <nd ref="13686" />
    <nd ref="13687" />
    <nd ref="13688" />
    <nd ref="13689" />
    <nd ref="13690" />
    <nd ref="13691" />
    <nd ref="13692" />
    <nd ref="13693" />
    <nd ref="13694" />
    <nd ref="13695" />
    <nd ref="13696" />
    <nd ref="13697" />
    <nd ref="13698" />
    <nd ref="13699" />
    <nd ref="13700" />
    <nd ref="13701" />
    <nd ref="13702" />
    <nd ref="13703" />
    <nd ref="13704" />
    <nd ref="13705" />
    <nd ref="13706" />
    <nd ref="13707" />
    <nd ref="13708" />
    <nd ref="13709" />
    <nd ref="13710" />
    <nd ref="13711" />
    <nd ref="13712" />
    <nd ref="13713" />
    <nd ref="13714" />
    <nd ref="13715" />
    <nd ref="13716" />
    <nd ref="13717" />
    <nd ref="13718" />
    <nd ref="13719" />
    <nd ref="13720" />
    <nd ref="13721" />
    <nd ref="13722" />
    <nd ref="13723" />
    <nd ref="13724" />
    <nd ref="13725" />
    <nd ref="13726" />
    <nd ref="13727" />
    <nd ref="13728" />
    <nd ref="13729" />
    <nd ref="13730" />
    <nd ref="13731" />
    <nd ref="13732" />
    <nd ref="13733" />
    <nd ref="13734" />
    <nd ref="13735" />
    <nd ref="13736" />
    <nd ref="13737" />
    <nd ref="13738" />
    <nd ref="13739" />
    <nd ref="13740" />
    <nd ref="13741" />
    <nd ref="13742" />
    <nd ref="13743" />
    <nd ref="13744" />
    <nd ref="13745" />
    <nd ref="13746" />
    <nd ref="13747" />
    <nd ref="13748" />
    <nd ref="13749" />
    <nd ref="13750" />
    <nd ref="13751" />
    <nd ref="13752" />
    <nd ref="13753" />
    <nd ref="13754" />
    <nd ref="13755" />
    <nd ref="13756" />
    <nd ref="13757" />
    <nd ref="13758" />
    <nd ref="13759" />
    <nd ref="13760" />
    <nd ref="13761" />
    <nd ref="13762" />
    <nd ref="13763" />
    <nd ref="13764" />
    <nd ref="13765" />
    <nd ref="13766" />
    <nd ref="13767" />
    <nd ref="13768" />
    <nd ref="13769" />
    <nd ref="13770" />
    <nd ref="13771" />
    <nd ref="13772" />
    <nd ref="13773" />
    <nd ref="13774" />
    <nd ref="13775" />
    <nd ref="13776" />
    <nd ref="13777" />
    <nd ref="13778" />
    <nd ref="13779" />
    <nd ref="13780" />
    <nd ref="13781" />
    <nd ref="13782" />
    <nd ref="13783" />
    <nd ref="13784" />
    <nd ref="13785" />
    <nd ref="13786" />
    <nd ref="13787" />
    <nd ref="13788" />
    <nd ref="13789" />
    <nd ref="13790" />
    <nd ref="13791" />
    <nd ref="13792" />
    <nd ref="13793" />
    <nd ref="13794" />
    <nd ref="13795" />
    <nd ref="13796" />
    <nd ref="13797" />
    <nd ref="13798" />
    <nd ref="13799" />
    <nd ref="13800" />
    <nd ref="13801" />
    <nd ref="13802" />
    <nd ref="13803" />
    <nd ref="13804" />
    <nd ref="13805" />
    <nd ref="13806" />
    <nd ref="13807" />
    <nd ref="13808" />
    <nd ref="13809" />
    <nd ref="13810" />
    <nd ref="13811" />
    <nd ref="13812" />
    <nd ref="13813" />
    <nd ref="13814" />
    <nd ref="13815" />
    <nd ref="13816" />
    <nd ref="13817" />
    <nd ref="13818" />
    <nd ref="13819" />
    <nd ref="13820" />
    <nd ref="13821" />
    <nd ref="13822" />
    <nd ref="13823" />
    <nd ref="13824" />
    <nd ref="13825" />
    <nd ref="13826" />
    <nd ref="13827" />
    <nd ref="13828" />
    <nd ref="13829" />
    <nd ref="13830" />
    <nd ref="13831" />
    <nd ref="13832" />
    <nd ref="13833" />
    <nd ref="13834" />
    <nd ref="13835" />
    <nd ref="13836" />
    <nd ref="13837" />
    <nd ref="13838" />
    <nd ref="13839" />
    <nd ref="13840" />
    <nd ref="13841" />
    <nd ref="13842" />
    <nd ref="13843" />
    <nd ref="13844" />
    <nd ref="13845" />
    <nd ref="13846" />
    <nd ref="13847" />
    <nd ref="13848" />
    <nd ref="13849" />
    <nd ref="13850" />
    <nd ref="13851" />
    <nd ref="13852" />
    <nd ref="13853" />
    <nd ref="13854" />
    <nd ref="13855" />
    <nd ref="13856" />
    <nd ref="13857" />
    <nd ref="13858" />
    <nd ref="13859" />
    <nd ref="13860" />
    <nd ref="13861" />
    <nd ref="13862" />
    <nd ref="13863" />
    <nd ref="13864" />
    <nd ref="13865" />
    <nd ref="13866" />
    <nd ref="13867" />
    <nd ref="13868" />
    <nd ref="13869" />
    <nd ref="13870" />
    <nd ref="13871" />
    <nd ref="13872" />
    <nd ref="13873" />
    <nd ref="13874" />
    <nd ref="13875" />
    <nd ref="13876" />
    <nd ref="13877" />
    <nd ref="13878" />
    <tag k="subtype" v="solid" />
    <tag k="type" v="line_thin" />
  </way>
  <relation id="1000" visible="true" version="1">
    <member type="way" ref="12171" role="left" />
    <member type="way" ref="10463" role="right" />
    <member type="way" ref="11317" role="centerline" />
    <tag k="location" v="nonurban" />
    <tag k="one_way" v="yes" />
    <tag k="region" v="de" />
    <tag k="speed_limit" v="18.0" />
    <tag k="subtype" v="highway" />
    <tag k="type" v="lanelet" />
  </relation>
  <relation id="1001" visible="true" version="1">
    <member type="way" ref="13879" role="left" />
    <member type="way" ref="12171" role="right" />
    <member type="way" ref="13025" role="centerline" />
    <tag k="location" v="nonurban" />
    <tag k="one_way" v="yes" />
    <tag k="region" v="de" />
    <tag k="speed_limit" v="18.0" />
    <tag k="subtype" v="highway" />
    <tag k="type" v="lanelet" />
  </relation>
</osm>
